AAPL_10_day_MA_20240510.csv,30,0.1,0.1,50,0.001
10-day MA prediction after 5 days:,172.18845,,,,
Standard Deviation:,0,,,,
,,,,,
AAPL_10_day_MA_20240510.csv,30,0.1,0.1,50,0.01
10-day MA prediction after 5 days:,176.24736,,,,
Standard Deviation:,0,,,,
,,,,,
AAPL_10_day_MA_20240510.csv,30,0.1,0.1,50,0.1
10-day MA prediction after 5 days:,181.51329,,,,
Standard Deviation:,0,,,,
,,,,,
AAPL_10_day_MA_20240510.csv,30,0.1,0.1,100,0.001
10-day MA prediction after 5 days:,172.09824,,,,
Standard Deviation:,0,,,,
,,,,,
AAPL_10_day_MA_20240510.csv,30,0.1,0.1,100,0.01
10-day MA prediction after 5 days:,170.9592,,,,
Standard Deviation:,0,,,,
,,,,,
AAPL_10_day_MA_20240510.csv,30,0.1,0.1,100,0.1
10-day MA prediction after 5 days:,181.3656,,,,
Standard Deviation:,0,,,,
,,,,,
AAPL_10_day_MA_20240510.csv,30,0.1,0.1,150,0.001
10-day MA prediction after 5 days:,171.97887,,,,
Standard Deviation:,0,,,,
,,,,,
AAPL_10_day_MA_20240510.csv,30,0.1,0.1,150,0.01
10-day MA prediction after 5 days:,171.94943,,,,
Standard Deviation:,0,,,,
,,,,,
AAPL_10_day_MA_20240510.csv,30,0.1,0.1,150,0.1
10-day MA prediction after 5 days:,181.18846,,,,
Standard Deviation:,0,,,,
,,,,,
AAPL_10_day_MA_20240510.csv,30,0.1,0.1,200,0.001
10-day MA prediction after 5 days:,171.41412,,,,
Standard Deviation:,0,,,,
,,,,,
AAPL_10_day_MA_20240510.csv,30,0.1,0.1,200,0.01
10-day MA prediction after 5 days:,181.58162,,,,
Standard Deviation:,0,,,,
,,,,,
AAPL_10_day_MA_20240510.csv,30,0.1,0.1,200,0.1
10-day MA prediction after 5 days:,181.89357,,,,
Standard Deviation:,0,,,,
,,,,,
AAPL_10_day_MA_20240510.csv,30,0.1,0.2,50,0.001
10-day MA prediction after 5 days:,172.28549,,,,
Standard Deviation:,0,,,,
,,,,,
AAPL_10_day_MA_20240510.csv,30,0.1,0.2,50,0.01
10-day MA prediction after 5 days:,176.37856,,,,
Standard Deviation:,0,,,,
,,,,,
AAPL_10_day_MA_20240510.csv,30,0.1,0.2,50,0.1
10-day MA prediction after 5 days:,181.31526,,,,
Standard Deviation:,0,,,,
,,,,,
AAPL_10_day_MA_20240510.csv,30,0.1,0.2,100,0.001
10-day MA prediction after 5 days:,171.98448,,,,
Standard Deviation:,0,,,,
,,,,,
AAPL_10_day_MA_20240510.csv,30,0.1,0.2,100,0.01
10-day MA prediction after 5 days:,174.3082,,,,
Standard Deviation:,0,,,,
,,,,,
AAPL_10_day_MA_20240510.csv,30,0.1,0.2,100,0.1
10-day MA prediction after 5 days:,181.47958,,,,
Standard Deviation:,0,,,,
,,,,,
AAPL_10_day_MA_20240510.csv,30,0.1,0.2,150,0.001
10-day MA prediction after 5 days:,171.9303,,,,
Standard Deviation:,0,,,,
,,,,,
AAPL_10_day_MA_20240510.csv,30,0.1,0.2,150,0.01
10-day MA prediction after 5 days:,172.55377,,,,
Standard Deviation:,0,,,,
,,,,,
AAPL_10_day_MA_20240510.csv,30,0.1,0.2,150,0.1
10-day MA prediction after 5 days:,181.41032,,,,
Standard Deviation:,0,,,,
,,,,,
AAPL_10_day_MA_20240510.csv,30,0.1,0.2,200,0.001
10-day MA prediction after 5 days:,171.72403,,,,
Standard Deviation:,0,,,,
,,,,,
AAPL_10_day_MA_20240510.csv,30,0.1,0.2,200,0.01
10-day MA prediction after 5 days:,172.50803,,,,
Standard Deviation:,0,,,,
,,,,,
AAPL_10_day_MA_20240510.csv,30,0.1,0.2,200,0.1
10-day MA prediction after 5 days:,181.84319,,,,
Standard Deviation:,0,,,,
,,,,,
AAPL_10_day_MA_20240510.csv,30,0.1,0.3,50,0.001
10-day MA prediction after 5 days:,172.25467,,,,
Standard Deviation:,0,,,,
,,,,,
AAPL_10_day_MA_20240510.csv,30,0.1,0.3,50,0.01
10-day MA prediction after 5 days:,170.97845,,,,
Standard Deviation:,0,,,,
,,,,,
AAPL_10_day_MA_20240510.csv,30,0.1,0.3,50,0.1
10-day MA prediction after 5 days:,176.32674,,,,
Standard Deviation:,0,,,,
,,,,,
AAPL_10_day_MA_20240510.csv,30,0.1,0.3,100,0.001
10-day MA prediction after 5 days:,172.06569,,,,
Standard Deviation:,0,,,,
,,,,,
AAPL_10_day_MA_20240510.csv,30,0.1,0.3,100,0.01
10-day MA prediction after 5 days:,171.24818,,,,
Standard Deviation:,0,,,,
,,,,,
AAPL_10_day_MA_20240510.csv,30,0.1,0.3,100,0.1
10-day MA prediction after 5 days:,181.21677,,,,
Standard Deviation:,0,,,,
,,,,,
AAPL_10_day_MA_20240510.csv,30,0.1,0.3,150,0.001
10-day MA prediction after 5 days:,171.92854,,,,
Standard Deviation:,0,,,,
,,,,,
AAPL_10_day_MA_20240510.csv,30,0.1,0.3,150,0.01
10-day MA prediction after 5 days:,174.76752,,,,
Standard Deviation:,0,,,,
,,,,,
AAPL_10_day_MA_20240510.csv,30,0.1,0.3,150,0.1
10-day MA prediction after 5 days:,182.88681,,,,
Standard Deviation:,0,,,,
,,,,,
AAPL_10_day_MA_20240510.csv,30,0.1,0.3,200,0.001
10-day MA prediction after 5 days:,171.6957,,,,
Standard Deviation:,0,,,,
,,,,,
AAPL_10_day_MA_20240510.csv,30,0.1,0.3,200,0.01
10-day MA prediction after 5 days:,171.58188,,,,
Standard Deviation:,0,,,,
,,,,,
AAPL_10_day_MA_20240510.csv,30,0.1,0.3,200,0.1
10-day MA prediction after 5 days:,181.44989,,,,
Standard Deviation:,0,,,,
,,,,,
AAPL_10_day_MA_20240510.csv,30,0.1,0.5,50,0.001
10-day MA prediction after 5 days:,172.08456,,,,
Standard Deviation:,0,,,,
,,,,,
AAPL_10_day_MA_20240510.csv,30,0.1,0.5,50,0.01
10-day MA prediction after 5 days:,170.8074,,,,
Standard Deviation:,0,,,,
,,,,,
AAPL_10_day_MA_20240510.csv,30,0.1,0.5,50,0.1
10-day MA prediction after 5 days:,176.92065,,,,
Standard Deviation:,0,,,,
,,,,,
AAPL_10_day_MA_20240510.csv,30,0.1,0.5,100,0.001
10-day MA prediction after 5 days:,172.15273,,,,
Standard Deviation:,0,,,,
,,,,,
AAPL_10_day_MA_20240510.csv,30,0.1,0.5,100,0.01
10-day MA prediction after 5 days:,170.99147,,,,
Standard Deviation:,0,,,,
,,,,,
AAPL_10_day_MA_20240510.csv,30,0.1,0.5,100,0.1
10-day MA prediction after 5 days:,180.94743,,,,
Standard Deviation:,0,,,,
,,,,,
AAPL_10_day_MA_20240510.csv,30,0.1,0.5,150,0.001
10-day MA prediction after 5 days:,171.80074,,,,
Standard Deviation:,0,,,,
,,,,,
AAPL_10_day_MA_20240510.csv,30,0.1,0.5,150,0.01
10-day MA prediction after 5 days:,171.54306,,,,
Standard Deviation:,0,,,,
,,,,,
AAPL_10_day_MA_20240510.csv,30,0.1,0.5,150,0.1
10-day MA prediction after 5 days:,181.46217,,,,
Standard Deviation:,0,,,,
,,,,,
AAPL_10_day_MA_20240510.csv,30,0.1,0.5,200,0.001
10-day MA prediction after 5 days:,171.83742,,,,
Standard Deviation:,0,,,,
,,,,,
AAPL_10_day_MA_20240510.csv,30,0.1,0.5,200,0.01
10-day MA prediction after 5 days:,181.42322,,,,
Standard Deviation:,0,,,,
,,,,,
AAPL_10_day_MA_20240510.csv,30,0.1,0.5,200,0.1
10-day MA prediction after 5 days:,181.414,,,,
Standard Deviation:,0,,,,
,,,,,
AAPL_10_day_MA_20240510.csv,30,0.2,0.1,50,0.001
10-day MA prediction after 5 days:,172.16885,,,,
Standard Deviation:,0,,,,
,,,,,
AAPL_10_day_MA_20240510.csv,30,0.2,0.1,50,0.01
10-day MA prediction after 5 days:,177.33647,,,,
Standard Deviation:,0,,,,
,,,,,
AAPL_10_day_MA_20240510.csv,30,0.2,0.1,50,0.1
10-day MA prediction after 5 days:,172.95569,,,,
Standard Deviation:,0,,,,
,,,,,
AAPL_10_day_MA_20240510.csv,30,0.2,0.1,100,0.001
10-day MA prediction after 5 days:,171.8343,,,,
Standard Deviation:,0,,,,
,,,,,
AAPL_10_day_MA_20240510.csv,30,0.2,0.1,100,0.01
10-day MA prediction after 5 days:,173.01152,,,,
Standard Deviation:,0,,,,
,,,,,
AAPL_10_day_MA_20240510.csv,30,0.2,0.1,100,0.1
10-day MA prediction after 5 days:,181.88445,,,,
Standard Deviation:,0,,,,
,,,,,
AAPL_10_day_MA_20240510.csv,30,0.2,0.1,150,0.001
10-day MA prediction after 5 days:,171.83401,,,,
Standard Deviation:,0,,,,
,,,,,
AAPL_10_day_MA_20240510.csv,30,0.2,0.1,150,0.01
10-day MA prediction after 5 days:,170.61803,,,,
Standard Deviation:,0,,,,
,,,,,
AAPL_10_day_MA_20240510.csv,30,0.2,0.1,150,0.1
10-day MA prediction after 5 days:,181.66647,,,,
Standard Deviation:,0,,,,
,,,,,
AAPL_10_day_MA_20240510.csv,30,0.2,0.1,200,0.001
10-day MA prediction after 5 days:,171.58719,,,,
Standard Deviation:,0,,,,
,,,,,
AAPL_10_day_MA_20240510.csv,30,0.2,0.1,200,0.01
10-day MA prediction after 5 days:,171.66144,,,,
Standard Deviation:,0,,,,
,,,,,
AAPL_10_day_MA_20240510.csv,30,0.2,0.1,200,0.1
10-day MA prediction after 5 days:,182.0898,,,,
Standard Deviation:,0,,,,
,,,,,
AAPL_10_day_MA_20240510.csv,30,0.2,0.2,50,0.001
10-day MA prediction after 5 days:,171.96416,,,,
Standard Deviation:,0,,,,
,,,,,
AAPL_10_day_MA_20240510.csv,30,0.2,0.2,50,0.01
10-day MA prediction after 5 days:,171.24995,,,,
Standard Deviation:,0,,,,
,,,,,
AAPL_10_day_MA_20240510.csv,30,0.2,0.2,50,0.1
10-day MA prediction after 5 days:,181.4066,,,,
Standard Deviation:,0,,,,
,,,,,
AAPL_10_day_MA_20240510.csv,30,0.2,0.2,100,0.001
10-day MA prediction after 5 days:,171.96309,,,,
Standard Deviation:,0,,,,
,,,,,
AAPL_10_day_MA_20240510.csv,30,0.2,0.2,100,0.01
10-day MA prediction after 5 days:,170.9845,,,,
Standard Deviation:,0,,,,
,,,,,
AAPL_10_day_MA_20240510.csv,30,0.2,0.2,100,0.1
10-day MA prediction after 5 days:,181.19606,,,,
Standard Deviation:,0,,,,
,,,,,
AAPL_10_day_MA_20240510.csv,30,0.2,0.2,150,0.001
10-day MA prediction after 5 days:,171.79846,,,,
Standard Deviation:,0,,,,
,,,,,
AAPL_10_day_MA_20240510.csv,30,0.2,0.2,150,0.01
10-day MA prediction after 5 days:,172.70776,,,,
Standard Deviation:,0,,,,
,,,,,
AAPL_10_day_MA_20240510.csv,30,0.2,0.2,150,0.1
10-day MA prediction after 5 days:,181.36919,,,,
Standard Deviation:,0,,,,
,,,,,
AAPL_10_day_MA_20240510.csv,30,0.2,0.2,200,0.001
10-day MA prediction after 5 days:,171.77052,,,,
Standard Deviation:,0,,,,
,,,,,
AAPL_10_day_MA_20240510.csv,30,0.2,0.2,200,0.01
10-day MA prediction after 5 days:,172.26021,,,,
Standard Deviation:,0,,,,
,,,,,
AAPL_10_day_MA_20240510.csv,30,0.2,0.2,200,0.1
10-day MA prediction after 5 days:,181.97816,,,,
Standard Deviation:,0,,,,
,,,,,
AAPL_10_day_MA_20240510.csv,30,0.2,0.3,50,0.001
10-day MA prediction after 5 days:,171.88432,,,,
Standard Deviation:,0,,,,
,,,,,
AAPL_10_day_MA_20240510.csv,30,0.2,0.3,50,0.01
10-day MA prediction after 5 days:,170.9709,,,,
Standard Deviation:,0,,,,
,,,,,
AAPL_10_day_MA_20240510.csv,30,0.2,0.3,50,0.1
10-day MA prediction after 5 days:,172.85414,,,,
Standard Deviation:,0,,,,
,,,,,
AAPL_10_day_MA_20240510.csv,30,0.2,0.3,100,0.001
10-day MA prediction after 5 days:,171.90994,,,,
Standard Deviation:,0,,,,
,,,,,
AAPL_10_day_MA_20240510.csv,30,0.2,0.3,100,0.01
10-day MA prediction after 5 days:,170.99017,,,,
Standard Deviation:,0,,,,
,,,,,
AAPL_10_day_MA_20240510.csv,30,0.2,0.3,100,0.1
10-day MA prediction after 5 days:,181.29623,,,,
Standard Deviation:,0,,,,
,,,,,
AAPL_10_day_MA_20240510.csv,30,0.2,0.3,150,0.001
10-day MA prediction after 5 days:,171.80568,,,,
Standard Deviation:,0,,,,
,,,,,
AAPL_10_day_MA_20240510.csv,30,0.2,0.3,150,0.01
10-day MA prediction after 5 days:,172.58046,,,,
Standard Deviation:,0,,,,
,,,,,
AAPL_10_day_MA_20240510.csv,30,0.2,0.3,150,0.1
10-day MA prediction after 5 days:,181.51405,,,,
Standard Deviation:,0,,,,
,,,,,
AAPL_10_day_MA_20240510.csv,30,0.2,0.3,200,0.001
10-day MA prediction after 5 days:,171.50986,,,,
Standard Deviation:,0,,,,
,,,,,
AAPL_10_day_MA_20240510.csv,30,0.2,0.3,200,0.01
10-day MA prediction after 5 days:,181.6768,,,,
Standard Deviation:,0,,,,
,,,,,
AAPL_10_day_MA_20240510.csv,30,0.2,0.3,200,0.1
10-day MA prediction after 5 days:,181.8744,,,,
Standard Deviation:,0,,,,
,,,,,
AAPL_10_day_MA_20240510.csv,30,0.2,0.5,50,0.001
10-day MA prediction after 5 days:,172.02823,,,,
Standard Deviation:,0,,,,
,,,,,
AAPL_10_day_MA_20240510.csv,30,0.2,0.5,50,0.01
10-day MA prediction after 5 days:,177.19154,,,,
Standard Deviation:,0,,,,
,,,,,
AAPL_10_day_MA_20240510.csv,30,0.2,0.5,50,0.1
10-day MA prediction after 5 days:,181.86497,,,,
Standard Deviation:,0,,,,
,,,,,
AAPL_10_day_MA_20240510.csv,30,0.2,0.5,100,0.001
10-day MA prediction after 5 days:,171.82542,,,,
Standard Deviation:,0,,,,
,,,,,
AAPL_10_day_MA_20240510.csv,30,0.2,0.5,100,0.01
10-day MA prediction after 5 days:,171.21922,,,,
Standard Deviation:,0,,,,
,,,,,
AAPL_10_day_MA_20240510.csv,30,0.2,0.5,100,0.1
10-day MA prediction after 5 days:,181.3555,,,,
Standard Deviation:,0,,,,
,,,,,
AAPL_10_day_MA_20240510.csv,30,0.2,0.5,150,0.001
10-day MA prediction after 5 days:,171.65706,,,,
Standard Deviation:,0,,,,
,,,,,
AAPL_10_day_MA_20240510.csv,30,0.2,0.5,150,0.01
10-day MA prediction after 5 days:,171.46504,,,,
Standard Deviation:,0,,,,
,,,,,
AAPL_10_day_MA_20240510.csv,30,0.2,0.5,150,0.1
10-day MA prediction after 5 days:,181.59149,,,,
Standard Deviation:,0,,,,
,,,,,
AAPL_10_day_MA_20240510.csv,30,0.2,0.5,200,0.001
10-day MA prediction after 5 days:,171.55676,,,,
Standard Deviation:,0,,,,
,,,,,
AAPL_10_day_MA_20240510.csv,30,0.2,0.5,200,0.01
10-day MA prediction after 5 days:,172.13318,,,,
Standard Deviation:,0,,,,
,,,,,
AAPL_10_day_MA_20240510.csv,30,0.2,0.5,200,0.1
10-day MA prediction after 5 days:,181.59225,,,,
Standard Deviation:,0,,,,
,,,,,
AAPL_10_day_MA_20240510.csv,30,0.3,0.1,50,0.001
10-day MA prediction after 5 days:,171.9057,,,,
Standard Deviation:,0,,,,
,,,,,
AAPL_10_day_MA_20240510.csv,30,0.3,0.1,50,0.01
10-day MA prediction after 5 days:,173.85283,,,,
Standard Deviation:,0,,,,
,,,,,
AAPL_10_day_MA_20240510.csv,30,0.3,0.1,50,0.1
10-day MA prediction after 5 days:,172.6959,,,,
Standard Deviation:,0,,,,
,,,,,
AAPL_10_day_MA_20240510.csv,30,0.3,0.1,100,0.001
10-day MA prediction after 5 days:,171.7205,,,,
Standard Deviation:,0,,,,
,,,,,
AAPL_10_day_MA_20240510.csv,30,0.3,0.1,100,0.01
10-day MA prediction after 5 days:,171.50363,,,,
Standard Deviation:,0,,,,
,,,,,
AAPL_10_day_MA_20240510.csv,30,0.3,0.1,100,0.1
10-day MA prediction after 5 days:,178.43356,,,,
Standard Deviation:,0,,,,
,,,,,
AAPL_10_day_MA_20240510.csv,30,0.3,0.1,150,0.001
10-day MA prediction after 5 days:,171.35316,,,,
Standard Deviation:,0,,,,
,,,,,
AAPL_10_day_MA_20240510.csv,30,0.3,0.1,150,0.01
10-day MA prediction after 5 days:,171.39656,,,,
Standard Deviation:,0,,,,
,,,,,
AAPL_10_day_MA_20240510.csv,30,0.3,0.1,150,0.1
10-day MA prediction after 5 days:,181.76665,,,,
Standard Deviation:,0,,,,
,,,,,
AAPL_10_day_MA_20240510.csv,30,0.3,0.1,200,0.001
10-day MA prediction after 5 days:,171.24265,,,,
Standard Deviation:,0,,,,
,,,,,
AAPL_10_day_MA_20240510.csv,30,0.3,0.1,200,0.01
10-day MA prediction after 5 days:,172.32245,,,,
Standard Deviation:,0,,,,
,,,,,
AAPL_10_day_MA_20240510.csv,30,0.3,0.1,200,0.1
10-day MA prediction after 5 days:,182.1891,,,,
Standard Deviation:,0,,,,
,,,,,
AAPL_10_day_MA_20240510.csv,30,0.3,0.2,50,0.001
10-day MA prediction after 5 days:,171.88457,,,,
Standard Deviation:,0,,,,
,,,,,
AAPL_10_day_MA_20240510.csv,30,0.3,0.2,50,0.01
10-day MA prediction after 5 days:,176.32101,,,,
Standard Deviation:,0,,,,
,,,,,
AAPL_10_day_MA_20240510.csv,30,0.3,0.2,50,0.1
10-day MA prediction after 5 days:,176.27907,,,,
Standard Deviation:,0,,,,
,,,,,
AAPL_10_day_MA_20240510.csv,30,0.3,0.2,100,0.001
10-day MA prediction after 5 days:,171.85437,,,,
Standard Deviation:,0,,,,
,,,,,
AAPL_10_day_MA_20240510.csv,30,0.3,0.2,100,0.01
10-day MA prediction after 5 days:,171.13599,,,,
Standard Deviation:,0,,,,
,,,,,
AAPL_10_day_MA_20240510.csv,30,0.3,0.2,100,0.1
10-day MA prediction after 5 days:,181.32126,,,,
Standard Deviation:,0,,,,
,,,,,
AAPL_10_day_MA_20240510.csv,30,0.3,0.2,150,0.001
10-day MA prediction after 5 days:,171.51582,,,,
Standard Deviation:,0,,,,
,,,,,
AAPL_10_day_MA_20240510.csv,30,0.3,0.2,150,0.01
10-day MA prediction after 5 days:,171.53064,,,,
Standard Deviation:,0,,,,
,,,,,
AAPL_10_day_MA_20240510.csv,30,0.3,0.2,150,0.1
10-day MA prediction after 5 days:,182.23964,,,,
Standard Deviation:,0,,,,
,,,,,
AAPL_10_day_MA_20240510.csv,30,0.3,0.2,200,0.001
10-day MA prediction after 5 days:,171.36624,,,,
Standard Deviation:,0,,,,
,,,,,
AAPL_10_day_MA_20240510.csv,30,0.3,0.2,200,0.01
10-day MA prediction after 5 days:,171.70235,,,,
Standard Deviation:,0,,,,
,,,,,
AAPL_10_day_MA_20240510.csv,30,0.3,0.2,200,0.1
10-day MA prediction after 5 days:,181.22757,,,,
Standard Deviation:,0,,,,
,,,,,
AAPL_10_day_MA_20240510.csv,30,0.3,0.3,50,0.001
10-day MA prediction after 5 days:,171.6988,,,,
Standard Deviation:,0,,,,
,,,,,
AAPL_10_day_MA_20240510.csv,30,0.3,0.3,50,0.01
10-day MA prediction after 5 days:,171.20772,,,,
Standard Deviation:,0,,,,
,,,,,
AAPL_10_day_MA_20240510.csv,30,0.3,0.3,50,0.1
10-day MA prediction after 5 days:,181.06694,,,,
Standard Deviation:,0,,,,
,,,,,
AAPL_10_day_MA_20240510.csv,30,0.3,0.3,100,0.001
10-day MA prediction after 5 days:,171.38333,,,,
Standard Deviation:,0,,,,
,,,,,
AAPL_10_day_MA_20240510.csv,30,0.3,0.3,100,0.01
10-day MA prediction after 5 days:,173.83478,,,,
Standard Deviation:,0,,,,
,,,,,
AAPL_10_day_MA_20240510.csv,30,0.3,0.3,100,0.1
10-day MA prediction after 5 days:,181.01389,,,,
Standard Deviation:,0,,,,
,,,,,
AAPL_10_day_MA_20240510.csv,30,0.3,0.3,150,0.001
10-day MA prediction after 5 days:,171.39532,,,,
Standard Deviation:,0,,,,
,,,,,
AAPL_10_day_MA_20240510.csv,30,0.3,0.3,150,0.01
10-day MA prediction after 5 days:,173.2025,,,,
Standard Deviation:,0,,,,
,,,,,
AAPL_10_day_MA_20240510.csv,30,0.3,0.3,150,0.1
10-day MA prediction after 5 days:,181.81389,,,,
Standard Deviation:,0,,,,
,,,,,
AAPL_10_day_MA_20240510.csv,30,0.3,0.3,200,0.001
10-day MA prediction after 5 days:,171.25603,,,,
Standard Deviation:,0,,,,
,,,,,
AAPL_10_day_MA_20240510.csv,30,0.3,0.3,200,0.01
10-day MA prediction after 5 days:,181.87617,,,,
Standard Deviation:,0,,,,
,,,,,
AAPL_10_day_MA_20240510.csv,30,0.3,0.3,200,0.1
10-day MA prediction after 5 days:,181.71414,,,,
Standard Deviation:,0,,,,
,,,,,
AAPL_10_day_MA_20240510.csv,30,0.3,0.5,50,0.001
10-day MA prediction after 5 days:,172.12587,,,,
Standard Deviation:,0,,,,
,,,,,
AAPL_10_day_MA_20240510.csv,30,0.3,0.5,50,0.01
10-day MA prediction after 5 days:,176.12257,,,,
Standard Deviation:,0,,,,
,,,,,
AAPL_10_day_MA_20240510.csv,30,0.3,0.5,50,0.1
10-day MA prediction after 5 days:,181.86446,,,,
Standard Deviation:,0,,,,
,,,,,
AAPL_10_day_MA_20240510.csv,30,0.3,0.5,100,0.001
10-day MA prediction after 5 days:,171.66077,,,,
Standard Deviation:,0,,,,
,,,,,
AAPL_10_day_MA_20240510.csv,30,0.3,0.5,100,0.01
10-day MA prediction after 5 days:,170.96056,,,,
Standard Deviation:,0,,,,
,,,,,
AAPL_10_day_MA_20240510.csv,30,0.3,0.5,100,0.1
10-day MA prediction after 5 days:,181.33867,,,,
Standard Deviation:,0,,,,
,,,,,
AAPL_10_day_MA_20240510.csv,30,0.3,0.5,150,0.001
10-day MA prediction after 5 days:,171.3648,,,,
Standard Deviation:,0,,,,
,,,,,
AAPL_10_day_MA_20240510.csv,30,0.3,0.5,150,0.01
10-day MA prediction after 5 days:,170.51503,,,,
Standard Deviation:,0,,,,
,,,,,
AAPL_10_day_MA_20240510.csv,30,0.3,0.5,150,0.1
10-day MA prediction after 5 days:,181.10638,,,,
Standard Deviation:,0,,,,
,,,,,
AAPL_10_day_MA_20240510.csv,30,0.3,0.5,200,0.001
10-day MA prediction after 5 days:,171.25252,,,,
Standard Deviation:,0,,,,
,,,,,
AAPL_10_day_MA_20240510.csv,30,0.3,0.5,200,0.01
10-day MA prediction after 5 days:,179.98447,,,,
Standard Deviation:,0,,,,
,,,,,
AAPL_10_day_MA_20240510.csv,30,0.3,0.5,200,0.1
10-day MA prediction after 5 days:,181.42169,,,,
Standard Deviation:,0,,,,
,,,,,
AAPL_10_day_MA_20240510.csv,60,0.1,0.1,50,0.001
10-day MA prediction after 5 days:,172.2511,,,,
Standard Deviation:,0,,,,
,,,,,
AAPL_10_day_MA_20240510.csv,60,0.1,0.1,50,0.01
10-day MA prediction after 5 days:,170.81303,,,,
Standard Deviation:,0,,,,
,,,,,
AAPL_10_day_MA_20240510.csv,60,0.1,0.1,50,0.1
10-day MA prediction after 5 days:,173.86996,,,,
Standard Deviation:,0,,,,
,,,,,
AAPL_10_day_MA_20240510.csv,60,0.1,0.1,100,0.001
10-day MA prediction after 5 days:,172.06096,,,,
Standard Deviation:,0,,,,
,,,,,
AAPL_10_day_MA_20240510.csv,60,0.1,0.1,100,0.01
10-day MA prediction after 5 days:,171.33014,,,,
Standard Deviation:,0,,,,
,,,,,
AAPL_10_day_MA_20240510.csv,60,0.1,0.1,100,0.1
10-day MA prediction after 5 days:,180.35861,,,,
Standard Deviation:,0,,,,
,,,,,
AAPL_10_day_MA_20240510.csv,60,0.1,0.1,150,0.001
10-day MA prediction after 5 days:,174.06653,,,,
Standard Deviation:,0,,,,
,,,,,
AAPL_10_day_MA_20240510.csv,60,0.1,0.1,150,0.01
10-day MA prediction after 5 days:,171.4923,,,,
Standard Deviation:,0,,,,
,,,,,
AAPL_10_day_MA_20240510.csv,60,0.1,0.1,150,0.1
10-day MA prediction after 5 days:,180.64656,,,,
Standard Deviation:,0,,,,
,,,,,
AAPL_10_day_MA_20240510.csv,60,0.1,0.1,200,0.001
10-day MA prediction after 5 days:,175.65419,,,,
Standard Deviation:,0,,,,
,,,,,
AAPL_10_day_MA_20240510.csv,60,0.1,0.1,200,0.01
10-day MA prediction after 5 days:,180.80775,,,,
Standard Deviation:,0,,,,
,,,,,
AAPL_10_day_MA_20240510.csv,60,0.1,0.1,200,0.1
10-day MA prediction after 5 days:,180.80403,,,,
Standard Deviation:,0,,,,
,,,,,
AAPL_10_day_MA_20240510.csv,60,0.1,0.2,50,0.001
10-day MA prediction after 5 days:,171.94086,,,,
Standard Deviation:,0,,,,
,,,,,
AAPL_10_day_MA_20240510.csv,60,0.1,0.2,50,0.01
10-day MA prediction after 5 days:,171.976,,,,
Standard Deviation:,0,,,,
,,,,,
AAPL_10_day_MA_20240510.csv,60,0.1,0.2,50,0.1
10-day MA prediction after 5 days:,175.04382,,,,
Standard Deviation:,0,,,,
,,,,,
AAPL_10_day_MA_20240510.csv,60,0.1,0.2,100,0.001
10-day MA prediction after 5 days:,172.44121,,,,
Standard Deviation:,0,,,,
,,,,,
AAPL_10_day_MA_20240510.csv,60,0.1,0.2,100,0.01
10-day MA prediction after 5 days:,171.5171,,,,
Standard Deviation:,0,,,,
,,,,,
AAPL_10_day_MA_20240510.csv,60,0.1,0.2,100,0.1
10-day MA prediction after 5 days:,180.46846,,,,
Standard Deviation:,0,,,,
,,,,,
AAPL_10_day_MA_20240510.csv,60,0.1,0.2,150,0.001
10-day MA prediction after 5 days:,174.55388,,,,
Standard Deviation:,0,,,,
,,,,,
AAPL_10_day_MA_20240510.csv,60,0.1,0.2,150,0.01
10-day MA prediction after 5 days:,171.2906,,,,
Standard Deviation:,0,,,,
,,,,,
AAPL_10_day_MA_20240510.csv,60,0.1,0.2,150,0.1
10-day MA prediction after 5 days:,180.61739,,,,
Standard Deviation:,0,,,,
,,,,,
AAPL_10_day_MA_20240510.csv,60,0.1,0.2,200,0.001
10-day MA prediction after 5 days:,175.59004,,,,
Standard Deviation:,0,,,,
,,,,,
AAPL_10_day_MA_20240510.csv,60,0.1,0.2,200,0.01
10-day MA prediction after 5 days:,171.62636,,,,
Standard Deviation:,0,,,,
,,,,,
AAPL_10_day_MA_20240510.csv,60,0.1,0.2,200,0.1
10-day MA prediction after 5 days:,180.70622,,,,
Standard Deviation:,0,,,,
,,,,,
AAPL_10_day_MA_20240510.csv,60,0.1,0.3,50,0.001
10-day MA prediction after 5 days:,172.29086,,,,
Standard Deviation:,0,,,,
,,,,,
AAPL_10_day_MA_20240510.csv,60,0.1,0.3,50,0.01
10-day MA prediction after 5 days:,171.07635,,,,
Standard Deviation:,0,,,,
,,,,,
AAPL_10_day_MA_20240510.csv,60,0.1,0.3,50,0.1
10-day MA prediction after 5 days:,173.97812,,,,
Standard Deviation:,0,,,,
,,,,,
AAPL_10_day_MA_20240510.csv,60,0.1,0.3,100,0.001
10-day MA prediction after 5 days:,172.33627,,,,
Standard Deviation:,0,,,,
,,,,,
AAPL_10_day_MA_20240510.csv,60,0.1,0.3,100,0.01
10-day MA prediction after 5 days:,171.72018,,,,
Standard Deviation:,0,,,,
,,,,,
AAPL_10_day_MA_20240510.csv,60,0.1,0.3,100,0.1
10-day MA prediction after 5 days:,180.15495,,,,
Standard Deviation:,0,,,,
,,,,,
AAPL_10_day_MA_20240510.csv,60,0.1,0.3,150,0.001
10-day MA prediction after 5 days:,172.77322,,,,
Standard Deviation:,0,,,,
,,,,,
AAPL_10_day_MA_20240510.csv,60,0.1,0.3,150,0.01
10-day MA prediction after 5 days:,177.0533,,,,
Standard Deviation:,0,,,,
,,,,,
AAPL_10_day_MA_20240510.csv,60,0.1,0.3,150,0.1
10-day MA prediction after 5 days:,180.28716,,,,
Standard Deviation:,0,,,,
,,,,,
AAPL_10_day_MA_20240510.csv,60,0.1,0.3,200,0.001
10-day MA prediction after 5 days:,175.18793,,,,
Standard Deviation:,0,,,,
,,,,,
AAPL_10_day_MA_20240510.csv,60,0.1,0.3,200,0.01
10-day MA prediction after 5 days:,180.54482,,,,
Standard Deviation:,0,,,,
,,,,,
AAPL_10_day_MA_20240510.csv,60,0.1,0.3,200,0.1
10-day MA prediction after 5 days:,180.50194,,,,
Standard Deviation:,0,,,,
,,,,,
AAPL_10_day_MA_20240510.csv,60,0.1,0.5,50,0.001
10-day MA prediction after 5 days:,172.22627,,,,
Standard Deviation:,0,,,,
,,,,,
AAPL_10_day_MA_20240510.csv,60,0.1,0.5,50,0.01
10-day MA prediction after 5 days:,173.48964,,,,
Standard Deviation:,0,,,,
,,,,,
AAPL_10_day_MA_20240510.csv,60,0.1,0.5,50,0.1
10-day MA prediction after 5 days:,180.13815,,,,
Standard Deviation:,0,,,,
,,,,,
AAPL_10_day_MA_20240510.csv,60,0.1,0.5,100,0.001
10-day MA prediction after 5 days:,172.32532,,,,
Standard Deviation:,0,,,,
,,,,,
AAPL_10_day_MA_20240510.csv,60,0.1,0.5,100,0.01
10-day MA prediction after 5 days:,171.17188,,,,
Standard Deviation:,0,,,,
,,,,,
AAPL_10_day_MA_20240510.csv,60,0.1,0.5,100,0.1
10-day MA prediction after 5 days:,179.7365,,,,
Standard Deviation:,0,,,,
,,,,,
AAPL_10_day_MA_20240510.csv,60,0.1,0.5,150,0.001
10-day MA prediction after 5 days:,172.142,,,,
Standard Deviation:,0,,,,
,,,,,
AAPL_10_day_MA_20240510.csv,60,0.1,0.5,150,0.01
10-day MA prediction after 5 days:,171.5596,,,,
Standard Deviation:,0,,,,
,,,,,
AAPL_10_day_MA_20240510.csv,60,0.1,0.5,150,0.1
10-day MA prediction after 5 days:,180.01022,,,,
Standard Deviation:,0,,,,
,,,,,
AAPL_10_day_MA_20240510.csv,60,0.1,0.5,200,0.001
10-day MA prediction after 5 days:,175.15155,,,,
Standard Deviation:,0,,,,
,,,,,
AAPL_10_day_MA_20240510.csv,60,0.1,0.5,200,0.01
10-day MA prediction after 5 days:,171.53156,,,,
Standard Deviation:,0,,,,
,,,,,
AAPL_10_day_MA_20240510.csv,60,0.1,0.5,200,0.1
10-day MA prediction after 5 days:,180.38388,,,,
Standard Deviation:,0,,,,
,,,,,
AAPL_10_day_MA_20240510.csv,60,0.2,0.1,50,0.001
10-day MA prediction after 5 days:,172.21425,,,,
Standard Deviation:,0,,,,
,,,,,
AAPL_10_day_MA_20240510.csv,60,0.2,0.1,50,0.01
10-day MA prediction after 5 days:,176.3409,,,,
Standard Deviation:,0,,,,
,,,,,
AAPL_10_day_MA_20240510.csv,60,0.2,0.1,50,0.1
10-day MA prediction after 5 days:,180.71996,,,,
Standard Deviation:,0,,,,
,,,,,
AAPL_10_day_MA_20240510.csv,60,0.2,0.1,100,0.001
10-day MA prediction after 5 days:,173.59624,,,,
Standard Deviation:,0,,,,
,,,,,
AAPL_10_day_MA_20240510.csv,60,0.2,0.1,100,0.01
10-day MA prediction after 5 days:,171.46716,,,,
Standard Deviation:,0,,,,
,,,,,
AAPL_10_day_MA_20240510.csv,60,0.2,0.1,100,0.1
10-day MA prediction after 5 days:,180.81123,,,,
Standard Deviation:,0,,,,
,,,,,
AAPL_10_day_MA_20240510.csv,60,0.2,0.1,150,0.001
10-day MA prediction after 5 days:,171.91597,,,,
Standard Deviation:,0,,,,
,,,,,
AAPL_10_day_MA_20240510.csv,60,0.2,0.1,150,0.01
10-day MA prediction after 5 days:,175.02866,,,,
Standard Deviation:,0,,,,
,,,,,
AAPL_10_day_MA_20240510.csv,60,0.2,0.1,150,0.1
10-day MA prediction after 5 days:,181.07509,,,,
Standard Deviation:,0,,,,
,,,,,
AAPL_10_day_MA_20240510.csv,60,0.2,0.1,200,0.001
10-day MA prediction after 5 days:,174.72769,,,,
Standard Deviation:,0,,,,
,,,,,
AAPL_10_day_MA_20240510.csv,60,0.2,0.1,200,0.01
10-day MA prediction after 5 days:,181.26332,,,,
Standard Deviation:,0,,,,
,,,,,
AAPL_10_day_MA_20240510.csv,60,0.2,0.1,200,0.1
10-day MA prediction after 5 days:,180.32552,,,,
Standard Deviation:,0,,,,
,,,,,
AAPL_10_day_MA_20240510.csv,60,0.2,0.2,50,0.001
10-day MA prediction after 5 days:,174.34637,,,,
Standard Deviation:,0,,,,
,,,,,
AAPL_10_day_MA_20240510.csv,60,0.2,0.2,50,0.01
10-day MA prediction after 5 days:,171.29709,,,,
Standard Deviation:,0,,,,
,,,,,
AAPL_10_day_MA_20240510.csv,60,0.2,0.2,50,0.1
10-day MA prediction after 5 days:,180.82697,,,,
Standard Deviation:,0,,,,
,,,,,
AAPL_10_day_MA_20240510.csv,60,0.2,0.2,100,0.001
10-day MA prediction after 5 days:,173.35995,,,,
Standard Deviation:,0,,,,
,,,,,
AAPL_10_day_MA_20240510.csv,60,0.2,0.2,100,0.01
10-day MA prediction after 5 days:,170.80464,,,,
Standard Deviation:,0,,,,
,,,,,
AAPL_10_day_MA_20240510.csv,60,0.2,0.2,100,0.1
10-day MA prediction after 5 days:,180.55266,,,,
Standard Deviation:,0,,,,
,,,,,
AAPL_10_day_MA_20240510.csv,60,0.2,0.2,150,0.001
10-day MA prediction after 5 days:,175.29178,,,,
Standard Deviation:,0,,,,
,,,,,
AAPL_10_day_MA_20240510.csv,60,0.2,0.2,150,0.01
10-day MA prediction after 5 days:,178.63405,,,,
Standard Deviation:,0,,,,
,,,,,
AAPL_10_day_MA_20240510.csv,60,0.2,0.2,150,0.1
10-day MA prediction after 5 days:,180.68605,,,,
Standard Deviation:,0,,,,
,,,,,
AAPL_10_day_MA_20240510.csv,60,0.2,0.2,200,0.001
10-day MA prediction after 5 days:,174.24178,,,,
Standard Deviation:,0,,,,
,,,,,
AAPL_10_day_MA_20240510.csv,60,0.2,0.2,200,0.01
10-day MA prediction after 5 days:,180.83452,,,,
Standard Deviation:,0,,,,
,,,,,
AAPL_10_day_MA_20240510.csv,60,0.2,0.2,200,0.1
10-day MA prediction after 5 days:,180.51466,,,,
Standard Deviation:,0,,,,
,,,,,
AAPL_10_day_MA_20240510.csv,60,0.2,0.3,50,0.001
10-day MA prediction after 5 days:,171.85742,,,,
Standard Deviation:,0,,,,
,,,,,
AAPL_10_day_MA_20240510.csv,60,0.2,0.3,50,0.01
10-day MA prediction after 5 days:,170.91542,,,,
Standard Deviation:,0,,,,
,,,,,
AAPL_10_day_MA_20240510.csv,60,0.2,0.3,50,0.1
10-day MA prediction after 5 days:,180.34605,,,,
Standard Deviation:,0,,,,
,,,,,
AAPL_10_day_MA_20240510.csv,60,0.2,0.3,100,0.001
10-day MA prediction after 5 days:,172.1627,,,,
Standard Deviation:,0,,,,
,,,,,
AAPL_10_day_MA_20240510.csv,60,0.2,0.3,100,0.01
10-day MA prediction after 5 days:,171.15204,,,,
Standard Deviation:,0,,,,
,,,,,
AAPL_10_day_MA_20240510.csv,60,0.2,0.3,100,0.1
10-day MA prediction after 5 days:,180.41545,,,,
Standard Deviation:,0,,,,
,,,,,
AAPL_10_day_MA_20240510.csv,60,0.2,0.3,150,0.001
10-day MA prediction after 5 days:,171.83354,,,,
Standard Deviation:,0,,,,
,,,,,
AAPL_10_day_MA_20240510.csv,60,0.2,0.3,150,0.01
10-day MA prediction after 5 days:,180.6482,,,,
Standard Deviation:,0,,,,
,,,,,
AAPL_10_day_MA_20240510.csv,60,0.2,0.3,150,0.1
10-day MA prediction after 5 days:,180.44878,,,,
Standard Deviation:,0,,,,
,,,,,
AAPL_10_day_MA_20240510.csv,60,0.2,0.3,200,0.001
10-day MA prediction after 5 days:,173.73508,,,,
Standard Deviation:,0,,,,
,,,,,
AAPL_10_day_MA_20240510.csv,60,0.2,0.3,200,0.01
10-day MA prediction after 5 days:,175.86046,,,,
Standard Deviation:,0,,,,
,,,,,
AAPL_10_day_MA_20240510.csv,60,0.2,0.3,200,0.1
10-day MA prediction after 5 days:,180.71007,,,,
Standard Deviation:,0,,,,
,,,,,
AAPL_10_day_MA_20240510.csv,60,0.2,0.5,50,0.001
10-day MA prediction after 5 days:,172.45277,,,,
Standard Deviation:,0,,,,
,,,,,
AAPL_10_day_MA_20240510.csv,60,0.2,0.5,50,0.01
10-day MA prediction after 5 days:,171.04425,,,,
Standard Deviation:,0,,,,
,,,,,
AAPL_10_day_MA_20240510.csv,60,0.2,0.5,50,0.1
10-day MA prediction after 5 days:,180.40167,,,,
Standard Deviation:,0,,,,
,,,,,
AAPL_10_day_MA_20240510.csv,60,0.2,0.5,100,0.001
10-day MA prediction after 5 days:,173.71436,,,,
Standard Deviation:,0,,,,
,,,,,
AAPL_10_day_MA_20240510.csv,60,0.2,0.5,100,0.01
10-day MA prediction after 5 days:,170.80797,,,,
Standard Deviation:,0,,,,
,,,,,
AAPL_10_day_MA_20240510.csv,60,0.2,0.5,100,0.1
10-day MA prediction after 5 days:,180.02876,,,,
Standard Deviation:,0,,,,
,,,,,
AAPL_10_day_MA_20240510.csv,60,0.2,0.5,150,0.001
10-day MA prediction after 5 days:,173.6255,,,,
Standard Deviation:,0,,,,
,,,,,
AAPL_10_day_MA_20240510.csv,60,0.2,0.5,150,0.01
10-day MA prediction after 5 days:,171.46631,,,,
Standard Deviation:,0,,,,
,,,,,
AAPL_10_day_MA_20240510.csv,60,0.2,0.5,150,0.1
10-day MA prediction after 5 days:,180.62737,,,,
Standard Deviation:,0,,,,
,,,,,
AAPL_10_day_MA_20240510.csv,60,0.2,0.5,200,0.001
10-day MA prediction after 5 days:,174.36497,,,,
Standard Deviation:,0,,,,
,,,,,
AAPL_10_day_MA_20240510.csv,60,0.2,0.5,200,0.01
10-day MA prediction after 5 days:,180.67873,,,,
Standard Deviation:,0,,,,
,,,,,
AAPL_10_day_MA_20240510.csv,60,0.2,0.5,200,0.1
10-day MA prediction after 5 days:,180.67871,,,,
Standard Deviation:,0,,,,
,,,,,
AAPL_10_day_MA_20240510.csv,60,0.3,0.1,50,0.001
10-day MA prediction after 5 days:,172.33116,,,,
Standard Deviation:,0,,,,
,,,,,
AAPL_10_day_MA_20240510.csv,60,0.3,0.1,50,0.01
10-day MA prediction after 5 days:,173.1955,,,,
Standard Deviation:,0,,,,
,,,,,
AAPL_10_day_MA_20240510.csv,60,0.3,0.1,50,0.1
10-day MA prediction after 5 days:,180.57324,,,,
Standard Deviation:,0,,,,
,,,,,
AAPL_10_day_MA_20240510.csv,60,0.3,0.1,100,0.001
10-day MA prediction after 5 days:,172.55655,,,,
Standard Deviation:,0,,,,
,,,,,
AAPL_10_day_MA_20240510.csv,60,0.3,0.1,100,0.01
10-day MA prediction after 5 days:,171.69939,,,,
Standard Deviation:,0,,,,
,,,,,
AAPL_10_day_MA_20240510.csv,60,0.3,0.1,100,0.1
10-day MA prediction after 5 days:,180.8991,,,,
Standard Deviation:,0,,,,
,,,,,
AAPL_10_day_MA_20240510.csv,60,0.3,0.1,150,0.001
10-day MA prediction after 5 days:,172.93355,,,,
Standard Deviation:,0,,,,
,,,,,
AAPL_10_day_MA_20240510.csv,60,0.3,0.1,150,0.01
10-day MA prediction after 5 days:,175.8941,,,,
Standard Deviation:,0,,,,
,,,,,
AAPL_10_day_MA_20240510.csv,60,0.3,0.1,150,0.1
10-day MA prediction after 5 days:,180.93765,,,,
Standard Deviation:,0,,,,
,,,,,
AAPL_10_day_MA_20240510.csv,60,0.3,0.1,200,0.001
10-day MA prediction after 5 days:,172.18892,,,,
Standard Deviation:,0,,,,
,,,,,
AAPL_10_day_MA_20240510.csv,60,0.3,0.1,200,0.01
10-day MA prediction after 5 days:,180.16719,,,,
Standard Deviation:,0,,,,
,,,,,
AAPL_10_day_MA_20240510.csv,60,0.3,0.1,200,0.1
10-day MA prediction after 5 days:,180.65553,,,,
Standard Deviation:,0,,,,
,,,,,
AAPL_10_day_MA_20240510.csv,60,0.3,0.2,50,0.001
10-day MA prediction after 5 days:,172.54999,,,,
Standard Deviation:,0,,,,
,,,,,
AAPL_10_day_MA_20240510.csv,60,0.3,0.2,50,0.01
10-day MA prediction after 5 days:,171.17867,,,,
Standard Deviation:,0,,,,
,,,,,
AAPL_10_day_MA_20240510.csv,60,0.3,0.2,50,0.1
10-day MA prediction after 5 days:,174.78035,,,,
Standard Deviation:,0,,,,
,,,,,
AAPL_10_day_MA_20240510.csv,60,0.3,0.2,100,0.001
10-day MA prediction after 5 days:,172.12924,,,,
Standard Deviation:,0,,,,
,,,,,
AAPL_10_day_MA_20240510.csv,60,0.3,0.2,100,0.01
10-day MA prediction after 5 days:,171.91483,,,,
Standard Deviation:,0,,,,
,,,,,
AAPL_10_day_MA_20240510.csv,60,0.3,0.2,100,0.1
10-day MA prediction after 5 days:,180.5643,,,,
Standard Deviation:,0,,,,
,,,,,
AAPL_10_day_MA_20240510.csv,60,0.3,0.2,150,0.001
10-day MA prediction after 5 days:,174.21515,,,,
Standard Deviation:,0,,,,
,,,,,
AAPL_10_day_MA_20240510.csv,60,0.3,0.2,150,0.01
10-day MA prediction after 5 days:,171.99628,,,,
Standard Deviation:,0,,,,
,,,,,
AAPL_10_day_MA_20240510.csv,60,0.3,0.2,150,0.1
10-day MA prediction after 5 days:,181.16118,,,,
Standard Deviation:,0,,,,
,,,,,
AAPL_10_day_MA_20240510.csv,60,0.3,0.2,200,0.001
10-day MA prediction after 5 days:,171.81421,,,,
Standard Deviation:,0,,,,
,,,,,
AAPL_10_day_MA_20240510.csv,60,0.3,0.2,200,0.01
10-day MA prediction after 5 days:,173.08708,,,,
Standard Deviation:,0,,,,
,,,,,
AAPL_10_day_MA_20240510.csv,60,0.3,0.2,200,0.1
10-day MA prediction after 5 days:,180.76524,,,,
Standard Deviation:,0,,,,
,,,,,
AAPL_10_day_MA_20240510.csv,60,0.3,0.3,50,0.001
10-day MA prediction after 5 days:,171.82138,,,,
Standard Deviation:,0,,,,
,,,,,
AAPL_10_day_MA_20240510.csv,60,0.3,0.3,50,0.01
10-day MA prediction after 5 days:,171.54373,,,,
Standard Deviation:,0,,,,
,,,,,
AAPL_10_day_MA_20240510.csv,60,0.3,0.3,50,0.1
10-day MA prediction after 5 days:,180.7192,,,,
Standard Deviation:,0,,,,
,,,,,
AAPL_10_day_MA_20240510.csv,60,0.3,0.3,100,0.001
10-day MA prediction after 5 days:,172.01532,,,,
Standard Deviation:,0,,,,
,,,,,
AAPL_10_day_MA_20240510.csv,60,0.3,0.3,100,0.01
10-day MA prediction after 5 days:,171.65143,,,,
Standard Deviation:,0,,,,
,,,,,
AAPL_10_day_MA_20240510.csv,60,0.3,0.3,100,0.1
10-day MA prediction after 5 days:,180.96231,,,,
Standard Deviation:,0,,,,
,,,,,
AAPL_10_day_MA_20240510.csv,60,0.3,0.3,150,0.001
10-day MA prediction after 5 days:,172.2998,,,,
Standard Deviation:,0,,,,
,,,,,
AAPL_10_day_MA_20240510.csv,60,0.3,0.3,150,0.01
10-day MA prediction after 5 days:,171.34111,,,,
Standard Deviation:,0,,,,
,,,,,
AAPL_10_day_MA_20240510.csv,60,0.3,0.3,150,0.1
10-day MA prediction after 5 days:,180.62364,,,,
Standard Deviation:,0,,,,
,,,,,
AAPL_10_day_MA_20240510.csv,60,0.3,0.3,200,0.001
10-day MA prediction after 5 days:,171.8454,,,,
Standard Deviation:,0,,,,
,,,,,
AAPL_10_day_MA_20240510.csv,60,0.3,0.3,200,0.01
10-day MA prediction after 5 days:,172.54219,,,,
Standard Deviation:,0,,,,
,,,,,
AAPL_10_day_MA_20240510.csv,60,0.3,0.3,200,0.1
10-day MA prediction after 5 days:,180.78365,,,,
Standard Deviation:,0,,,,
,,,,,
AAPL_10_day_MA_20240510.csv,60,0.3,0.5,50,0.001
10-day MA prediction after 5 days:,171.63184,,,,
Standard Deviation:,0,,,,
,,,,,
AAPL_10_day_MA_20240510.csv,60,0.3,0.5,50,0.01
10-day MA prediction after 5 days:,171.45078,,,,
Standard Deviation:,0,,,,
,,,,,
AAPL_10_day_MA_20240510.csv,60,0.3,0.5,50,0.1
10-day MA prediction after 5 days:,179.9991,,,,
Standard Deviation:,0,,,,
,,,,,
AAPL_10_day_MA_20240510.csv,60,0.3,0.5,100,0.001
10-day MA prediction after 5 days:,171.90219,,,,
Standard Deviation:,0,,,,
,,,,,
AAPL_10_day_MA_20240510.csv,60,0.3,0.5,100,0.01
10-day MA prediction after 5 days:,171.66235,,,,
Standard Deviation:,0,,,,
,,,,,
AAPL_10_day_MA_20240510.csv,60,0.3,0.5,100,0.1
10-day MA prediction after 5 days:,180.5498,,,,
Standard Deviation:,0,,,,
,,,,,
AAPL_10_day_MA_20240510.csv,60,0.3,0.5,150,0.001
10-day MA prediction after 5 days:,171.91003,,,,
Standard Deviation:,0,,,,
,,,,,
AAPL_10_day_MA_20240510.csv,60,0.3,0.5,150,0.01
10-day MA prediction after 5 days:,180.7936,,,,
Standard Deviation:,0,,,,
,,,,,
AAPL_10_day_MA_20240510.csv,60,0.3,0.5,150,0.1
10-day MA prediction after 5 days:,180.44456,,,,
Standard Deviation:,0,,,,
,,,,,
AAPL_10_day_MA_20240510.csv,60,0.3,0.5,200,0.001
10-day MA prediction after 5 days:,171.79039,,,,
Standard Deviation:,0,,,,
,,,,,
AAPL_10_day_MA_20240510.csv,60,0.3,0.5,200,0.01
10-day MA prediction after 5 days:,177.44395,,,,
Standard Deviation:,0,,,,
,,,,,
AAPL_10_day_MA_20240510.csv,60,0.3,0.5,200,0.1
10-day MA prediction after 5 days:,180.55147,,,,
Standard Deviation:,0,,,,
,,,,,
AAPL_10_day_MA_20240510.csv,90,0.1,0.1,50,0.001
10-day MA prediction after 5 days:,172.46233,,,,
Standard Deviation:,0,,,,
,,,,,
AAPL_10_day_MA_20240510.csv,90,0.1,0.1,50,0.01
10-day MA prediction after 5 days:,171.21414,,,,
Standard Deviation:,0,,,,
,,,,,
AAPL_10_day_MA_20240510.csv,90,0.1,0.1,50,0.1
10-day MA prediction after 5 days:,181.06357,,,,
Standard Deviation:,0,,,,
,,,,,
AAPL_10_day_MA_20240510.csv,90,0.1,0.1,100,0.001
10-day MA prediction after 5 days:,173.44989,,,,
Standard Deviation:,0,,,,
,,,,,
AAPL_10_day_MA_20240510.csv,90,0.1,0.1,100,0.01
10-day MA prediction after 5 days:,171.29851,,,,
Standard Deviation:,0,,,,
,,,,,
AAPL_10_day_MA_20240510.csv,90,0.1,0.1,100,0.1
10-day MA prediction after 5 days:,179.9151,,,,
Standard Deviation:,0,,,,
,,,,,
AAPL_10_day_MA_20240510.csv,90,0.1,0.1,150,0.001
10-day MA prediction after 5 days:,173.48763,,,,
Standard Deviation:,0,,,,
,,,,,
AAPL_10_day_MA_20240510.csv,90,0.1,0.1,150,0.01
10-day MA prediction after 5 days:,174.05911,,,,
Standard Deviation:,0,,,,
,,,,,
AAPL_10_day_MA_20240510.csv,90,0.1,0.1,150,0.1
10-day MA prediction after 5 days:,180.8443,,,,
Standard Deviation:,0,,,,
,,,,,
AAPL_10_day_MA_20240510.csv,90,0.1,0.1,200,0.001
10-day MA prediction after 5 days:,172.28224,,,,
Standard Deviation:,0,,,,
,,,,,
AAPL_10_day_MA_20240510.csv,90,0.1,0.1,200,0.01
10-day MA prediction after 5 days:,181.0407,,,,
Standard Deviation:,0,,,,
,,,,,
AAPL_10_day_MA_20240510.csv,90,0.1,0.1,200,0.1
10-day MA prediction after 5 days:,180.59497,,,,
Standard Deviation:,0,,,,
,,,,,
AAPL_10_day_MA_20240510.csv,90,0.1,0.2,50,0.001
10-day MA prediction after 5 days:,171.9562,,,,
Standard Deviation:,0,,,,
,,,,,
AAPL_10_day_MA_20240510.csv,90,0.1,0.2,50,0.01
10-day MA prediction after 5 days:,171.0702,,,,
Standard Deviation:,0,,,,
,,,,,
AAPL_10_day_MA_20240510.csv,90,0.1,0.2,50,0.1
10-day MA prediction after 5 days:,178.6132,,,,
Standard Deviation:,0,,,,
,,,,,
AAPL_10_day_MA_20240510.csv,90,0.1,0.2,100,0.001
10-day MA prediction after 5 days:,172.55064,,,,
Standard Deviation:,0,,,,
,,,,,
AAPL_10_day_MA_20240510.csv,90,0.1,0.2,100,0.01
10-day MA prediction after 5 days:,173.03584,,,,
Standard Deviation:,0,,,,
,,,,,
AAPL_10_day_MA_20240510.csv,90,0.1,0.2,100,0.1
10-day MA prediction after 5 days:,181.17448,,,,
Standard Deviation:,0,,,,
,,,,,
AAPL_10_day_MA_20240510.csv,90,0.1,0.2,150,0.001
10-day MA prediction after 5 days:,172.39015,,,,
Standard Deviation:,0,,,,
,,,,,
AAPL_10_day_MA_20240510.csv,90,0.1,0.2,150,0.01
10-day MA prediction after 5 days:,171.4025,,,,
Standard Deviation:,0,,,,
,,,,,
AAPL_10_day_MA_20240510.csv,90,0.1,0.2,150,0.1
10-day MA prediction after 5 days:,180.46185,,,,
Standard Deviation:,0,,,,
,,,,,
AAPL_10_day_MA_20240510.csv,90,0.1,0.2,200,0.001
10-day MA prediction after 5 days:,174.8802,,,,
Standard Deviation:,0,,,,
,,,,,
AAPL_10_day_MA_20240510.csv,90,0.1,0.2,200,0.01
10-day MA prediction after 5 days:,181.01607,,,,
Standard Deviation:,0,,,,
,,,,,
AAPL_10_day_MA_20240510.csv,90,0.1,0.2,200,0.1
10-day MA prediction after 5 days:,180.38327,,,,
Standard Deviation:,0,,,,
,,,,,
AAPL_10_day_MA_20240510.csv,90,0.1,0.3,50,0.001
10-day MA prediction after 5 days:,172.33966,,,,
Standard Deviation:,0,,,,
,,,,,
AAPL_10_day_MA_20240510.csv,90,0.1,0.3,50,0.01
10-day MA prediction after 5 days:,170.75804,,,,
Standard Deviation:,0,,,,
,,,,,
AAPL_10_day_MA_20240510.csv,90,0.1,0.3,50,0.1
10-day MA prediction after 5 days:,180.60847,,,,
Standard Deviation:,0,,,,
,,,,,
AAPL_10_day_MA_20240510.csv,90,0.1,0.3,100,0.001
10-day MA prediction after 5 days:,171.87407,,,,
Standard Deviation:,0,,,,
,,,,,
AAPL_10_day_MA_20240510.csv,90,0.1,0.3,100,0.01
10-day MA prediction after 5 days:,171.48259,,,,
Standard Deviation:,0,,,,
,,,,,
AAPL_10_day_MA_20240510.csv,90,0.1,0.3,100,0.1
10-day MA prediction after 5 days:,177.7247,,,,
Standard Deviation:,0,,,,
,,,,,
AAPL_10_day_MA_20240510.csv,90,0.1,0.3,150,0.001
10-day MA prediction after 5 days:,171.97632,,,,
Standard Deviation:,0,,,,
,,,,,
AAPL_10_day_MA_20240510.csv,90,0.1,0.3,150,0.01
10-day MA prediction after 5 days:,176.73926,,,,
Standard Deviation:,0,,,,
,,,,,
AAPL_10_day_MA_20240510.csv,90,0.1,0.3,150,0.1
10-day MA prediction after 5 days:,180.6257,,,,
Standard Deviation:,0,,,,
,,,,,
AAPL_10_day_MA_20240510.csv,90,0.1,0.3,200,0.001
10-day MA prediction after 5 days:,172.00887,,,,
Standard Deviation:,0,,,,
,,,,,
AAPL_10_day_MA_20240510.csv,90,0.1,0.3,200,0.01
10-day MA prediction after 5 days:,180.78456,,,,
Standard Deviation:,0,,,,
,,,,,
AAPL_10_day_MA_20240510.csv,90,0.1,0.3,200,0.1
10-day MA prediction after 5 days:,181.23555,,,,
Standard Deviation:,0,,,,
,,,,,
AAPL_10_day_MA_20240510.csv,90,0.1,0.5,50,0.001
10-day MA prediction after 5 days:,172.98004,,,,
Standard Deviation:,0,,,,
,,,,,
AAPL_10_day_MA_20240510.csv,90,0.1,0.5,50,0.01
10-day MA prediction after 5 days:,171.30852,,,,
Standard Deviation:,0,,,,
,,,,,
AAPL_10_day_MA_20240510.csv,90,0.1,0.5,50,0.1
10-day MA prediction after 5 days:,180.37129,,,,
Standard Deviation:,0,,,,
,,,,,
AAPL_10_day_MA_20240510.csv,90,0.1,0.5,100,0.001
10-day MA prediction after 5 days:,173.28723,,,,
Standard Deviation:,0,,,,
,,,,,
AAPL_10_day_MA_20240510.csv,90,0.1,0.5,100,0.01
10-day MA prediction after 5 days:,173.59335,,,,
Standard Deviation:,0,,,,
,,,,,
AAPL_10_day_MA_20240510.csv,90,0.1,0.5,100,0.1
10-day MA prediction after 5 days:,180.12634,,,,
Standard Deviation:,0,,,,
,,,,,
AAPL_10_day_MA_20240510.csv,90,0.1,0.5,150,0.001
10-day MA prediction after 5 days:,173.41562,,,,
Standard Deviation:,0,,,,
,,,,,
AAPL_10_day_MA_20240510.csv,90,0.1,0.5,150,0.01
10-day MA prediction after 5 days:,179.79698,,,,
Standard Deviation:,0,,,,
,,,,,
AAPL_10_day_MA_20240510.csv,90,0.1,0.5,150,0.1
10-day MA prediction after 5 days:,180.41594,,,,
Standard Deviation:,0,,,,
,,,,,
AAPL_10_day_MA_20240510.csv,90,0.1,0.5,200,0.001
10-day MA prediction after 5 days:,172.62943,,,,
Standard Deviation:,0,,,,
,,,,,
AAPL_10_day_MA_20240510.csv,90,0.1,0.5,200,0.01
10-day MA prediction after 5 days:,179.2965,,,,
Standard Deviation:,0,,,,
,,,,,
AAPL_10_day_MA_20240510.csv,90,0.1,0.5,200,0.1
10-day MA prediction after 5 days:,180.95824,,,,
Standard Deviation:,0,,,,
,,,,,
AAPL_10_day_MA_20240510.csv,90,0.2,0.1,50,0.001
10-day MA prediction after 5 days:,172.02975,,,,
Standard Deviation:,0,,,,
,,,,,
AAPL_10_day_MA_20240510.csv,90,0.2,0.1,50,0.01
10-day MA prediction after 5 days:,176.02296,,,,
Standard Deviation:,0,,,,
,,,,,
AAPL_10_day_MA_20240510.csv,90,0.2,0.1,50,0.1
10-day MA prediction after 5 days:,181.34889,,,,
Standard Deviation:,0,,,,
,,,,,
AAPL_10_day_MA_20240510.csv,90,0.2,0.1,100,0.001
10-day MA prediction after 5 days:,173.37549,,,,
Standard Deviation:,0,,,,
,,,,,
AAPL_10_day_MA_20240510.csv,90,0.2,0.1,100,0.01
10-day MA prediction after 5 days:,177.12578,,,,
Standard Deviation:,0,,,,
,,,,,
AAPL_10_day_MA_20240510.csv,90,0.2,0.1,100,0.1
10-day MA prediction after 5 days:,180.96384,,,,
Standard Deviation:,0,,,,
,,,,,
AAPL_10_day_MA_20240510.csv,90,0.2,0.1,150,0.001
10-day MA prediction after 5 days:,173.9358,,,,
Standard Deviation:,0,,,,
,,,,,
AAPL_10_day_MA_20240510.csv,90,0.2,0.1,150,0.01
10-day MA prediction after 5 days:,173.34146,,,,
Standard Deviation:,0,,,,
,,,,,
AAPL_10_day_MA_20240510.csv,90,0.2,0.1,150,0.1
10-day MA prediction after 5 days:,181.56102,,,,
Standard Deviation:,0,,,,
,,,,,
AAPL_10_day_MA_20240510.csv,90,0.2,0.1,200,0.001
10-day MA prediction after 5 days:,173.66057,,,,
Standard Deviation:,0,,,,
,,,,,
AAPL_10_day_MA_20240510.csv,90,0.2,0.1,200,0.01
10-day MA prediction after 5 days:,181.54883,,,,
Standard Deviation:,0,,,,
,,,,,
AAPL_10_day_MA_20240510.csv,90,0.2,0.1,200,0.1
10-day MA prediction after 5 days:,181.24867,,,,
Standard Deviation:,0,,,,
,,,,,
AAPL_10_day_MA_20240510.csv,90,0.2,0.2,50,0.001
10-day MA prediction after 5 days:,172.28308,,,,
Standard Deviation:,0,,,,
,,,,,
AAPL_10_day_MA_20240510.csv,90,0.2,0.2,50,0.01
10-day MA prediction after 5 days:,174.832,,,,
Standard Deviation:,0,,,,
,,,,,
AAPL_10_day_MA_20240510.csv,90,0.2,0.2,50,0.1
10-day MA prediction after 5 days:,180.09674,,,,
Standard Deviation:,0,,,,
,,,,,
AAPL_10_day_MA_20240510.csv,90,0.2,0.2,100,0.001
10-day MA prediction after 5 days:,172.28284,,,,
Standard Deviation:,0,,,,
,,,,,
AAPL_10_day_MA_20240510.csv,90,0.2,0.2,100,0.01
10-day MA prediction after 5 days:,171.27425,,,,
Standard Deviation:,0,,,,
,,,,,
AAPL_10_day_MA_20240510.csv,90,0.2,0.2,100,0.1
10-day MA prediction after 5 days:,180.81216,,,,
Standard Deviation:,0,,,,
,,,,,
AAPL_10_day_MA_20240510.csv,90,0.2,0.2,150,0.001
10-day MA prediction after 5 days:,174.07089,,,,
Standard Deviation:,0,,,,
,,,,,
AAPL_10_day_MA_20240510.csv,90,0.2,0.2,150,0.01
10-day MA prediction after 5 days:,172.8886,,,,
Standard Deviation:,0,,,,
,,,,,
AAPL_10_day_MA_20240510.csv,90,0.2,0.2,150,0.1
10-day MA prediction after 5 days:,182.61897,,,,
Standard Deviation:,0,,,,
,,,,,
AAPL_10_day_MA_20240510.csv,90,0.2,0.2,200,0.001
10-day MA prediction after 5 days:,173.74876,,,,
Standard Deviation:,0,,,,
,,,,,
AAPL_10_day_MA_20240510.csv,90,0.2,0.2,200,0.01
10-day MA prediction after 5 days:,170.95975,,,,
Standard Deviation:,0,,,,
,,,,,
AAPL_10_day_MA_20240510.csv,90,0.2,0.2,200,0.1
10-day MA prediction after 5 days:,181.17133,,,,
Standard Deviation:,0,,,,
,,,,,
AAPL_10_day_MA_20240510.csv,90,0.2,0.3,50,0.001
10-day MA prediction after 5 days:,171.73102,,,,
Standard Deviation:,0,,,,
,,,,,
AAPL_10_day_MA_20240510.csv,90,0.2,0.3,50,0.01
10-day MA prediction after 5 days:,172.03743,,,,
Standard Deviation:,0,,,,
,,,,,
AAPL_10_day_MA_20240510.csv,90,0.2,0.3,50,0.1
10-day MA prediction after 5 days:,181.21996,,,,
Standard Deviation:,0,,,,
,,,,,
AAPL_10_day_MA_20240510.csv,90,0.2,0.3,100,0.001
10-day MA prediction after 5 days:,172.55267,,,,
Standard Deviation:,0,,,,
,,,,,
AAPL_10_day_MA_20240510.csv,90,0.2,0.3,100,0.01
10-day MA prediction after 5 days:,175.10579,,,,
Standard Deviation:,0,,,,
,,,,,
AAPL_10_day_MA_20240510.csv,90,0.2,0.3,100,0.1
10-day MA prediction after 5 days:,180.84381,,,,
Standard Deviation:,0,,,,
,,,,,
AAPL_10_day_MA_20240510.csv,90,0.2,0.3,150,0.001
10-day MA prediction after 5 days:,172.04683,,,,
Standard Deviation:,0,,,,
,,,,,
AAPL_10_day_MA_20240510.csv,90,0.2,0.3,150,0.01
10-day MA prediction after 5 days:,181.33046,,,,
Standard Deviation:,0,,,,
,,,,,
AAPL_10_day_MA_20240510.csv,90,0.2,0.3,150,0.1
10-day MA prediction after 5 days:,181.0271,,,,
Standard Deviation:,0,,,,
,,,,,
AAPL_10_day_MA_20240510.csv,90,0.2,0.3,200,0.001
10-day MA prediction after 5 days:,174.52275,,,,
Standard Deviation:,0,,,,
,,,,,
AAPL_10_day_MA_20240510.csv,90,0.2,0.3,200,0.01
10-day MA prediction after 5 days:,173.8977,,,,
Standard Deviation:,0,,,,
,,,,,
AAPL_10_day_MA_20240510.csv,90,0.2,0.3,200,0.1
10-day MA prediction after 5 days:,181.14699,,,,
Standard Deviation:,0,,,,
,,,,,
AAPL_10_day_MA_20240510.csv,90,0.2,0.5,50,0.001
10-day MA prediction after 5 days:,171.86507,,,,
Standard Deviation:,0,,,,
,,,,,
AAPL_10_day_MA_20240510.csv,90,0.2,0.5,50,0.01
10-day MA prediction after 5 days:,174.40985,,,,
Standard Deviation:,0,,,,
,,,,,
AAPL_10_day_MA_20240510.csv,90,0.2,0.5,50,0.1
10-day MA prediction after 5 days:,180.08688,,,,
Standard Deviation:,0,,,,
,,,,,
AAPL_10_day_MA_20240510.csv,90,0.2,0.5,100,0.001
10-day MA prediction after 5 days:,172.51733,,,,
Standard Deviation:,0,,,,
,,,,,
AAPL_10_day_MA_20240510.csv,90,0.2,0.5,100,0.01
10-day MA prediction after 5 days:,171.8314,,,,
Standard Deviation:,0,,,,
,,,,,
AAPL_10_day_MA_20240510.csv,90,0.2,0.5,100,0.1
10-day MA prediction after 5 days:,180.22087,,,,
Standard Deviation:,0,,,,
,,,,,
AAPL_10_day_MA_20240510.csv,90,0.2,0.5,150,0.001
10-day MA prediction after 5 days:,172.91911,,,,
Standard Deviation:,0,,,,
,,,,,
AAPL_10_day_MA_20240510.csv,90,0.2,0.5,150,0.01
10-day MA prediction after 5 days:,181.23663,,,,
Standard Deviation:,0,,,,
,,,,,
AAPL_10_day_MA_20240510.csv,90,0.2,0.5,150,0.1
10-day MA prediction after 5 days:,180.87556,,,,
Standard Deviation:,0,,,,
,,,,,
AAPL_10_day_MA_20240510.csv,90,0.2,0.5,200,0.001
10-day MA prediction after 5 days:,173.30751,,,,
Standard Deviation:,0,,,,
,,,,,
AAPL_10_day_MA_20240510.csv,90,0.2,0.5,200,0.01
10-day MA prediction after 5 days:,174.73755,,,,
Standard Deviation:,0,,,,
,,,,,
AAPL_10_day_MA_20240510.csv,90,0.2,0.5,200,0.1
10-day MA prediction after 5 days:,181.11678,,,,
Standard Deviation:,0,,,,
,,,,,
AAPL_10_day_MA_20240510.csv,90,0.3,0.1,50,0.001
10-day MA prediction after 5 days:,171.8775,,,,
Standard Deviation:,0,,,,
,,,,,
AAPL_10_day_MA_20240510.csv,90,0.3,0.1,50,0.01
10-day MA prediction after 5 days:,172.94441,,,,
Standard Deviation:,0,,,,
,,,,,
AAPL_10_day_MA_20240510.csv,90,0.3,0.1,50,0.1
10-day MA prediction after 5 days:,181.57327,,,,
Standard Deviation:,0,,,,
,,,,,
AAPL_10_day_MA_20240510.csv,90,0.3,0.1,100,0.001
10-day MA prediction after 5 days:,172.216,,,,
Standard Deviation:,0,,,,
,,,,,
AAPL_10_day_MA_20240510.csv,90,0.3,0.1,100,0.01
10-day MA prediction after 5 days:,171.72354,,,,
Standard Deviation:,0,,,,
,,,,,
AAPL_10_day_MA_20240510.csv,90,0.3,0.1,100,0.1
10-day MA prediction after 5 days:,181.86752,,,,
Standard Deviation:,0,,,,
,,,,,
AAPL_10_day_MA_20240510.csv,90,0.3,0.1,150,0.001
10-day MA prediction after 5 days:,171.85336,,,,
Standard Deviation:,0,,,,
,,,,,
AAPL_10_day_MA_20240510.csv,90,0.3,0.1,150,0.01
10-day MA prediction after 5 days:,176.02164,,,,
Standard Deviation:,0,,,,
,,,,,
AAPL_10_day_MA_20240510.csv,90,0.3,0.1,150,0.1
10-day MA prediction after 5 days:,181.88553,,,,
Standard Deviation:,0,,,,
,,,,,
AAPL_10_day_MA_20240510.csv,90,0.3,0.1,200,0.001
10-day MA prediction after 5 days:,174.41656,,,,
Standard Deviation:,0,,,,
,,,,,
AAPL_10_day_MA_20240510.csv,90,0.3,0.1,200,0.01
10-day MA prediction after 5 days:,174.62032,,,,
Standard Deviation:,0,,,,
,,,,,
AAPL_10_day_MA_20240510.csv,90,0.3,0.1,200,0.1
10-day MA prediction after 5 days:,180.8952,,,,
Standard Deviation:,0,,,,
,,,,,
AAPL_10_day_MA_20240510.csv,90,0.3,0.2,50,0.001
10-day MA prediction after 5 days:,172.45824,,,,
Standard Deviation:,0,,,,
,,,,,
AAPL_10_day_MA_20240510.csv,90,0.3,0.2,50,0.01
10-day MA prediction after 5 days:,173.13188,,,,
Standard Deviation:,0,,,,
,,,,,
AAPL_10_day_MA_20240510.csv,90,0.3,0.2,50,0.1
10-day MA prediction after 5 days:,173.10262,,,,
Standard Deviation:,0,,,,
,,,,,
AAPL_10_day_MA_20240510.csv,90,0.3,0.2,100,0.001
10-day MA prediction after 5 days:,172.22102,,,,
Standard Deviation:,0,,,,
,,,,,
AAPL_10_day_MA_20240510.csv,90,0.3,0.2,100,0.01
10-day MA prediction after 5 days:,175.09271,,,,
Standard Deviation:,0,,,,
,,,,,
AAPL_10_day_MA_20240510.csv,90,0.3,0.2,100,0.1
10-day MA prediction after 5 days:,181.25327,,,,
Standard Deviation:,0,,,,
,,,,,
AAPL_10_day_MA_20240510.csv,90,0.3,0.2,150,0.001
10-day MA prediction after 5 days:,171.67651,,,,
Standard Deviation:,0,,,,
,,,,,
AAPL_10_day_MA_20240510.csv,90,0.3,0.2,150,0.01
10-day MA prediction after 5 days:,174.543,,,,
Standard Deviation:,0,,,,
,,,,,
AAPL_10_day_MA_20240510.csv,90,0.3,0.2,150,0.1
10-day MA prediction after 5 days:,182.83015,,,,
Standard Deviation:,0,,,,
,,,,,
AAPL_10_day_MA_20240510.csv,90,0.3,0.2,200,0.001
10-day MA prediction after 5 days:,173.23254,,,,
Standard Deviation:,0,,,,
,,,,,
AAPL_10_day_MA_20240510.csv,90,0.3,0.2,200,0.01
10-day MA prediction after 5 days:,183.04855,,,,
Standard Deviation:,0,,,,
,,,,,
AAPL_10_day_MA_20240510.csv,90,0.3,0.2,200,0.1
10-day MA prediction after 5 days:,181.94833,,,,
Standard Deviation:,0,,,,
,,,,,
AAPL_10_day_MA_20240510.csv,90,0.3,0.3,50,0.001
10-day MA prediction after 5 days:,171.6212,,,,
Standard Deviation:,0,,,,
,,,,,
AAPL_10_day_MA_20240510.csv,90,0.3,0.3,50,0.01
10-day MA prediction after 5 days:,170.75061,,,,
Standard Deviation:,0,,,,
,,,,,
AAPL_10_day_MA_20240510.csv,90,0.3,0.3,50,0.1
10-day MA prediction after 5 days:,181.09297,,,,
Standard Deviation:,0,,,,
,,,,,
AAPL_10_day_MA_20240510.csv,90,0.3,0.3,100,0.001
10-day MA prediction after 5 days:,171.34306,,,,
Standard Deviation:,0,,,,
,,,,,
AAPL_10_day_MA_20240510.csv,90,0.3,0.3,100,0.01
10-day MA prediction after 5 days:,171.41956,,,,
Standard Deviation:,0,,,,
,,,,,
AAPL_10_day_MA_20240510.csv,90,0.3,0.3,100,0.1
10-day MA prediction after 5 days:,181.66183,,,,
Standard Deviation:,0,,,,
,,,,,
AAPL_10_day_MA_20240510.csv,90,0.3,0.3,150,0.001
10-day MA prediction after 5 days:,173.06361,,,,
Standard Deviation:,0,,,,
,,,,,
AAPL_10_day_MA_20240510.csv,90,0.3,0.3,150,0.01
10-day MA prediction after 5 days:,173.57753,,,,
Standard Deviation:,0,,,,
,,,,,
AAPL_10_day_MA_20240510.csv,90,0.3,0.3,150,0.1
10-day MA prediction after 5 days:,181.26614,,,,
Standard Deviation:,0,,,,
,,,,,
AAPL_10_day_MA_20240510.csv,90,0.3,0.3,200,0.001
10-day MA prediction after 5 days:,171.85855,,,,
Standard Deviation:,0,,,,
,,,,,
AAPL_10_day_MA_20240510.csv,90,0.3,0.3,200,0.01
10-day MA prediction after 5 days:,181.72134,,,,
Standard Deviation:,0,,,,
,,,,,
AAPL_10_day_MA_20240510.csv,90,0.3,0.3,200,0.1
10-day MA prediction after 5 days:,181.61653,,,,
Standard Deviation:,0,,,,
,,,,,
AAPL_10_day_MA_20240510.csv,90,0.3,0.5,50,0.001
10-day MA prediction after 5 days:,171.89017,,,,
Standard Deviation:,0,,,,
,,,,,
AAPL_10_day_MA_20240510.csv,90,0.3,0.5,50,0.01
10-day MA prediction after 5 days:,170.54643,,,,
Standard Deviation:,0,,,,
,,,,,
AAPL_10_day_MA_20240510.csv,90,0.3,0.5,50,0.1
10-day MA prediction after 5 days:,180.11967,,,,
Standard Deviation:,0,,,,
,,,,,
AAPL_10_day_MA_20240510.csv,90,0.3,0.5,100,0.001
10-day MA prediction after 5 days:,171.3055,,,,
Standard Deviation:,0,,,,
,,,,,
AAPL_10_day_MA_20240510.csv,90,0.3,0.5,100,0.01
10-day MA prediction after 5 days:,171.3355,,,,
Standard Deviation:,0,,,,
,,,,,
AAPL_10_day_MA_20240510.csv,90,0.3,0.5,100,0.1
10-day MA prediction after 5 days:,181.38766,,,,
Standard Deviation:,0,,,,
,,,,,
AAPL_10_day_MA_20240510.csv,90,0.3,0.5,150,0.001
10-day MA prediction after 5 days:,171.98167,,,,
Standard Deviation:,0,,,,
,,,,,
AAPL_10_day_MA_20240510.csv,90,0.3,0.5,150,0.01
10-day MA prediction after 5 days:,182.22716,,,,
Standard Deviation:,0,,,,
,,,,,
AAPL_10_day_MA_20240510.csv,90,0.3,0.5,150,0.1
10-day MA prediction after 5 days:,181.23952,,,,
Standard Deviation:,0,,,,
,,,,,
AAPL_10_day_MA_20240510.csv,90,0.3,0.5,200,0.001
10-day MA prediction after 5 days:,174.058,,,,
Standard Deviation:,0,,,,
,,,,,
AAPL_10_day_MA_20240510.csv,90,0.3,0.5,200,0.01
10-day MA prediction after 5 days:,170.89705,,,,
Standard Deviation:,0,,,,
,,,,,
AAPL_10_day_MA_20240510.csv,90,0.3,0.5,200,0.1
10-day MA prediction after 5 days:,181.93826,,,,
Standard Deviation:,0,,,,
,,,,,
AAPL_10_day_MA_20240510.csv,120,0.1,0.1,50,0.001
10-day MA prediction after 5 days:,171.94592,,,,
Standard Deviation:,0,,,,
,,,,,
AAPL_10_day_MA_20240510.csv,120,0.1,0.1,50,0.01
10-day MA prediction after 5 days:,169.31198,,,,
Standard Deviation:,0,,,,
,,,,,
AAPL_10_day_MA_20240510.csv,120,0.1,0.1,50,0.1
10-day MA prediction after 5 days:,178.93033,,,,
Standard Deviation:,0,,,,
,,,,,
AAPL_10_day_MA_20240510.csv,120,0.1,0.1,100,0.001
10-day MA prediction after 5 days:,171.6638,,,,
Standard Deviation:,0,,,,
,,,,,
AAPL_10_day_MA_20240510.csv,120,0.1,0.1,100,0.01
10-day MA prediction after 5 days:,170.52783,,,,
Standard Deviation:,0,,,,
,,,,,
AAPL_10_day_MA_20240510.csv,120,0.1,0.1,100,0.1
10-day MA prediction after 5 days:,182.64777,,,,
Standard Deviation:,0,,,,
,,,,,
AAPL_10_day_MA_20240510.csv,120,0.1,0.1,150,0.001
10-day MA prediction after 5 days:,171.35849,,,,
Standard Deviation:,0,,,,
,,,,,
AAPL_10_day_MA_20240510.csv,120,0.1,0.1,150,0.01
10-day MA prediction after 5 days:,171.24559,,,,
Standard Deviation:,0,,,,
,,,,,
AAPL_10_day_MA_20240510.csv,120,0.1,0.1,150,0.1
10-day MA prediction after 5 days:,182.48535,,,,
Standard Deviation:,0,,,,
,,,,,
AAPL_10_day_MA_20240510.csv,120,0.1,0.1,200,0.001
10-day MA prediction after 5 days:,171.47005,,,,
Standard Deviation:,0,,,,
,,,,,
AAPL_10_day_MA_20240510.csv,120,0.1,0.1,200,0.01
10-day MA prediction after 5 days:,172.94772,,,,
Standard Deviation:,0,,,,
,,,,,
AAPL_10_day_MA_20240510.csv,120,0.1,0.1,200,0.1
10-day MA prediction after 5 days:,182.14964,,,,
Standard Deviation:,0,,,,
,,,,,
AAPL_10_day_MA_20240510.csv,120,0.1,0.2,50,0.001
10-day MA prediction after 5 days:,171.69977,,,,
Standard Deviation:,0,,,,
,,,,,
AAPL_10_day_MA_20240510.csv,120,0.1,0.2,50,0.01
10-day MA prediction after 5 days:,170.56071,,,,
Standard Deviation:,0,,,,
,,,,,
AAPL_10_day_MA_20240510.csv,120,0.1,0.2,50,0.1
10-day MA prediction after 5 days:,181.78981,,,,
Standard Deviation:,0,,,,
,,,,,
AAPL_10_day_MA_20240510.csv,120,0.1,0.2,100,0.001
10-day MA prediction after 5 days:,171.37889,,,,
Standard Deviation:,0,,,,
,,,,,
AAPL_10_day_MA_20240510.csv,120,0.1,0.2,100,0.01
10-day MA prediction after 5 days:,171.35779,,,,
Standard Deviation:,0,,,,
,,,,,
AAPL_10_day_MA_20240510.csv,120,0.1,0.2,100,0.1
10-day MA prediction after 5 days:,182.03236,,,,
Standard Deviation:,0,,,,
,,,,,
AAPL_10_day_MA_20240510.csv,120,0.1,0.2,150,0.001
10-day MA prediction after 5 days:,171.34482,,,,
Standard Deviation:,0,,,,
,,,,,
AAPL_10_day_MA_20240510.csv,120,0.1,0.2,150,0.01
10-day MA prediction after 5 days:,172.998,,,,
Standard Deviation:,0,,,,
,,,,,
AAPL_10_day_MA_20240510.csv,120,0.1,0.2,150,0.1
10-day MA prediction after 5 days:,181.82176,,,,
Standard Deviation:,0,,,,
,,,,,
AAPL_10_day_MA_20240510.csv,120,0.1,0.2,200,0.001
10-day MA prediction after 5 days:,171.01736,,,,
Standard Deviation:,0,,,,
,,,,,
AAPL_10_day_MA_20240510.csv,120,0.1,0.2,200,0.01
10-day MA prediction after 5 days:,170.376,,,,
Standard Deviation:,0,,,,
,,,,,
AAPL_10_day_MA_20240510.csv,120,0.1,0.2,200,0.1
10-day MA prediction after 5 days:,182.65854,,,,
Standard Deviation:,0,,,,
,,,,,
AAPL_10_day_MA_20240510.csv,120,0.1,0.3,50,0.001
10-day MA prediction after 5 days:,171.4856,,,,
Standard Deviation:,0,,,,
,,,,,
AAPL_10_day_MA_20240510.csv,120,0.1,0.3,50,0.01
10-day MA prediction after 5 days:,169.87215,,,,
Standard Deviation:,0,,,,
,,,,,
AAPL_10_day_MA_20240510.csv,120,0.1,0.3,50,0.1
10-day MA prediction after 5 days:,177.20891,,,,
Standard Deviation:,0,,,,
,,,,,
AAPL_10_day_MA_20240510.csv,120,0.1,0.3,100,0.001
10-day MA prediction after 5 days:,171.35722,,,,
Standard Deviation:,0,,,,
,,,,,
AAPL_10_day_MA_20240510.csv,120,0.1,0.3,100,0.01
10-day MA prediction after 5 days:,172.72849,,,,
Standard Deviation:,0,,,,
,,,,,
AAPL_10_day_MA_20240510.csv,120,0.1,0.3,100,0.1
10-day MA prediction after 5 days:,181.17665,,,,
Standard Deviation:,0,,,,
,,,,,
AAPL_10_day_MA_20240510.csv,120,0.1,0.3,150,0.001
10-day MA prediction after 5 days:,171.4862,,,,
Standard Deviation:,0,,,,
,,,,,
AAPL_10_day_MA_20240510.csv,120,0.1,0.3,150,0.01
10-day MA prediction after 5 days:,170.23967,,,,
Standard Deviation:,0,,,,
,,,,,
AAPL_10_day_MA_20240510.csv,120,0.1,0.3,150,0.1
10-day MA prediction after 5 days:,183.01431,,,,
Standard Deviation:,0,,,,
,,,,,
AAPL_10_day_MA_20240510.csv,120,0.1,0.3,200,0.001
10-day MA prediction after 5 days:,171.13002,,,,
Standard Deviation:,0,,,,
,,,,,
AAPL_10_day_MA_20240510.csv,120,0.1,0.3,200,0.01
10-day MA prediction after 5 days:,181.47601,,,,
Standard Deviation:,0,,,,
,,,,,
AAPL_10_day_MA_20240510.csv,120,0.1,0.3,200,0.1
10-day MA prediction after 5 days:,182.30737,,,,
Standard Deviation:,0,,,,
,,,,,
AAPL_10_day_MA_20240510.csv,120,0.1,0.5,50,0.001
10-day MA prediction after 5 days:,171.70969,,,,
Standard Deviation:,0,,,,
,,,,,
AAPL_10_day_MA_20240510.csv,120,0.1,0.5,50,0.01
10-day MA prediction after 5 days:,169.10321,,,,
Standard Deviation:,0,,,,
,,,,,
AAPL_10_day_MA_20240510.csv,120,0.1,0.5,50,0.1
10-day MA prediction after 5 days:,173.14592,,,,
Standard Deviation:,0,,,,
,,,,,
AAPL_10_day_MA_20240510.csv,120,0.1,0.5,100,0.001
10-day MA prediction after 5 days:,171.61226,,,,
Standard Deviation:,0,,,,
,,,,,
AAPL_10_day_MA_20240510.csv,120,0.1,0.5,100,0.01
10-day MA prediction after 5 days:,172.81827,,,,
Standard Deviation:,0,,,,
,,,,,
AAPL_10_day_MA_20240510.csv,120,0.1,0.5,100,0.1
10-day MA prediction after 5 days:,181.64159,,,,
Standard Deviation:,0,,,,
,,,,,
AAPL_10_day_MA_20240510.csv,120,0.1,0.5,150,0.001
10-day MA prediction after 5 days:,171.66815,,,,
Standard Deviation:,0,,,,
,,,,,
AAPL_10_day_MA_20240510.csv,120,0.1,0.5,150,0.01
10-day MA prediction after 5 days:,174.65561,,,,
Standard Deviation:,0,,,,
,,,,,
AAPL_10_day_MA_20240510.csv,120,0.1,0.5,150,0.1
10-day MA prediction after 5 days:,181.98384,,,,
Standard Deviation:,0,,,,
,,,,,
AAPL_10_day_MA_20240510.csv,120,0.1,0.5,200,0.001
10-day MA prediction after 5 days:,171.37149,,,,
Standard Deviation:,0,,,,
,,,,,
AAPL_10_day_MA_20240510.csv,120,0.1,0.5,200,0.01
10-day MA prediction after 5 days:,182.32652,,,,
Standard Deviation:,0,,,,
,,,,,
AAPL_10_day_MA_20240510.csv,120,0.1,0.5,200,0.1
10-day MA prediction after 5 days:,181.84308,,,,
Standard Deviation:,0,,,,
,,,,,
AAPL_10_day_MA_20240510.csv,120,0.2,0.1,50,0.001
10-day MA prediction after 5 days:,171.90347,,,,
Standard Deviation:,0,,,,
,,,,,
AAPL_10_day_MA_20240510.csv,120,0.2,0.1,50,0.01
10-day MA prediction after 5 days:,170.20117,,,,
Standard Deviation:,0,,,,
,,,,,
AAPL_10_day_MA_20240510.csv,120,0.2,0.1,50,0.1
10-day MA prediction after 5 days:,170.6804,,,,
Standard Deviation:,0,,,,
,,,,,
AAPL_10_day_MA_20240510.csv,120,0.2,0.1,100,0.001
10-day MA prediction after 5 days:,171.51152,,,,
Standard Deviation:,0,,,,
,,,,,
AAPL_10_day_MA_20240510.csv,120,0.2,0.1,100,0.01
10-day MA prediction after 5 days:,170.90108,,,,
Standard Deviation:,0,,,,
,,,,,
AAPL_10_day_MA_20240510.csv,120,0.2,0.1,100,0.1
10-day MA prediction after 5 days:,177.83928,,,,
Standard Deviation:,0,,,,
,,,,,
AAPL_10_day_MA_20240510.csv,120,0.2,0.1,150,0.001
10-day MA prediction after 5 days:,171.5486,,,,
Standard Deviation:,0,,,,
,,,,,
AAPL_10_day_MA_20240510.csv,120,0.2,0.1,150,0.01
10-day MA prediction after 5 days:,170.55515,,,,
Standard Deviation:,0,,,,
,,,,,
AAPL_10_day_MA_20240510.csv,120,0.2,0.1,150,0.1
10-day MA prediction after 5 days:,182.63759,,,,
Standard Deviation:,0,,,,
,,,,,
AAPL_10_day_MA_20240510.csv,120,0.2,0.1,200,0.001
10-day MA prediction after 5 days:,171.0571,,,,
Standard Deviation:,0,,,,
,,,,,
AAPL_10_day_MA_20240510.csv,120,0.2,0.1,200,0.01
10-day MA prediction after 5 days:,173.64812,,,,
Standard Deviation:,0,,,,
,,,,,
AAPL_10_day_MA_20240510.csv,120,0.2,0.1,200,0.1
10-day MA prediction after 5 days:,182.48189,,,,
Standard Deviation:,0,,,,
,,,,,
AAPL_10_day_MA_20240510.csv,120,0.2,0.2,50,0.001
10-day MA prediction after 5 days:,171.62337,,,,
Standard Deviation:,0,,,,
,,,,,
AAPL_10_day_MA_20240510.csv,120,0.2,0.2,50,0.01
10-day MA prediction after 5 days:,169.52231,,,,
Standard Deviation:,0,,,,
,,,,,
AAPL_10_day_MA_20240510.csv,120,0.2,0.2,50,0.1
10-day MA prediction after 5 days:,173.26913,,,,
Standard Deviation:,0,,,,
,,,,,
AAPL_10_day_MA_20240510.csv,120,0.2,0.2,100,0.001
10-day MA prediction after 5 days:,171.41959,,,,
Standard Deviation:,0,,,,
,,,,,
AAPL_10_day_MA_20240510.csv,120,0.2,0.2,100,0.01
10-day MA prediction after 5 days:,170.62614,,,,
Standard Deviation:,0,,,,
,,,,,
AAPL_10_day_MA_20240510.csv,120,0.2,0.2,100,0.1
10-day MA prediction after 5 days:,174.45374,,,,
Standard Deviation:,0,,,,
,,,,,
AAPL_10_day_MA_20240510.csv,120,0.2,0.2,150,0.001
10-day MA prediction after 5 days:,171.50844,,,,
Standard Deviation:,0,,,,
,,,,,
AAPL_10_day_MA_20240510.csv,120,0.2,0.2,150,0.01
10-day MA prediction after 5 days:,173.53424,,,,
Standard Deviation:,0,,,,
,,,,,
AAPL_10_day_MA_20240510.csv,120,0.2,0.2,150,0.1
10-day MA prediction after 5 days:,182.64871,,,,
Standard Deviation:,0,,,,
,,,,,
AAPL_10_day_MA_20240510.csv,120,0.2,0.2,200,0.001
10-day MA prediction after 5 days:,171.05064,,,,
Standard Deviation:,0,,,,
,,,,,
AAPL_10_day_MA_20240510.csv,120,0.2,0.2,200,0.01
10-day MA prediction after 5 days:,182.65169,,,,
Standard Deviation:,0,,,,
,,,,,
AAPL_10_day_MA_20240510.csv,120,0.2,0.2,200,0.1
10-day MA prediction after 5 days:,181.12576,,,,
Standard Deviation:,0,,,,
,,,,,
AAPL_10_day_MA_20240510.csv,120,0.2,0.3,50,0.001
10-day MA prediction after 5 days:,171.96541,,,,
Standard Deviation:,0,,,,
,,,,,
AAPL_10_day_MA_20240510.csv,120,0.2,0.3,50,0.01
10-day MA prediction after 5 days:,171.07167,,,,
Standard Deviation:,0,,,,
,,,,,
AAPL_10_day_MA_20240510.csv,120,0.2,0.3,50,0.1
10-day MA prediction after 5 days:,180.61511,,,,
Standard Deviation:,0,,,,
,,,,,
AAPL_10_day_MA_20240510.csv,120,0.2,0.3,100,0.001
10-day MA prediction after 5 days:,171.85875,,,,
Standard Deviation:,0,,,,
,,,,,
AAPL_10_day_MA_20240510.csv,120,0.2,0.3,100,0.01
10-day MA prediction after 5 days:,170.42078,,,,
Standard Deviation:,0,,,,
,,,,,
AAPL_10_day_MA_20240510.csv,120,0.2,0.3,100,0.1
10-day MA prediction after 5 days:,181.27232,,,,
Standard Deviation:,0,,,,
,,,,,
AAPL_10_day_MA_20240510.csv,120,0.2,0.3,150,0.001
10-day MA prediction after 5 days:,171.25111,,,,
Standard Deviation:,0,,,,
,,,,,
AAPL_10_day_MA_20240510.csv,120,0.2,0.3,150,0.01
10-day MA prediction after 5 days:,170.73409,,,,
Standard Deviation:,0,,,,
,,,,,
AAPL_10_day_MA_20240510.csv,120,0.2,0.3,150,0.1
10-day MA prediction after 5 days:,182.19684,,,,
Standard Deviation:,0,,,,
,,,,,
AAPL_10_day_MA_20240510.csv,120,0.2,0.3,200,0.001
10-day MA prediction after 5 days:,171.03307,,,,
Standard Deviation:,0,,,,
,,,,,
AAPL_10_day_MA_20240510.csv,120,0.2,0.3,200,0.01
10-day MA prediction after 5 days:,182.46242,,,,
Standard Deviation:,0,,,,
,,,,,
AAPL_10_day_MA_20240510.csv,120,0.2,0.3,200,0.1
10-day MA prediction after 5 days:,182.09532,,,,
Standard Deviation:,0,,,,
,,,,,
AAPL_10_day_MA_20240510.csv,120,0.2,0.5,50,0.001
10-day MA prediction after 5 days:,171.97023,,,,
Standard Deviation:,0,,,,
,,,,,
AAPL_10_day_MA_20240510.csv,120,0.2,0.5,50,0.01
10-day MA prediction after 5 days:,169.65646,,,,
Standard Deviation:,0,,,,
,,,,,
AAPL_10_day_MA_20240510.csv,120,0.2,0.5,50,0.1
10-day MA prediction after 5 days:,181.08562,,,,
Standard Deviation:,0,,,,
,,,,,
AAPL_10_day_MA_20240510.csv,120,0.2,0.5,100,0.001
10-day MA prediction after 5 days:,171.63242,,,,
Standard Deviation:,0,,,,
,,,,,
AAPL_10_day_MA_20240510.csv,120,0.2,0.5,100,0.01
10-day MA prediction after 5 days:,169.81865,,,,
Standard Deviation:,0,,,,
,,,,,
AAPL_10_day_MA_20240510.csv,120,0.2,0.5,100,0.1
10-day MA prediction after 5 days:,182.17798,,,,
Standard Deviation:,0,,,,
,,,,,
AAPL_10_day_MA_20240510.csv,120,0.2,0.5,150,0.001
10-day MA prediction after 5 days:,171.40874,,,,
Standard Deviation:,0,,,,
,,,,,
AAPL_10_day_MA_20240510.csv,120,0.2,0.5,150,0.01
10-day MA prediction after 5 days:,171.31534,,,,
Standard Deviation:,0,,,,
,,,,,
AAPL_10_day_MA_20240510.csv,120,0.2,0.5,150,0.1
10-day MA prediction after 5 days:,181.87611,,,,
Standard Deviation:,0,,,,
,,,,,
AAPL_10_day_MA_20240510.csv,120,0.2,0.5,200,0.001
10-day MA prediction after 5 days:,171.2475,,,,
Standard Deviation:,0,,,,
,,,,,
AAPL_10_day_MA_20240510.csv,120,0.2,0.5,200,0.01
10-day MA prediction after 5 days:,170.79086,,,,
Standard Deviation:,0,,,,
,,,,,
AAPL_10_day_MA_20240510.csv,120,0.2,0.5,200,0.1
10-day MA prediction after 5 days:,181.87634,,,,
Standard Deviation:,0,,,,
,,,,,
AAPL_10_day_MA_20240510.csv,120,0.3,0.1,50,0.001
10-day MA prediction after 5 days:,172.21318,,,,
Standard Deviation:,0,,,,
,,,,,
AAPL_10_day_MA_20240510.csv,120,0.3,0.1,50,0.01
10-day MA prediction after 5 days:,170.94882,,,,
Standard Deviation:,0,,,,
,,,,,
AAPL_10_day_MA_20240510.csv,120,0.3,0.1,50,0.1
10-day MA prediction after 5 days:,176.24391,,,,
Standard Deviation:,0,,,,
,,,,,
AAPL_10_day_MA_20240510.csv,120,0.3,0.1,100,0.001
10-day MA prediction after 5 days:,171.54408,,,,
Standard Deviation:,0,,,,
,,,,,
AAPL_10_day_MA_20240510.csv,120,0.3,0.1,100,0.01
10-day MA prediction after 5 days:,170.1149,,,,
Standard Deviation:,0,,,,
,,,,,
AAPL_10_day_MA_20240510.csv,120,0.3,0.1,100,0.1
10-day MA prediction after 5 days:,181.7512,,,,
Standard Deviation:,0,,,,
,,,,,
AAPL_10_day_MA_20240510.csv,120,0.3,0.1,150,0.001
10-day MA prediction after 5 days:,171.57596,,,,
Standard Deviation:,0,,,,
,,,,,
AAPL_10_day_MA_20240510.csv,120,0.3,0.1,150,0.01
10-day MA prediction after 5 days:,170.89102,,,,
Standard Deviation:,0,,,,
,,,,,
AAPL_10_day_MA_20240510.csv,120,0.3,0.1,150,0.1
10-day MA prediction after 5 days:,181.94753,,,,
Standard Deviation:,0,,,,
,,,,,
AAPL_10_day_MA_20240510.csv,120,0.3,0.1,200,0.001
10-day MA prediction after 5 days:,171.08527,,,,
Standard Deviation:,0,,,,
,,,,,
AAPL_10_day_MA_20240510.csv,120,0.3,0.1,200,0.01
10-day MA prediction after 5 days:,182.1498,,,,
Standard Deviation:,0,,,,
,,,,,
AAPL_10_day_MA_20240510.csv,120,0.3,0.1,200,0.1
10-day MA prediction after 5 days:,182.0141,,,,
Standard Deviation:,0,,,,
,,,,,
AAPL_10_day_MA_20240510.csv,120,0.3,0.2,50,0.001
10-day MA prediction after 5 days:,171.8316,,,,
Standard Deviation:,0,,,,
,,,,,
AAPL_10_day_MA_20240510.csv,120,0.3,0.2,50,0.01
10-day MA prediction after 5 days:,170.26132,,,,
Standard Deviation:,0,,,,
,,,,,
AAPL_10_day_MA_20240510.csv,120,0.3,0.2,50,0.1
10-day MA prediction after 5 days:,181.57547,,,,
Standard Deviation:,0,,,,
,,,,,
AAPL_10_day_MA_20240510.csv,120,0.3,0.2,100,0.001
10-day MA prediction after 5 days:,171.63234,,,,
Standard Deviation:,0,,,,
,,,,,
AAPL_10_day_MA_20240510.csv,120,0.3,0.2,100,0.01
10-day MA prediction after 5 days:,170.17438,,,,
Standard Deviation:,0,,,,
,,,,,
AAPL_10_day_MA_20240510.csv,120,0.3,0.2,100,0.1
10-day MA prediction after 5 days:,181.45363,,,,
Standard Deviation:,0,,,,
,,,,,
AAPL_10_day_MA_20240510.csv,120,0.3,0.2,150,0.001
10-day MA prediction after 5 days:,171.79303,,,,
Standard Deviation:,0,,,,
,,,,,
AAPL_10_day_MA_20240510.csv,120,0.3,0.2,150,0.01
10-day MA prediction after 5 days:,171.00435,,,,
Standard Deviation:,0,,,,
,,,,,
AAPL_10_day_MA_20240510.csv,120,0.3,0.2,150,0.1
10-day MA prediction after 5 days:,182.26497,,,,
Standard Deviation:,0,,,,
,,,,,
AAPL_10_day_MA_20240510.csv,120,0.3,0.2,200,0.001
10-day MA prediction after 5 days:,171.244,,,,
Standard Deviation:,0,,,,
,,,,,
AAPL_10_day_MA_20240510.csv,120,0.3,0.2,200,0.01
10-day MA prediction after 5 days:,175.6404,,,,
Standard Deviation:,0,,,,
,,,,,
AAPL_10_day_MA_20240510.csv,120,0.3,0.2,200,0.1
10-day MA prediction after 5 days:,181.89388,,,,
Standard Deviation:,0,,,,
,,,,,
AAPL_10_day_MA_20240510.csv,120,0.3,0.3,50,0.001
10-day MA prediction after 5 days:,171.77487,,,,
Standard Deviation:,0,,,,
,,,,,
AAPL_10_day_MA_20240510.csv,120,0.3,0.3,50,0.01
10-day MA prediction after 5 days:,169.99146,,,,
Standard Deviation:,0,,,,
,,,,,
AAPL_10_day_MA_20240510.csv,120,0.3,0.3,50,0.1
10-day MA prediction after 5 days:,181.39093,,,,
Standard Deviation:,0,,,,
,,,,,
AAPL_10_day_MA_20240510.csv,120,0.3,0.3,100,0.001
10-day MA prediction after 5 days:,172.64641,,,,
Standard Deviation:,0,,,,
,,,,,
AAPL_10_day_MA_20240510.csv,120,0.3,0.3,100,0.01
10-day MA prediction after 5 days:,170.86484,,,,
Standard Deviation:,0,,,,
,,,,,
AAPL_10_day_MA_20240510.csv,120,0.3,0.3,100,0.1
10-day MA prediction after 5 days:,181.62001,,,,
Standard Deviation:,0,,,,
,,,,,
AAPL_10_day_MA_20240510.csv,120,0.3,0.3,150,0.001
10-day MA prediction after 5 days:,171.32614,,,,
Standard Deviation:,0,,,,
,,,,,
AAPL_10_day_MA_20240510.csv,120,0.3,0.3,150,0.01
10-day MA prediction after 5 days:,171.48592,,,,
Standard Deviation:,0,,,,
,,,,,
AAPL_10_day_MA_20240510.csv,120,0.3,0.3,150,0.1
10-day MA prediction after 5 days:,181.9634,,,,
Standard Deviation:,0,,,,
,,,,,
AAPL_10_day_MA_20240510.csv,120,0.3,0.3,200,0.001
10-day MA prediction after 5 days:,171.2429,,,,
Standard Deviation:,0,,,,
,,,,,
AAPL_10_day_MA_20240510.csv,120,0.3,0.3,200,0.01
10-day MA prediction after 5 days:,173.18149,,,,
Standard Deviation:,0,,,,
,,,,,
AAPL_10_day_MA_20240510.csv,120,0.3,0.3,200,0.1
10-day MA prediction after 5 days:,181.70265,,,,
Standard Deviation:,0,,,,
,,,,,
AAPL_10_day_MA_20240510.csv,120,0.3,0.5,50,0.001
10-day MA prediction after 5 days:,171.67395,,,,
Standard Deviation:,0,,,,
,,,,,
AAPL_10_day_MA_20240510.csv,120,0.3,0.5,50,0.01
10-day MA prediction after 5 days:,170.67088,,,,
Standard Deviation:,0,,,,
,,,,,
AAPL_10_day_MA_20240510.csv,120,0.3,0.5,50,0.1
10-day MA prediction after 5 days:,171.66747,,,,
Standard Deviation:,0,,,,
,,,,,
AAPL_10_day_MA_20240510.csv,120,0.3,0.5,100,0.001
10-day MA prediction after 5 days:,171.39545,,,,
Standard Deviation:,0,,,,
,,,,,
AAPL_10_day_MA_20240510.csv,120,0.3,0.5,100,0.01
10-day MA prediction after 5 days:,171.14885,,,,
Standard Deviation:,0,,,,
,,,,,
AAPL_10_day_MA_20240510.csv,120,0.3,0.5,100,0.1
10-day MA prediction after 5 days:,181.96532,,,,
Standard Deviation:,0,,,,
,,,,,
AAPL_10_day_MA_20240510.csv,120,0.3,0.5,150,0.001
10-day MA prediction after 5 days:,171.27754,,,,
Standard Deviation:,0,,,,
,,,,,
AAPL_10_day_MA_20240510.csv,120,0.3,0.5,150,0.01
10-day MA prediction after 5 days:,170.17647,,,,
Standard Deviation:,0,,,,
,,,,,
AAPL_10_day_MA_20240510.csv,120,0.3,0.5,150,0.1
10-day MA prediction after 5 days:,181.64653,,,,
Standard Deviation:,0,,,,
,,,,,
AAPL_10_day_MA_20240510.csv,120,0.3,0.5,200,0.001
10-day MA prediction after 5 days:,171.16353,,,,
Standard Deviation:,0,,,,
,,,,,
AAPL_10_day_MA_20240510.csv,120,0.3,0.5,200,0.01
10-day MA prediction after 5 days:,176.51422,,,,
Standard Deviation:,0,,,,
,,,,,
AAPL_10_day_MA_20240510.csv,120,0.3,0.5,200,0.1
10-day MA prediction after 5 days:,181.30186,,,,
Standard Deviation:,0,,,,
,,,,,
AAPL_10_day_MA_20240510.csv,200,0.1,0.1,50,0.001
10-day MA prediction after 5 days:,170.3407,,,,
Standard Deviation:,0,,,,
,,,,,
AAPL_10_day_MA_20240510.csv,200,0.1,0.1,50,0.01
10-day MA prediction after 5 days:,170.47992,,,,
Standard Deviation:,0,,,,
,,,,,
AAPL_10_day_MA_20240510.csv,200,0.1,0.1,50,0.1
10-day MA prediction after 5 days:,171.08208,,,,
Standard Deviation:,0,,,,
,,,,,
AAPL_10_day_MA_20240510.csv,200,0.1,0.1,100,0.001
10-day MA prediction after 5 days:,170.35497,,,,
Standard Deviation:,0,,,,
,,,,,
AAPL_10_day_MA_20240510.csv,200,0.1,0.1,100,0.01
10-day MA prediction after 5 days:,170.62852,,,,
Standard Deviation:,0,,,,
,,,,,
AAPL_10_day_MA_20240510.csv,200,0.1,0.1,100,0.1
10-day MA prediction after 5 days:,171.29521,,,,
Standard Deviation:,0,,,,
,,,,,
AAPL_10_day_MA_20240510.csv,200,0.1,0.1,150,0.001
10-day MA prediction after 5 days:,170.4329,,,,
Standard Deviation:,0,,,,
,,,,,
AAPL_10_day_MA_20240510.csv,200,0.1,0.1,150,0.01
10-day MA prediction after 5 days:,170.30966,,,,
Standard Deviation:,0,,,,
,,,,,
AAPL_10_day_MA_20240510.csv,200,0.1,0.1,150,0.1
10-day MA prediction after 5 days:,165.75053,,,,
Standard Deviation:,0,,,,
,,,,,
AAPL_10_day_MA_20240510.csv,200,0.1,0.1,200,0.001
10-day MA prediction after 5 days:,170.59535,,,,
Standard Deviation:,0,,,,
,,,,,
AAPL_10_day_MA_20240510.csv,200,0.1,0.1,200,0.01
10-day MA prediction after 5 days:,169.53604,,,,
Standard Deviation:,0,,,,
,,,,,
AAPL_10_day_MA_20240510.csv,200,0.1,0.1,200,0.1
10-day MA prediction after 5 days:,166.90323,,,,
Standard Deviation:,0,,,,
,,,,,
AAPL_10_day_MA_20240510.csv,200,0.1,0.2,50,0.001
10-day MA prediction after 5 days:,170.42595,,,,
Standard Deviation:,0,,,,
,,,,,
AAPL_10_day_MA_20240510.csv,200,0.1,0.2,50,0.01
10-day MA prediction after 5 days:,170.55933,,,,
Standard Deviation:,0,,,,
,,,,,
AAPL_10_day_MA_20240510.csv,200,0.1,0.2,50,0.1
10-day MA prediction after 5 days:,171.96779,,,,
Standard Deviation:,0,,,,
,,,,,
AAPL_10_day_MA_20240510.csv,200,0.1,0.2,100,0.001
10-day MA prediction after 5 days:,170.35251,,,,
Standard Deviation:,0,,,,
,,,,,
AAPL_10_day_MA_20240510.csv,200,0.1,0.2,100,0.01
10-day MA prediction after 5 days:,170.4686,,,,
Standard Deviation:,0,,,,
,,,,,
AAPL_10_day_MA_20240510.csv,200,0.1,0.2,100,0.1
10-day MA prediction after 5 days:,166.08519,,,,
Standard Deviation:,0,,,,
,,,,,
AAPL_10_day_MA_20240510.csv,200,0.1,0.2,150,0.001
10-day MA prediction after 5 days:,170.45868,,,,
Standard Deviation:,0,,,,
,,,,,
AAPL_10_day_MA_20240510.csv,200,0.1,0.2,150,0.01
10-day MA prediction after 5 days:,170.58826,,,,
Standard Deviation:,0,,,,
,,,,,
AAPL_10_day_MA_20240510.csv,200,0.1,0.2,150,0.1
10-day MA prediction after 5 days:,170.29558,,,,
Standard Deviation:,0,,,,
,,,,,
AAPL_10_day_MA_20240510.csv,200,0.1,0.2,200,0.001
10-day MA prediction after 5 days:,170.45512,,,,
Standard Deviation:,0,,,,
,,,,,
AAPL_10_day_MA_20240510.csv,200,0.1,0.2,200,0.01
10-day MA prediction after 5 days:,170.91393,,,,
Standard Deviation:,0,,,,
,,,,,
AAPL_10_day_MA_20240510.csv,200,0.1,0.2,200,0.1
10-day MA prediction after 5 days:,169.97964,,,,
Standard Deviation:,0,,,,
,,,,,
AAPL_10_day_MA_20240510.csv,200,0.1,0.3,50,0.001
10-day MA prediction after 5 days:,170.14186,,,,
Standard Deviation:,0,,,,
,,,,,
AAPL_10_day_MA_20240510.csv,200,0.1,0.3,50,0.01
10-day MA prediction after 5 days:,170.35101,,,,
Standard Deviation:,0,,,,
,,,,,
AAPL_10_day_MA_20240510.csv,200,0.1,0.3,50,0.1
10-day MA prediction after 5 days:,172.56897,,,,
Standard Deviation:,0,,,,
,,,,,
AAPL_10_day_MA_20240510.csv,200,0.1,0.3,100,0.001
10-day MA prediction after 5 days:,170.30933,,,,
Standard Deviation:,0,,,,
,,,,,
AAPL_10_day_MA_20240510.csv,200,0.1,0.3,100,0.01
10-day MA prediction after 5 days:,170.44313,,,,
Standard Deviation:,0,,,,
,,,,,
AAPL_10_day_MA_20240510.csv,200,0.1,0.3,100,0.1
10-day MA prediction after 5 days:,173.17677,,,,
Standard Deviation:,0,,,,
,,,,,
AAPL_10_day_MA_20240510.csv,200,0.1,0.3,150,0.001
10-day MA prediction after 5 days:,170.3817,,,,
Standard Deviation:,0,,,,
,,,,,
AAPL_10_day_MA_20240510.csv,200,0.1,0.3,150,0.01
10-day MA prediction after 5 days:,170.4556,,,,
Standard Deviation:,0,,,,
,,,,,
AAPL_10_day_MA_20240510.csv,200,0.1,0.3,150,0.1
10-day MA prediction after 5 days:,172.33218,,,,
Standard Deviation:,0,,,,
,,,,,
AAPL_10_day_MA_20240510.csv,200,0.1,0.3,200,0.001
10-day MA prediction after 5 days:,170.44582,,,,
Standard Deviation:,0,,,,
,,,,,
AAPL_10_day_MA_20240510.csv,200,0.1,0.3,200,0.01
10-day MA prediction after 5 days:,171.17831,,,,
Standard Deviation:,0,,,,
,,,,,
AAPL_10_day_MA_20240510.csv,200,0.1,0.3,200,0.1
10-day MA prediction after 5 days:,nan,,,,
Standard Deviation:,nan,,,,
,,,,,
AAPL_10_day_MA_20240510.csv,200,0.1,0.5,50,0.001
10-day MA prediction after 5 days:,170.18141,,,,
Standard Deviation:,0,,,,
,,,,,
AAPL_10_day_MA_20240510.csv,200,0.1,0.5,50,0.01
10-day MA prediction after 5 days:,170.60448,,,,
Standard Deviation:,0,,,,
,,,,,
AAPL_10_day_MA_20240510.csv,200,0.1,0.5,50,0.1
10-day MA prediction after 5 days:,170.4355,,,,
Standard Deviation:,0,,,,
,,,,,
AAPL_10_day_MA_20240510.csv,200,0.1,0.5,100,0.001
10-day MA prediction after 5 days:,170.38516,,,,
Standard Deviation:,0,,,,
,,,,,
AAPL_10_day_MA_20240510.csv,200,0.1,0.5,100,0.01
10-day MA prediction after 5 days:,170.6573,,,,
Standard Deviation:,0,,,,
,,,,,
AAPL_10_day_MA_20240510.csv,200,0.1,0.5,100,0.1
10-day MA prediction after 5 days:,171.4321,,,,
Standard Deviation:,0,,,,
,,,,,
AAPL_10_day_MA_20240510.csv,200,0.1,0.5,150,0.001
10-day MA prediction after 5 days:,170.39996,,,,
Standard Deviation:,0,,,,
,,,,,
AAPL_10_day_MA_20240510.csv,200,0.1,0.5,150,0.01
10-day MA prediction after 5 days:,170.53636,,,,
Standard Deviation:,0,,,,
,,,,,
AAPL_10_day_MA_20240510.csv,200,0.1,0.5,150,0.1
10-day MA prediction after 5 days:,176.57784,,,,
Standard Deviation:,0,,,,
,,,,,
AAPL_10_day_MA_20240510.csv,200,0.1,0.5,200,0.001
10-day MA prediction after 5 days:,170.43193,,,,
Standard Deviation:,0,,,,
,,,,,
AAPL_10_day_MA_20240510.csv,200,0.1,0.5,200,0.01
10-day MA prediction after 5 days:,170.5197,,,,
Standard Deviation:,0,,,,
,,,,,
AAPL_10_day_MA_20240510.csv,200,0.1,0.5,200,0.1
10-day MA prediction after 5 days:,174.0244,,,,
Standard Deviation:,0,,,,
,,,,,
AAPL_10_day_MA_20240510.csv,200,0.2,0.1,50,0.001
10-day MA prediction after 5 days:,170.5571,,,,
Standard Deviation:,0,,,,
,,,,,
AAPL_10_day_MA_20240510.csv,200,0.2,0.1,50,0.01
10-day MA prediction after 5 days:,171.04486,,,,
Standard Deviation:,0,,,,
,,,,,
AAPL_10_day_MA_20240510.csv,200,0.2,0.1,50,0.1
10-day MA prediction after 5 days:,171.2148,,,,
Standard Deviation:,0,,,,
,,,,,
AAPL_10_day_MA_20240510.csv,200,0.2,0.1,100,0.001
10-day MA prediction after 5 days:,170.70816,,,,
Standard Deviation:,0,,,,
,,,,,
AAPL_10_day_MA_20240510.csv,200,0.2,0.1,100,0.01
10-day MA prediction after 5 days:,170.76161,,,,
Standard Deviation:,0,,,,
,,,,,
AAPL_10_day_MA_20240510.csv,200,0.2,0.1,100,0.1
10-day MA prediction after 5 days:,167.46964,,,,
Standard Deviation:,0,,,,
,,,,,
AAPL_10_day_MA_20240510.csv,200,0.2,0.1,150,0.001
10-day MA prediction after 5 days:,170.72342,,,,
Standard Deviation:,0,,,,
,,,,,
AAPL_10_day_MA_20240510.csv,200,0.2,0.1,150,0.01
10-day MA prediction after 5 days:,170.86795,,,,
Standard Deviation:,0,,,,
,,,,,
AAPL_10_day_MA_20240510.csv,200,0.2,0.1,150,0.1
10-day MA prediction after 5 days:,nan,,,,
Standard Deviation:,nan,,,,
,,,,,
AAPL_10_day_MA_20240510.csv,200,0.2,0.1,200,0.001
10-day MA prediction after 5 days:,170.89803,,,,
Standard Deviation:,0,,,,
,,,,,
AAPL_10_day_MA_20240510.csv,200,0.2,0.1,200,0.01
10-day MA prediction after 5 days:,170.7444,,,,
Standard Deviation:,0,,,,
,,,,,
AAPL_10_day_MA_20240510.csv,200,0.2,0.1,200,0.1
10-day MA prediction after 5 days:,nan,,,,
Standard Deviation:,nan,,,,
,,,,,
AAPL_10_day_MA_20240510.csv,200,0.2,0.2,50,0.001
10-day MA prediction after 5 days:,170.66481,,,,
Standard Deviation:,0,,,,
,,,,,
AAPL_10_day_MA_20240510.csv,200,0.2,0.2,50,0.01
10-day MA prediction after 5 days:,171.26889,,,,
Standard Deviation:,0,,,,
,,,,,
AAPL_10_day_MA_20240510.csv,200,0.2,0.2,50,0.1
10-day MA prediction after 5 days:,171.31187,,,,
Standard Deviation:,0,,,,
,,,,,
AAPL_10_day_MA_20240510.csv,200,0.2,0.2,100,0.001
10-day MA prediction after 5 days:,170.72298,,,,
Standard Deviation:,0,,,,
,,,,,
AAPL_10_day_MA_20240510.csv,200,0.2,0.2,100,0.01
10-day MA prediction after 5 days:,170.80453,,,,
Standard Deviation:,0,,,,
,,,,,
AAPL_10_day_MA_20240510.csv,200,0.2,0.2,100,0.1
10-day MA prediction after 5 days:,nan,,,,
Standard Deviation:,nan,,,,
,,,,,
AAPL_10_day_MA_20240510.csv,200,0.2,0.2,150,0.001
10-day MA prediction after 5 days:,170.74026,,,,
Standard Deviation:,0,,,,
,,,,,
AAPL_10_day_MA_20240510.csv,200,0.2,0.2,150,0.01
10-day MA prediction after 5 days:,170.91006,,,,
Standard Deviation:,0,,,,
,,,,,
AAPL_10_day_MA_20240510.csv,200,0.2,0.2,150,0.1
10-day MA prediction after 5 days:,173.36336,,,,
Standard Deviation:,0,,,,
,,,,,
AAPL_10_day_MA_20240510.csv,200,0.2,0.2,200,0.001
10-day MA prediction after 5 days:,170.88173,,,,
Standard Deviation:,0,,,,
,,,,,
AAPL_10_day_MA_20240510.csv,200,0.2,0.2,200,0.01
10-day MA prediction after 5 days:,170.72371,,,,
Standard Deviation:,0,,,,
,,,,,
AAPL_10_day_MA_20240510.csv,200,0.2,0.2,200,0.1
10-day MA prediction after 5 days:,171.84636,,,,
Standard Deviation:,0,,,,
,,,,,
AAPL_10_day_MA_20240510.csv,200,0.2,0.3,50,0.001
10-day MA prediction after 5 days:,170.5984,,,,
Standard Deviation:,0,,,,
,,,,,
AAPL_10_day_MA_20240510.csv,200,0.2,0.3,50,0.01
10-day MA prediction after 5 days:,170.97061,,,,
Standard Deviation:,0,,,,
,,,,,
AAPL_10_day_MA_20240510.csv,200,0.2,0.3,50,0.1
10-day MA prediction after 5 days:,171.7296,,,,
Standard Deviation:,0,,,,
,,,,,
AAPL_10_day_MA_20240510.csv,200,0.2,0.3,100,0.001
10-day MA prediction after 5 days:,170.71936,,,,
Standard Deviation:,0,,,,
,,,,,
AAPL_10_day_MA_20240510.csv,200,0.2,0.3,100,0.01
10-day MA prediction after 5 days:,170.65804,,,,
Standard Deviation:,0,,,,
,,,,,
AAPL_10_day_MA_20240510.csv,200,0.2,0.3,100,0.1
10-day MA prediction after 5 days:,172.89832,,,,
Standard Deviation:,0,,,,
,,,,,
AAPL_10_day_MA_20240510.csv,200,0.2,0.3,150,0.001
10-day MA prediction after 5 days:,170.70424,,,,
Standard Deviation:,0,,,,
,,,,,
AAPL_10_day_MA_20240510.csv,200,0.2,0.3,150,0.01
10-day MA prediction after 5 days:,170.9564,,,,
Standard Deviation:,0,,,,
,,,,,
AAPL_10_day_MA_20240510.csv,200,0.2,0.3,150,0.1
10-day MA prediction after 5 days:,nan,,,,
Standard Deviation:,nan,,,,
,,,,,
AAPL_10_day_MA_20240510.csv,200,0.2,0.3,200,0.001
10-day MA prediction after 5 days:,170.80983,,,,
Standard Deviation:,0,,,,
,,,,,
AAPL_10_day_MA_20240510.csv,200,0.2,0.3,200,0.01
10-day MA prediction after 5 days:,169.98195,,,,
Standard Deviation:,0,,,,
,,,,,
AAPL_10_day_MA_20240510.csv,200,0.2,0.3,200,0.1
10-day MA prediction after 5 days:,174.48721,,,,
Standard Deviation:,0,,,,
,,,,,
AAPL_10_day_MA_20240510.csv,200,0.2,0.5,50,0.001
10-day MA prediction after 5 days:,170.56978,,,,
Standard Deviation:,0,,,,
,,,,,
AAPL_10_day_MA_20240510.csv,200,0.2,0.5,50,0.01
10-day MA prediction after 5 days:,170.9766,,,,
Standard Deviation:,0,,,,
,,,,,
AAPL_10_day_MA_20240510.csv,200,0.2,0.5,50,0.1
10-day MA prediction after 5 days:,169.94572,,,,
Standard Deviation:,0,,,,
,,,,,
AAPL_10_day_MA_20240510.csv,200,0.2,0.5,100,0.001
10-day MA prediction after 5 days:,170.60216,,,,
Standard Deviation:,0,,,,
,,,,,
AAPL_10_day_MA_20240510.csv,200,0.2,0.5,100,0.01
10-day MA prediction after 5 days:,170.8266,,,,
Standard Deviation:,0,,,,
,,,,,
AAPL_10_day_MA_20240510.csv,200,0.2,0.5,100,0.1
10-day MA prediction after 5 days:,173.8531,,,,
Standard Deviation:,0,,,,
,,,,,
AAPL_10_day_MA_20240510.csv,200,0.2,0.5,150,0.001
10-day MA prediction after 5 days:,170.894,,,,
Standard Deviation:,0,,,,
,,,,,
AAPL_10_day_MA_20240510.csv,200,0.2,0.5,150,0.01
10-day MA prediction after 5 days:,171.1181,,,,
Standard Deviation:,0,,,,
,,,,,
AAPL_10_day_MA_20240510.csv,200,0.2,0.5,150,0.1
10-day MA prediction after 5 days:,174.28014,,,,
Standard Deviation:,0,,,,
,,,,,
AAPL_10_day_MA_20240510.csv,200,0.2,0.5,200,0.001
10-day MA prediction after 5 days:,170.93187,,,,
Standard Deviation:,0,,,,
,,,,,
AAPL_10_day_MA_20240510.csv,200,0.2,0.5,200,0.01
10-day MA prediction after 5 days:,171.02425,,,,
Standard Deviation:,0,,,,
,,,,,
AAPL_10_day_MA_20240510.csv,200,0.2,0.5,200,0.1
10-day MA prediction after 5 days:,170.08368,,,,
Standard Deviation:,0,,,,
,,,,,
AAPL_10_day_MA_20240510.csv,200,0.3,0.1,50,0.001
10-day MA prediction after 5 days:,170.80641,,,,
Standard Deviation:,0,,,,
,,,,,
AAPL_10_day_MA_20240510.csv,200,0.3,0.1,50,0.01
10-day MA prediction after 5 days:,171.17079,,,,
Standard Deviation:,0,,,,
,,,,,
AAPL_10_day_MA_20240510.csv,200,0.3,0.1,50,0.1
10-day MA prediction after 5 days:,172.23076,,,,
Standard Deviation:,0,,,,
,,,,,
AAPL_10_day_MA_20240510.csv,200,0.3,0.1,100,0.001
10-day MA prediction after 5 days:,170.84618,,,,
Standard Deviation:,0,,,,
,,,,,
AAPL_10_day_MA_20240510.csv,200,0.3,0.1,100,0.01
10-day MA prediction after 5 days:,171.27437,,,,
Standard Deviation:,0,,,,
,,,,,
AAPL_10_day_MA_20240510.csv,200,0.3,0.1,100,0.1
10-day MA prediction after 5 days:,172.12566,,,,
Standard Deviation:,0,,,,
,,,,,
AAPL_10_day_MA_20240510.csv,200,0.3,0.1,150,0.001
10-day MA prediction after 5 days:,170.9351,,,,
Standard Deviation:,0,,,,
,,,,,
AAPL_10_day_MA_20240510.csv,200,0.3,0.1,150,0.01
10-day MA prediction after 5 days:,171.38974,,,,
Standard Deviation:,0,,,,
,,,,,
AAPL_10_day_MA_20240510.csv,200,0.3,0.1,150,0.1
10-day MA prediction after 5 days:,171.72513,,,,
Standard Deviation:,0,,,,
,,,,,
AAPL_10_day_MA_20240510.csv,200,0.3,0.1,200,0.001
10-day MA prediction after 5 days:,170.98666,,,,
Standard Deviation:,0,,,,
,,,,,
AAPL_10_day_MA_20240510.csv,200,0.3,0.1,200,0.01
10-day MA prediction after 5 days:,171.00952,,,,
Standard Deviation:,0,,,,
,,,,,
AAPL_10_day_MA_20240510.csv,200,0.3,0.1,200,0.1
10-day MA prediction after 5 days:,171.3481,,,,
Standard Deviation:,0,,,,
,,,,,
AAPL_10_day_MA_20240510.csv,200,0.3,0.2,50,0.001
10-day MA prediction after 5 days:,170.80746,,,,
Standard Deviation:,0,,,,
,,,,,
AAPL_10_day_MA_20240510.csv,200,0.3,0.2,50,0.01
10-day MA prediction after 5 days:,171.30339,,,,
Standard Deviation:,0,,,,
,,,,,
AAPL_10_day_MA_20240510.csv,200,0.3,0.2,50,0.1
10-day MA prediction after 5 days:,172.32086,,,,
Standard Deviation:,0,,,,
,,,,,
AAPL_10_day_MA_20240510.csv,200,0.3,0.2,100,0.001
10-day MA prediction after 5 days:,170.88255,,,,
Standard Deviation:,0,,,,
,,,,,
AAPL_10_day_MA_20240510.csv,200,0.3,0.2,100,0.01
10-day MA prediction after 5 days:,171.30347,,,,
Standard Deviation:,0,,,,
,,,,,
AAPL_10_day_MA_20240510.csv,200,0.3,0.2,100,0.1
10-day MA prediction after 5 days:,168.15485,,,,
Standard Deviation:,0,,,,
,,,,,
AAPL_10_day_MA_20240510.csv,200,0.3,0.2,150,0.001
10-day MA prediction after 5 days:,171.08395,,,,
Standard Deviation:,0,,,,
,,,,,
AAPL_10_day_MA_20240510.csv,200,0.3,0.2,150,0.01
10-day MA prediction after 5 days:,171.43166,,,,
Standard Deviation:,0,,,,
,,,,,
AAPL_10_day_MA_20240510.csv,200,0.3,0.2,150,0.1
10-day MA prediction after 5 days:,175.38298,,,,
Standard Deviation:,0,,,,
,,,,,
AAPL_10_day_MA_20240510.csv,200,0.3,0.2,200,0.001
10-day MA prediction after 5 days:,170.94339,,,,
Standard Deviation:,0,,,,
,,,,,
AAPL_10_day_MA_20240510.csv,200,0.3,0.2,200,0.01
10-day MA prediction after 5 days:,170.937,,,,
Standard Deviation:,0,,,,
,,,,,
AAPL_10_day_MA_20240510.csv,200,0.3,0.2,200,0.1
10-day MA prediction after 5 days:,nan,,,,
Standard Deviation:,nan,,,,
,,,,,
AAPL_10_day_MA_20240510.csv,200,0.3,0.3,50,0.001
10-day MA prediction after 5 days:,170.77338,,,,
Standard Deviation:,0,,,,
,,,,,
AAPL_10_day_MA_20240510.csv,200,0.3,0.3,50,0.01
10-day MA prediction after 5 days:,171.18546,,,,
Standard Deviation:,0,,,,
,,,,,
AAPL_10_day_MA_20240510.csv,200,0.3,0.3,50,0.1
10-day MA prediction after 5 days:,171.90561,,,,
Standard Deviation:,0,,,,
,,,,,
AAPL_10_day_MA_20240510.csv,200,0.3,0.3,100,0.001
10-day MA prediction after 5 days:,170.96167,,,,
Standard Deviation:,0,,,,
,,,,,
AAPL_10_day_MA_20240510.csv,200,0.3,0.3,100,0.01
10-day MA prediction after 5 days:,171.13553,,,,
Standard Deviation:,0,,,,
,,,,,
AAPL_10_day_MA_20240510.csv,200,0.3,0.3,100,0.1
10-day MA prediction after 5 days:,nan,,,,
Standard Deviation:,nan,,,,
,,,,,
AAPL_10_day_MA_20240510.csv,200,0.3,0.3,150,0.001
10-day MA prediction after 5 days:,171.00337,,,,
Standard Deviation:,0,,,,
,,,,,
AAPL_10_day_MA_20240510.csv,200,0.3,0.3,150,0.01
10-day MA prediction after 5 days:,171.05316,,,,
Standard Deviation:,0,,,,
,,,,,
AAPL_10_day_MA_20240510.csv,200,0.3,0.3,150,0.1
10-day MA prediction after 5 days:,nan,,,,
Standard Deviation:,nan,,,,
,,,,,
AAPL_10_day_MA_20240510.csv,200,0.3,0.3,200,0.001
10-day MA prediction after 5 days:,170.99629,,,,
Standard Deviation:,0,,,,
,,,,,
AAPL_10_day_MA_20240510.csv,200,0.3,0.3,200,0.01
10-day MA prediction after 5 days:,171.33894,,,,
Standard Deviation:,0,,,,
,,,,,
AAPL_10_day_MA_20240510.csv,200,0.3,0.3,200,0.1
10-day MA prediction after 5 days:,nan,,,,
Standard Deviation:,nan,,,,
,,,,,
AAPL_10_day_MA_20240510.csv,200,0.3,0.5,50,0.001
10-day MA prediction after 5 days:,170.6129,,,,
Standard Deviation:,0,,,,
,,,,,
AAPL_10_day_MA_20240510.csv,200,0.3,0.5,50,0.01
10-day MA prediction after 5 days:,171.18326,,,,
Standard Deviation:,0,,,,
,,,,,
AAPL_10_day_MA_20240510.csv,200,0.3,0.5,50,0.1
10-day MA prediction after 5 days:,169.54465,,,,
Standard Deviation:,0,,,,
,,,,,
AAPL_10_day_MA_20240510.csv,200,0.3,0.5,100,0.001
10-day MA prediction after 5 days:,170.93674,,,,
Standard Deviation:,0,,,,
,,,,,
AAPL_10_day_MA_20240510.csv,200,0.3,0.5,100,0.01
10-day MA prediction after 5 days:,171.19446,,,,
Standard Deviation:,0,,,,
,,,,,
AAPL_10_day_MA_20240510.csv,200,0.3,0.5,100,0.1
10-day MA prediction after 5 days:,171.6587,,,,
Standard Deviation:,0,,,,
,,,,,
AAPL_10_day_MA_20240510.csv,200,0.3,0.5,150,0.001
10-day MA prediction after 5 days:,170.82306,,,,
Standard Deviation:,0,,,,
,,,,,
AAPL_10_day_MA_20240510.csv,200,0.3,0.5,150,0.01
10-day MA prediction after 5 days:,170.88063,,,,
Standard Deviation:,0,,,,
,,,,,
AAPL_10_day_MA_20240510.csv,200,0.3,0.5,150,0.1
10-day MA prediction after 5 days:,172.27814,,,,
Standard Deviation:,0,,,,
,,,,,
AAPL_10_day_MA_20240510.csv,200,0.3,0.5,200,0.001
10-day MA prediction after 5 days:,171.01839,,,,
Standard Deviation:,0,,,,
,,,,,
AAPL_10_day_MA_20240510.csv,200,0.3,0.5,200,0.01
10-day MA prediction after 5 days:,171.7182,,,,
Standard Deviation:,0,,,,
,,,,,
AAPL_10_day_MA_20240510.csv,200,0.3,0.5,200,0.1
10-day MA prediction after 5 days:,177.19795,,,,
Standard Deviation:,0,,,,