KO_10_day_MA_20230715.csv,30,0.1,0.1,50,0.001
10-day MA prediction after 5 days:,61.366,,,,
Standard Deviation:,0,,,,
,,,,,
KO_10_day_MA_20230715.csv,30,0.1,0.1,50,0.01
10-day MA prediction after 5 days:,61.19354,,,,
Standard Deviation:,0,,,,
,,,,,
KO_10_day_MA_20230715.csv,30,0.1,0.1,50,0.1
10-day MA prediction after 5 days:,60.781536,,,,
Standard Deviation:,0,,,,
,,,,,
KO_10_day_MA_20230715.csv,30,0.1,0.1,100,0.001
10-day MA prediction after 5 days:,61.396656,,,,
Standard Deviation:,0,,,,
,,,,,
KO_10_day_MA_20230715.csv,30,0.1,0.1,100,0.01
10-day MA prediction after 5 days:,60.79885,,,,
Standard Deviation:,0,,,,
,,,,,
KO_10_day_MA_20230715.csv,30,0.1,0.1,100,0.1
10-day MA prediction after 5 days:,60.82565,,,,
Standard Deviation:,0,,,,
,,,,,
KO_10_day_MA_20230715.csv,30,0.1,0.1,150,0.001
10-day MA prediction after 5 days:,61.3847,,,,
Standard Deviation:,0,,,,
,,,,,
KO_10_day_MA_20230715.csv,30,0.1,0.1,150,0.01
10-day MA prediction after 5 days:,61.388584,,,,
Standard Deviation:,0,,,,
,,,,,
KO_10_day_MA_20230715.csv,30,0.1,0.1,150,0.1
10-day MA prediction after 5 days:,60.82487,,,,
Standard Deviation:,0,,,,
,,,,,
KO_10_day_MA_20230715.csv,30,0.1,0.1,200,0.001
10-day MA prediction after 5 days:,61.381027,,,,
Standard Deviation:,0,,,,
,,,,,
KO_10_day_MA_20230715.csv,30,0.1,0.1,200,0.01
10-day MA prediction after 5 days:,61.321896,,,,
Standard Deviation:,0,,,,
,,,,,
KO_10_day_MA_20230715.csv,30,0.1,0.1,200,0.1
10-day MA prediction after 5 days:,60.833992,,,,
Standard Deviation:,0,,,,
,,,,,
KO_10_day_MA_20230715.csv,30,0.1,0.2,50,0.001
10-day MA prediction after 5 days:,61.385845,,,,
Standard Deviation:,0,,,,
,,,,,
KO_10_day_MA_20230715.csv,30,0.1,0.2,50,0.01
10-day MA prediction after 5 days:,61.077724,,,,
Standard Deviation:,0,,,,
,,,,,
KO_10_day_MA_20230715.csv,30,0.1,0.2,50,0.1
10-day MA prediction after 5 days:,60.78949,,,,
Standard Deviation:,0,,,,
,,,,,
KO_10_day_MA_20230715.csv,30,0.1,0.2,100,0.001
10-day MA prediction after 5 days:,61.406425,,,,
Standard Deviation:,0,,,,
,,,,,
KO_10_day_MA_20230715.csv,30,0.1,0.2,100,0.01
10-day MA prediction after 5 days:,61.323692,,,,
Standard Deviation:,0,,,,
,,,,,
KO_10_day_MA_20230715.csv,30,0.1,0.2,100,0.1
10-day MA prediction after 5 days:,60.75175,,,,
Standard Deviation:,0,,,,
,,,,,
KO_10_day_MA_20230715.csv,30,0.1,0.2,150,0.001
10-day MA prediction after 5 days:,61.39466,,,,
Standard Deviation:,0,,,,
,,,,,
KO_10_day_MA_20230715.csv,30,0.1,0.2,150,0.01
10-day MA prediction after 5 days:,61.40023,,,,
Standard Deviation:,0,,,,
,,,,,
KO_10_day_MA_20230715.csv,30,0.1,0.2,150,0.1
10-day MA prediction after 5 days:,60.81978,,,,
Standard Deviation:,0,,,,
,,,,,
KO_10_day_MA_20230715.csv,30,0.1,0.2,200,0.001
10-day MA prediction after 5 days:,61.318966,,,,
Standard Deviation:,0,,,,
,,,,,
KO_10_day_MA_20230715.csv,30,0.1,0.2,200,0.01
10-day MA prediction after 5 days:,61.287548,,,,
Standard Deviation:,0,,,,
,,,,,
KO_10_day_MA_20230715.csv,30,0.1,0.2,200,0.1
10-day MA prediction after 5 days:,60.527557,,,,
Standard Deviation:,0,,,,
,,,,,
KO_10_day_MA_20230715.csv,30,0.1,0.3,50,0.001
10-day MA prediction after 5 days:,61.401398,,,,
Standard Deviation:,0,,,,
,,,,,
KO_10_day_MA_20230715.csv,30,0.1,0.3,50,0.01
10-day MA prediction after 5 days:,61.203354,,,,
Standard Deviation:,0,,,,
,,,,,
KO_10_day_MA_20230715.csv,30,0.1,0.3,50,0.1
10-day MA prediction after 5 days:,60.5521,,,,
Standard Deviation:,0,,,,
,,,,,
KO_10_day_MA_20230715.csv,30,0.1,0.3,100,0.001
10-day MA prediction after 5 days:,61.438465,,,,
Standard Deviation:,0,,,,
,,,,,
KO_10_day_MA_20230715.csv,30,0.1,0.3,100,0.01
10-day MA prediction after 5 days:,61.31033,,,,
Standard Deviation:,0,,,,
,,,,,
KO_10_day_MA_20230715.csv,30,0.1,0.3,100,0.1
10-day MA prediction after 5 days:,60.74057,,,,
Standard Deviation:,0,,,,
,,,,,
KO_10_day_MA_20230715.csv,30,0.1,0.3,150,0.001
10-day MA prediction after 5 days:,61.38863,,,,
Standard Deviation:,0,,,,
,,,,,
KO_10_day_MA_20230715.csv,30,0.1,0.3,150,0.01
10-day MA prediction after 5 days:,61.37788,,,,
Standard Deviation:,0,,,,
,,,,,
KO_10_day_MA_20230715.csv,30,0.1,0.3,150,0.1
10-day MA prediction after 5 days:,60.862495,,,,
Standard Deviation:,0,,,,
,,,,,
KO_10_day_MA_20230715.csv,30,0.1,0.3,200,0.001
10-day MA prediction after 5 days:,61.313778,,,,
Standard Deviation:,0,,,,
,,,,,
KO_10_day_MA_20230715.csv,30,0.1,0.3,200,0.01
10-day MA prediction after 5 days:,61.282894,,,,
Standard Deviation:,0,,,,
,,,,,
KO_10_day_MA_20230715.csv,30,0.1,0.3,200,0.1
10-day MA prediction after 5 days:,60.739246,,,,
Standard Deviation:,0,,,,
,,,,,
KO_10_day_MA_20230715.csv,30,0.1,0.5,50,0.001
10-day MA prediction after 5 days:,61.263084,,,,
Standard Deviation:,0,,,,
,,,,,
KO_10_day_MA_20230715.csv,30,0.1,0.5,50,0.01
10-day MA prediction after 5 days:,61.238594,,,,
Standard Deviation:,0,,,,
,,,,,
KO_10_day_MA_20230715.csv,30,0.1,0.5,50,0.1
10-day MA prediction after 5 days:,60.75646,,,,
Standard Deviation:,0,,,,
,,,,,
KO_10_day_MA_20230715.csv,30,0.1,0.5,100,0.001
10-day MA prediction after 5 days:,61.38274,,,,
Standard Deviation:,0,,,,
,,,,,
KO_10_day_MA_20230715.csv,30,0.1,0.5,100,0.01
10-day MA prediction after 5 days:,61.23677,,,,
Standard Deviation:,0,,,,
,,,,,
KO_10_day_MA_20230715.csv,30,0.1,0.5,100,0.1
10-day MA prediction after 5 days:,60.66272,,,,
Standard Deviation:,0,,,,
,,,,,
KO_10_day_MA_20230715.csv,30,0.1,0.5,150,0.001
10-day MA prediction after 5 days:,61.36072,,,,
Standard Deviation:,0,,,,
,,,,,
KO_10_day_MA_20230715.csv,30,0.1,0.5,150,0.01
10-day MA prediction after 5 days:,61.276497,,,,
Standard Deviation:,0,,,,
,,,,,
KO_10_day_MA_20230715.csv,30,0.1,0.5,150,0.1
10-day MA prediction after 5 days:,60.72188,,,,
Standard Deviation:,0,,,,
,,,,,
KO_10_day_MA_20230715.csv,30,0.1,0.5,200,0.001
10-day MA prediction after 5 days:,61.299213,,,,
Standard Deviation:,0,,,,
,,,,,
KO_10_day_MA_20230715.csv,30,0.1,0.5,200,0.01
10-day MA prediction after 5 days:,61.345444,,,,
Standard Deviation:,0,,,,
,,,,,
KO_10_day_MA_20230715.csv,30,0.1,0.5,200,0.1
10-day MA prediction after 5 days:,60.75938,,,,
Standard Deviation:,0,,,,
,,,,,
KO_10_day_MA_20230715.csv,30,0.2,0.1,50,0.001
10-day MA prediction after 5 days:,61.45219,,,,
Standard Deviation:,0,,,,
,,,,,
KO_10_day_MA_20230715.csv,30,0.2,0.1,50,0.01
10-day MA prediction after 5 days:,61.140366,,,,
Standard Deviation:,0,,,,
,,,,,
KO_10_day_MA_20230715.csv,30,0.2,0.1,50,0.1
10-day MA prediction after 5 days:,60.651596,,,,
Standard Deviation:,0,,,,
,,,,,
KO_10_day_MA_20230715.csv,30,0.2,0.1,100,0.001
10-day MA prediction after 5 days:,61.41659,,,,
Standard Deviation:,0,,,,
,,,,,
KO_10_day_MA_20230715.csv,30,0.2,0.1,100,0.01
10-day MA prediction after 5 days:,61.295876,,,,
Standard Deviation:,0,,,,
,,,,,
KO_10_day_MA_20230715.csv,30,0.2,0.1,100,0.1
10-day MA prediction after 5 days:,60.689274,,,,
Standard Deviation:,0,,,,
,,,,,
KO_10_day_MA_20230715.csv,30,0.2,0.1,150,0.001
10-day MA prediction after 5 days:,61.41895,,,,
Standard Deviation:,0,,,,
,,,,,
KO_10_day_MA_20230715.csv,30,0.2,0.1,150,0.01
10-day MA prediction after 5 days:,60.89195,,,,
Standard Deviation:,0,,,,
,,,,,
KO_10_day_MA_20230715.csv,30,0.2,0.1,150,0.1
10-day MA prediction after 5 days:,60.689682,,,,
Standard Deviation:,0,,,,
,,,,,
KO_10_day_MA_20230715.csv,30,0.2,0.1,200,0.001
10-day MA prediction after 5 days:,61.2903,,,,
Standard Deviation:,0,,,,
,,,,,
KO_10_day_MA_20230715.csv,30,0.2,0.1,200,0.01
10-day MA prediction after 5 days:,61.375957,,,,
Standard Deviation:,0,,,,
,,,,,
KO_10_day_MA_20230715.csv,30,0.2,0.1,200,0.1
10-day MA prediction after 5 days:,60.79028,,,,
Standard Deviation:,0,,,,
,,,,,
KO_10_day_MA_20230715.csv,30,0.2,0.2,50,0.001
10-day MA prediction after 5 days:,61.34596,,,,
Standard Deviation:,0,,,,
,,,,,
KO_10_day_MA_20230715.csv,30,0.2,0.2,50,0.01
10-day MA prediction after 5 days:,61.33722,,,,
Standard Deviation:,0,,,,
,,,,,
KO_10_day_MA_20230715.csv,30,0.2,0.2,50,0.1
10-day MA prediction after 5 days:,60.580208,,,,
Standard Deviation:,0,,,,
,,,,,
KO_10_day_MA_20230715.csv,30,0.2,0.2,100,0.001
10-day MA prediction after 5 days:,61.446095,,,,
Standard Deviation:,0,,,,
,,,,,
KO_10_day_MA_20230715.csv,30,0.2,0.2,100,0.01
10-day MA prediction after 5 days:,61.22198,,,,
Standard Deviation:,0,,,,
,,,,,
KO_10_day_MA_20230715.csv,30,0.2,0.2,100,0.1
10-day MA prediction after 5 days:,60.6717,,,,
Standard Deviation:,0,,,,
,,,,,
KO_10_day_MA_20230715.csv,30,0.2,0.2,150,0.001
10-day MA prediction after 5 days:,61.331947,,,,
Standard Deviation:,0,,,,
,,,,,
KO_10_day_MA_20230715.csv,30,0.2,0.2,150,0.01
10-day MA prediction after 5 days:,61.27787,,,,
Standard Deviation:,0,,,,
,,,,,
KO_10_day_MA_20230715.csv,30,0.2,0.2,150,0.1
10-day MA prediction after 5 days:,60.647778,,,,
Standard Deviation:,0,,,,
,,,,,
KO_10_day_MA_20230715.csv,30,0.2,0.2,200,0.001
10-day MA prediction after 5 days:,61.255596,,,,
Standard Deviation:,0,,,,
,,,,,
KO_10_day_MA_20230715.csv,30,0.2,0.2,200,0.01
10-day MA prediction after 5 days:,61.270954,,,,
Standard Deviation:,0,,,,
,,,,,
KO_10_day_MA_20230715.csv,30,0.2,0.2,200,0.1
10-day MA prediction after 5 days:,60.52955,,,,
Standard Deviation:,0,,,,
,,,,,
KO_10_day_MA_20230715.csv,30,0.2,0.3,50,0.001
10-day MA prediction after 5 days:,61.238285,,,,
Standard Deviation:,0,,,,
,,,,,
KO_10_day_MA_20230715.csv,30,0.2,0.3,50,0.01
10-day MA prediction after 5 days:,61.13682,,,,
Standard Deviation:,0,,,,
,,,,,
KO_10_day_MA_20230715.csv,30,0.2,0.3,50,0.1
10-day MA prediction after 5 days:,60.580296,,,,
Standard Deviation:,0,,,,
,,,,,
KO_10_day_MA_20230715.csv,30,0.2,0.3,100,0.001
10-day MA prediction after 5 days:,61.438953,,,,
Standard Deviation:,0,,,,
,,,,,
KO_10_day_MA_20230715.csv,30,0.2,0.3,100,0.01
10-day MA prediction after 5 days:,61.186047,,,,
Standard Deviation:,0,,,,
,,,,,
KO_10_day_MA_20230715.csv,30,0.2,0.3,100,0.1
10-day MA prediction after 5 days:,60.583485,,,,
Standard Deviation:,0,,,,
,,,,,
KO_10_day_MA_20230715.csv,30,0.2,0.3,150,0.001
10-day MA prediction after 5 days:,61.32547,,,,
Standard Deviation:,0,,,,
,,,,,
KO_10_day_MA_20230715.csv,30,0.2,0.3,150,0.01
10-day MA prediction after 5 days:,61.32614,,,,
Standard Deviation:,0,,,,
,,,,,
KO_10_day_MA_20230715.csv,30,0.2,0.3,150,0.1
10-day MA prediction after 5 days:,60.725533,,,,
Standard Deviation:,0,,,,
,,,,,
KO_10_day_MA_20230715.csv,30,0.2,0.3,200,0.001
10-day MA prediction after 5 days:,61.29408,,,,
Standard Deviation:,0,,,,
,,,,,
KO_10_day_MA_20230715.csv,30,0.2,0.3,200,0.01
10-day MA prediction after 5 days:,60.66025,,,,
Standard Deviation:,0,,,,
,,,,,
KO_10_day_MA_20230715.csv,30,0.2,0.3,200,0.1
10-day MA prediction after 5 days:,60.67239,,,,
Standard Deviation:,0,,,,
,,,,,
KO_10_day_MA_20230715.csv,30,0.2,0.5,50,0.001
10-day MA prediction after 5 days:,61.134193,,,,
Standard Deviation:,0,,,,
,,,,,
KO_10_day_MA_20230715.csv,30,0.2,0.5,50,0.01
10-day MA prediction after 5 days:,61.246136,,,,
Standard Deviation:,0,,,,
,,,,,
KO_10_day_MA_20230715.csv,30,0.2,0.5,50,0.1
10-day MA prediction after 5 days:,60.694645,,,,
Standard Deviation:,0,,,,
,,,,,
KO_10_day_MA_20230715.csv,30,0.2,0.5,100,0.001
10-day MA prediction after 5 days:,61.324097,,,,
Standard Deviation:,0,,,,
,,,,,
KO_10_day_MA_20230715.csv,30,0.2,0.5,100,0.01
10-day MA prediction after 5 days:,61.274963,,,,
Standard Deviation:,0,,,,
,,,,,
KO_10_day_MA_20230715.csv,30,0.2,0.5,100,0.1
10-day MA prediction after 5 days:,60.52746,,,,
Standard Deviation:,0,,,,
,,,,,
KO_10_day_MA_20230715.csv,30,0.2,0.5,150,0.001
10-day MA prediction after 5 days:,61.28981,,,,
Standard Deviation:,0,,,,
,,,,,
KO_10_day_MA_20230715.csv,30,0.2,0.5,150,0.01
10-day MA prediction after 5 days:,61.250317,,,,
Standard Deviation:,0,,,,
,,,,,
KO_10_day_MA_20230715.csv,30,0.2,0.5,150,0.1
10-day MA prediction after 5 days:,60.512638,,,,
Standard Deviation:,0,,,,
,,,,,
KO_10_day_MA_20230715.csv,30,0.2,0.5,200,0.001
10-day MA prediction after 5 days:,61.28329,,,,
Standard Deviation:,0,,,,
,,,,,
KO_10_day_MA_20230715.csv,30,0.2,0.5,200,0.01
10-day MA prediction after 5 days:,60.9119,,,,
Standard Deviation:,0,,,,
,,,,,
KO_10_day_MA_20230715.csv,30,0.2,0.5,200,0.1
10-day MA prediction after 5 days:,60.606636,,,,
Standard Deviation:,0,,,,
,,,,,
KO_10_day_MA_20230715.csv,30,0.3,0.1,50,0.001
10-day MA prediction after 5 days:,61.424847,,,,
Standard Deviation:,0,,,,
,,,,,
KO_10_day_MA_20230715.csv,30,0.3,0.1,50,0.01
10-day MA prediction after 5 days:,61.213394,,,,
Standard Deviation:,0,,,,
,,,,,
KO_10_day_MA_20230715.csv,30,0.3,0.1,50,0.1
10-day MA prediction after 5 days:,60.56479,,,,
Standard Deviation:,0,,,,
,,,,,
KO_10_day_MA_20230715.csv,30,0.3,0.1,100,0.001
10-day MA prediction after 5 days:,61.408363,,,,
Standard Deviation:,0,,,,
,,,,,
KO_10_day_MA_20230715.csv,30,0.3,0.1,100,0.01
10-day MA prediction after 5 days:,61.41297,,,,
Standard Deviation:,0,,,,
,,,,,
KO_10_day_MA_20230715.csv,30,0.3,0.1,100,0.1
10-day MA prediction after 5 days:,60.806156,,,,
Standard Deviation:,0,,,,
,,,,,
KO_10_day_MA_20230715.csv,30,0.3,0.1,150,0.001
10-day MA prediction after 5 days:,61.394806,,,,
Standard Deviation:,0,,,,
,,,,,
KO_10_day_MA_20230715.csv,30,0.3,0.1,150,0.01
10-day MA prediction after 5 days:,61.2916,,,,
Standard Deviation:,0,,,,
,,,,,
KO_10_day_MA_20230715.csv,30,0.3,0.1,150,0.1
10-day MA prediction after 5 days:,60.733665,,,,
Standard Deviation:,0,,,,
,,,,,
KO_10_day_MA_20230715.csv,30,0.3,0.1,200,0.001
10-day MA prediction after 5 days:,61.369274,,,,
Standard Deviation:,0,,,,
,,,,,
KO_10_day_MA_20230715.csv,30,0.3,0.1,200,0.01
10-day MA prediction after 5 days:,61.406597,,,,
Standard Deviation:,0,,,,
,,,,,
KO_10_day_MA_20230715.csv,30,0.3,0.1,200,0.1
10-day MA prediction after 5 days:,60.78931,,,,
Standard Deviation:,0,,,,
,,,,,
KO_10_day_MA_20230715.csv,30,0.3,0.2,50,0.001
10-day MA prediction after 5 days:,61.33597,,,,
Standard Deviation:,0,,,,
,,,,,
KO_10_day_MA_20230715.csv,30,0.3,0.2,50,0.01
10-day MA prediction after 5 days:,61.379055,,,,
Standard Deviation:,0,,,,
,,,,,
KO_10_day_MA_20230715.csv,30,0.3,0.2,50,0.1
10-day MA prediction after 5 days:,60.656204,,,,
Standard Deviation:,0,,,,
,,,,,
KO_10_day_MA_20230715.csv,30,0.3,0.2,100,0.001
10-day MA prediction after 5 days:,61.535515,,,,
Standard Deviation:,0,,,,
,,,,,
KO_10_day_MA_20230715.csv,30,0.3,0.2,100,0.01
10-day MA prediction after 5 days:,61.488743,,,,
Standard Deviation:,0,,,,
,,,,,
KO_10_day_MA_20230715.csv,30,0.3,0.2,100,0.1
10-day MA prediction after 5 days:,60.812695,,,,
Standard Deviation:,0,,,,
,,,,,
KO_10_day_MA_20230715.csv,30,0.3,0.2,150,0.001
10-day MA prediction after 5 days:,61.395927,,,,
Standard Deviation:,0,,,,
,,,,,
KO_10_day_MA_20230715.csv,30,0.3,0.2,150,0.01
10-day MA prediction after 5 days:,61.302685,,,,
Standard Deviation:,0,,,,
,,,,,
KO_10_day_MA_20230715.csv,30,0.3,0.2,150,0.1
10-day MA prediction after 5 days:,60.922333,,,,
Standard Deviation:,0,,,,
,,,,,
KO_10_day_MA_20230715.csv,30,0.3,0.2,200,0.001
10-day MA prediction after 5 days:,61.353832,,,,
Standard Deviation:,0,,,,
,,,,,
KO_10_day_MA_20230715.csv,30,0.3,0.2,200,0.01
10-day MA prediction after 5 days:,61.201443,,,,
Standard Deviation:,0,,,,
,,,,,
KO_10_day_MA_20230715.csv,30,0.3,0.2,200,0.1
10-day MA prediction after 5 days:,60.880764,,,,
Standard Deviation:,0,,,,
,,,,,
KO_10_day_MA_20230715.csv,30,0.3,0.3,50,0.001
10-day MA prediction after 5 days:,61.333344,,,,
Standard Deviation:,0,,,,
,,,,,
KO_10_day_MA_20230715.csv,30,0.3,0.3,50,0.01
10-day MA prediction after 5 days:,61.274292,,,,
Standard Deviation:,0,,,,
,,,,,
KO_10_day_MA_20230715.csv,30,0.3,0.3,50,0.1
10-day MA prediction after 5 days:,60.535862,,,,
Standard Deviation:,0,,,,
,,,,,
KO_10_day_MA_20230715.csv,30,0.3,0.3,100,0.001
10-day MA prediction after 5 days:,61.425697,,,,
Standard Deviation:,0,,,,
,,,,,
KO_10_day_MA_20230715.csv,30,0.3,0.3,100,0.01
10-day MA prediction after 5 days:,61.342106,,,,
Standard Deviation:,0,,,,
,,,,,
KO_10_day_MA_20230715.csv,30,0.3,0.3,100,0.1
10-day MA prediction after 5 days:,60.63512,,,,
Standard Deviation:,0,,,,
,,,,,
KO_10_day_MA_20230715.csv,30,0.3,0.3,150,0.001
10-day MA prediction after 5 days:,61.359634,,,,
Standard Deviation:,0,,,,
,,,,,
KO_10_day_MA_20230715.csv,30,0.3,0.3,150,0.01
10-day MA prediction after 5 days:,61.27877,,,,
Standard Deviation:,0,,,,
,,,,,
KO_10_day_MA_20230715.csv,30,0.3,0.3,150,0.1
10-day MA prediction after 5 days:,60.751854,,,,
Standard Deviation:,0,,,,
,,,,,
KO_10_day_MA_20230715.csv,30,0.3,0.3,200,0.001
10-day MA prediction after 5 days:,61.382263,,,,
Standard Deviation:,0,,,,
,,,,,
KO_10_day_MA_20230715.csv,30,0.3,0.3,200,0.01
10-day MA prediction after 5 days:,61.425846,,,,
Standard Deviation:,0,,,,
,,,,,
KO_10_day_MA_20230715.csv,30,0.3,0.3,200,0.1
10-day MA prediction after 5 days:,60.754784,,,,
Standard Deviation:,0,,,,
,,,,,
KO_10_day_MA_20230715.csv,30,0.3,0.5,50,0.001
10-day MA prediction after 5 days:,61.152527,,,,
Standard Deviation:,0,,,,
,,,,,
KO_10_day_MA_20230715.csv,30,0.3,0.5,50,0.01
10-day MA prediction after 5 days:,61.413128,,,,
Standard Deviation:,0,,,,
,,,,,
KO_10_day_MA_20230715.csv,30,0.3,0.5,50,0.1
10-day MA prediction after 5 days:,60.6026,,,,
Standard Deviation:,0,,,,
,,,,,
KO_10_day_MA_20230715.csv,30,0.3,0.5,100,0.001
10-day MA prediction after 5 days:,61.400326,,,,
Standard Deviation:,0,,,,
,,,,,
KO_10_day_MA_20230715.csv,30,0.3,0.5,100,0.01
10-day MA prediction after 5 days:,61.378414,,,,
Standard Deviation:,0,,,,
,,,,,
KO_10_day_MA_20230715.csv,30,0.3,0.5,100,0.1
10-day MA prediction after 5 days:,60.541985,,,,
Standard Deviation:,0,,,,
,,,,,
KO_10_day_MA_20230715.csv,30,0.3,0.5,150,0.001
10-day MA prediction after 5 days:,61.32748,,,,
Standard Deviation:,0,,,,
,,,,,
KO_10_day_MA_20230715.csv,30,0.3,0.5,150,0.01
10-day MA prediction after 5 days:,61.29037,,,,
Standard Deviation:,0,,,,
,,,,,
KO_10_day_MA_20230715.csv,30,0.3,0.5,150,0.1
10-day MA prediction after 5 days:,60.67882,,,,
Standard Deviation:,0,,,,
,,,,,
KO_10_day_MA_20230715.csv,30,0.3,0.5,200,0.001
10-day MA prediction after 5 days:,61.321033,,,,
Standard Deviation:,0,,,,
,,,,,
KO_10_day_MA_20230715.csv,30,0.3,0.5,200,0.01
10-day MA prediction after 5 days:,61.34053,,,,
Standard Deviation:,0,,,,
,,,,,
KO_10_day_MA_20230715.csv,30,0.3,0.5,200,0.1
10-day MA prediction after 5 days:,60.75242,,,,
Standard Deviation:,0,,,,
,,,,,
KO_10_day_MA_20230715.csv,60,0.1,0.1,50,0.001
10-day MA prediction after 5 days:,61.316536,,,,
Standard Deviation:,0,,,,
,,,,,
KO_10_day_MA_20230715.csv,60,0.1,0.1,50,0.01
10-day MA prediction after 5 days:,60.65182,,,,
Standard Deviation:,0,,,,
,,,,,
KO_10_day_MA_20230715.csv,60,0.1,0.1,50,0.1
10-day MA prediction after 5 days:,61.184544,,,,
Standard Deviation:,0,,,,
,,,,,
KO_10_day_MA_20230715.csv,60,0.1,0.1,100,0.001
10-day MA prediction after 5 days:,61.33149,,,,
Standard Deviation:,0,,,,
,,,,,
KO_10_day_MA_20230715.csv,60,0.1,0.1,100,0.01
10-day MA prediction after 5 days:,61.090275,,,,
Standard Deviation:,0,,,,
,,,,,
KO_10_day_MA_20230715.csv,60,0.1,0.1,100,0.1
10-day MA prediction after 5 days:,61.34175,,,,
Standard Deviation:,0,,,,
,,,,,
KO_10_day_MA_20230715.csv,60,0.1,0.1,150,0.001
10-day MA prediction after 5 days:,61.25762,,,,
Standard Deviation:,0,,,,
,,,,,
KO_10_day_MA_20230715.csv,60,0.1,0.1,150,0.01
10-day MA prediction after 5 days:,61.106308,,,,
Standard Deviation:,0,,,,
,,,,,
KO_10_day_MA_20230715.csv,60,0.1,0.1,150,0.1
10-day MA prediction after 5 days:,61.340927,,,,
Standard Deviation:,0,,,,
,,,,,
KO_10_day_MA_20230715.csv,60,0.1,0.1,200,0.001
10-day MA prediction after 5 days:,60.993763,,,,
Standard Deviation:,0,,,,
,,,,,
KO_10_day_MA_20230715.csv,60,0.1,0.1,200,0.01
10-day MA prediction after 5 days:,61.40199,,,,
Standard Deviation:,0,,,,
,,,,,
KO_10_day_MA_20230715.csv,60,0.1,0.1,200,0.1
10-day MA prediction after 5 days:,61.345844,,,,
Standard Deviation:,0,,,,
,,,,,
KO_10_day_MA_20230715.csv,60,0.1,0.2,50,0.001
10-day MA prediction after 5 days:,61.30208,,,,
Standard Deviation:,0,,,,
,,,,,
KO_10_day_MA_20230715.csv,60,0.1,0.2,50,0.01
10-day MA prediction after 5 days:,61.231167,,,,
Standard Deviation:,0,,,,
,,,,,
KO_10_day_MA_20230715.csv,60,0.1,0.2,50,0.1
10-day MA prediction after 5 days:,61.29672,,,,
Standard Deviation:,0,,,,
,,,,,
KO_10_day_MA_20230715.csv,60,0.1,0.2,100,0.001
10-day MA prediction after 5 days:,61.386898,,,,
Standard Deviation:,0,,,,
,,,,,
KO_10_day_MA_20230715.csv,60,0.1,0.2,100,0.01
10-day MA prediction after 5 days:,60.963352,,,,
Standard Deviation:,0,,,,
,,,,,
KO_10_day_MA_20230715.csv,60,0.1,0.2,100,0.1
10-day MA prediction after 5 days:,61.41047,,,,
Standard Deviation:,0,,,,
,,,,,
KO_10_day_MA_20230715.csv,60,0.1,0.2,150,0.001
10-day MA prediction after 5 days:,61.349495,,,,
Standard Deviation:,0,,,,
,,,,,
KO_10_day_MA_20230715.csv,60,0.1,0.2,150,0.01
10-day MA prediction after 5 days:,60.544827,,,,
Standard Deviation:,0,,,,
,,,,,
KO_10_day_MA_20230715.csv,60,0.1,0.2,150,0.1
10-day MA prediction after 5 days:,61.36427,,,,
Standard Deviation:,0,,,,
,,,,,
KO_10_day_MA_20230715.csv,60,0.1,0.2,200,0.001
10-day MA prediction after 5 days:,61.19964,,,,
Standard Deviation:,0,,,,
,,,,,
KO_10_day_MA_20230715.csv,60,0.1,0.2,200,0.01
10-day MA prediction after 5 days:,60.68324,,,,
Standard Deviation:,0,,,,
,,,,,
KO_10_day_MA_20230715.csv,60,0.1,0.2,200,0.1
10-day MA prediction after 5 days:,61.358227,,,,
Standard Deviation:,0,,,,
,,,,,
KO_10_day_MA_20230715.csv,60,0.1,0.3,50,0.001
10-day MA prediction after 5 days:,61.218853,,,,
Standard Deviation:,0,,,,
,,,,,
KO_10_day_MA_20230715.csv,60,0.1,0.3,50,0.01
10-day MA prediction after 5 days:,60.494503,,,,
Standard Deviation:,0,,,,
,,,,,
KO_10_day_MA_20230715.csv,60,0.1,0.3,50,0.1
10-day MA prediction after 5 days:,61.17869,,,,
Standard Deviation:,0,,,,
,,,,,
KO_10_day_MA_20230715.csv,60,0.1,0.3,100,0.001
10-day MA prediction after 5 days:,61.444286,,,,
Standard Deviation:,0,,,,
,,,,,
KO_10_day_MA_20230715.csv,60,0.1,0.3,100,0.01
10-day MA prediction after 5 days:,61.38312,,,,
Standard Deviation:,0,,,,
,,,,,
KO_10_day_MA_20230715.csv,60,0.1,0.3,100,0.1
10-day MA prediction after 5 days:,61.282547,,,,
Standard Deviation:,0,,,,
,,,,,
KO_10_day_MA_20230715.csv,60,0.1,0.3,150,0.001
10-day MA prediction after 5 days:,61.223755,,,,
Standard Deviation:,0,,,,
,,,,,
KO_10_day_MA_20230715.csv,60,0.1,0.3,150,0.01
10-day MA prediction after 5 days:,61.31033,,,,
Standard Deviation:,0,,,,
,,,,,
KO_10_day_MA_20230715.csv,60,0.1,0.3,150,0.1
10-day MA prediction after 5 days:,61.373524,,,,
Standard Deviation:,0,,,,
,,,,,
KO_10_day_MA_20230715.csv,60,0.1,0.3,200,0.001
10-day MA prediction after 5 days:,61.174545,,,,
Standard Deviation:,0,,,,
,,,,,
KO_10_day_MA_20230715.csv,60,0.1,0.3,200,0.01
10-day MA prediction after 5 days:,60.869984,,,,
Standard Deviation:,0,,,,
,,,,,
KO_10_day_MA_20230715.csv,60,0.1,0.3,200,0.1
10-day MA prediction after 5 days:,61.325382,,,,
Standard Deviation:,0,,,,
,,,,,
KO_10_day_MA_20230715.csv,60,0.1,0.5,50,0.001
10-day MA prediction after 5 days:,61.183987,,,,
Standard Deviation:,0,,,,
,,,,,
KO_10_day_MA_20230715.csv,60,0.1,0.5,50,0.01
10-day MA prediction after 5 days:,61.30477,,,,
Standard Deviation:,0,,,,
,,,,,
KO_10_day_MA_20230715.csv,60,0.1,0.5,50,0.1
10-day MA prediction after 5 days:,61.178825,,,,
Standard Deviation:,0,,,,
,,,,,
KO_10_day_MA_20230715.csv,60,0.1,0.5,100,0.001
10-day MA prediction after 5 days:,61.317165,,,,
Standard Deviation:,0,,,,
,,,,,
KO_10_day_MA_20230715.csv,60,0.1,0.5,100,0.01
10-day MA prediction after 5 days:,61.215298,,,,
Standard Deviation:,0,,,,
,,,,,
KO_10_day_MA_20230715.csv,60,0.1,0.5,100,0.1
10-day MA prediction after 5 days:,61.076214,,,,
Standard Deviation:,0,,,,
,,,,,
KO_10_day_MA_20230715.csv,60,0.1,0.5,150,0.001
10-day MA prediction after 5 days:,61.24015,,,,
Standard Deviation:,0,,,,
,,,,,
KO_10_day_MA_20230715.csv,60,0.1,0.5,150,0.01
10-day MA prediction after 5 days:,60.536537,,,,
Standard Deviation:,0,,,,
,,,,,
KO_10_day_MA_20230715.csv,60,0.1,0.5,150,0.1
10-day MA prediction after 5 days:,61.24901,,,,
Standard Deviation:,0,,,,
,,,,,
KO_10_day_MA_20230715.csv,60,0.1,0.5,200,0.001
10-day MA prediction after 5 days:,61.106945,,,,
Standard Deviation:,0,,,,
,,,,,
KO_10_day_MA_20230715.csv,60,0.1,0.5,200,0.01
10-day MA prediction after 5 days:,61.262596,,,,
Standard Deviation:,0,,,,
,,,,,
KO_10_day_MA_20230715.csv,60,0.1,0.5,200,0.1
10-day MA prediction after 5 days:,61.29684,,,,
Standard Deviation:,0,,,,
,,,,,
KO_10_day_MA_20230715.csv,60,0.2,0.1,50,0.001
10-day MA prediction after 5 days:,61.10057,,,,
Standard Deviation:,0,,,,
,,,,,
KO_10_day_MA_20230715.csv,60,0.2,0.1,50,0.01
10-day MA prediction after 5 days:,60.73922,,,,
Standard Deviation:,0,,,,
,,,,,
KO_10_day_MA_20230715.csv,60,0.2,0.1,50,0.1
10-day MA prediction after 5 days:,60.974342,,,,
Standard Deviation:,0,,,,
,,,,,
KO_10_day_MA_20230715.csv,60,0.2,0.1,100,0.001
10-day MA prediction after 5 days:,61.388454,,,,
Standard Deviation:,0,,,,
,,,,,
KO_10_day_MA_20230715.csv,60,0.2,0.1,100,0.01
10-day MA prediction after 5 days:,61.37628,,,,
Standard Deviation:,0,,,,
,,,,,
KO_10_day_MA_20230715.csv,60,0.2,0.1,100,0.1
10-day MA prediction after 5 days:,61.30704,,,,
Standard Deviation:,0,,,,
,,,,,
KO_10_day_MA_20230715.csv,60,0.2,0.1,150,0.001
10-day MA prediction after 5 days:,61.146927,,,,
Standard Deviation:,0,,,,
,,,,,
KO_10_day_MA_20230715.csv,60,0.2,0.1,150,0.01
10-day MA prediction after 5 days:,61.352257,,,,
Standard Deviation:,0,,,,
,,,,,
KO_10_day_MA_20230715.csv,60,0.2,0.1,150,0.1
10-day MA prediction after 5 days:,61.403824,,,,
Standard Deviation:,0,,,,
,,,,,
KO_10_day_MA_20230715.csv,60,0.2,0.1,200,0.001
10-day MA prediction after 5 days:,61.297817,,,,
Standard Deviation:,0,,,,
,,,,,
KO_10_day_MA_20230715.csv,60,0.2,0.1,200,0.01
10-day MA prediction after 5 days:,61.34737,,,,
Standard Deviation:,0,,,,
,,,,,
KO_10_day_MA_20230715.csv,60,0.2,0.1,200,0.1
10-day MA prediction after 5 days:,61.12659,,,,
Standard Deviation:,0,,,,
,,,,,
KO_10_day_MA_20230715.csv,60,0.2,0.2,50,0.001
10-day MA prediction after 5 days:,61.159374,,,,
Standard Deviation:,0,,,,
,,,,,
KO_10_day_MA_20230715.csv,60,0.2,0.2,50,0.01
10-day MA prediction after 5 days:,60.495914,,,,
Standard Deviation:,0,,,,
,,,,,
KO_10_day_MA_20230715.csv,60,0.2,0.2,50,0.1
10-day MA prediction after 5 days:,61.128662,,,,
Standard Deviation:,0,,,,
,,,,,
KO_10_day_MA_20230715.csv,60,0.2,0.2,100,0.001
10-day MA prediction after 5 days:,61.420975,,,,
Standard Deviation:,0,,,,
,,,,,
KO_10_day_MA_20230715.csv,60,0.2,0.2,100,0.01
10-day MA prediction after 5 days:,60.670452,,,,
Standard Deviation:,0,,,,
,,,,,
KO_10_day_MA_20230715.csv,60,0.2,0.2,100,0.1
10-day MA prediction after 5 days:,61.197838,,,,
Standard Deviation:,0,,,,
,,,,,
KO_10_day_MA_20230715.csv,60,0.2,0.2,150,0.001
10-day MA prediction after 5 days:,61.20173,,,,
Standard Deviation:,0,,,,
,,,,,
KO_10_day_MA_20230715.csv,60,0.2,0.2,150,0.01
10-day MA prediction after 5 days:,61.269962,,,,
Standard Deviation:,0,,,,
,,,,,
KO_10_day_MA_20230715.csv,60,0.2,0.2,150,0.1
10-day MA prediction after 5 days:,61.29871,,,,
Standard Deviation:,0,,,,
,,,,,
KO_10_day_MA_20230715.csv,60,0.2,0.2,200,0.001
10-day MA prediction after 5 days:,61.36785,,,,
Standard Deviation:,0,,,,
,,,,,
KO_10_day_MA_20230715.csv,60,0.2,0.2,200,0.01
10-day MA prediction after 5 days:,60.755825,,,,
Standard Deviation:,0,,,,
,,,,,
KO_10_day_MA_20230715.csv,60,0.2,0.2,200,0.1
10-day MA prediction after 5 days:,61.54007,,,,
Standard Deviation:,0,,,,
,,,,,
KO_10_day_MA_20230715.csv,60,0.2,0.3,50,0.001
10-day MA prediction after 5 days:,61.02924,,,,
Standard Deviation:,0,,,,
,,,,,
KO_10_day_MA_20230715.csv,60,0.2,0.3,50,0.01
10-day MA prediction after 5 days:,60.72316,,,,
Standard Deviation:,0,,,,
,,,,,
KO_10_day_MA_20230715.csv,60,0.2,0.3,50,0.1
10-day MA prediction after 5 days:,61.121902,,,,
Standard Deviation:,0,,,,
,,,,,
KO_10_day_MA_20230715.csv,60,0.2,0.3,100,0.001
10-day MA prediction after 5 days:,61.295765,,,,
Standard Deviation:,0,,,,
,,,,,
KO_10_day_MA_20230715.csv,60,0.2,0.3,100,0.01
10-day MA prediction after 5 days:,61.056164,,,,
Standard Deviation:,0,,,,
,,,,,
KO_10_day_MA_20230715.csv,60,0.2,0.3,100,0.1
10-day MA prediction after 5 days:,61.27642,,,,
Standard Deviation:,0,,,,
,,,,,
KO_10_day_MA_20230715.csv,60,0.2,0.3,150,0.001
10-day MA prediction after 5 days:,61.22634,,,,
Standard Deviation:,0,,,,
,,,,,
KO_10_day_MA_20230715.csv,60,0.2,0.3,150,0.01
10-day MA prediction after 5 days:,61.177456,,,,
Standard Deviation:,0,,,,
,,,,,
KO_10_day_MA_20230715.csv,60,0.2,0.3,150,0.1
10-day MA prediction after 5 days:,61.306915,,,,
Standard Deviation:,0,,,,
,,,,,
KO_10_day_MA_20230715.csv,60,0.2,0.3,200,0.001
10-day MA prediction after 5 days:,61.0865,,,,
Standard Deviation:,0,,,,
,,,,,
KO_10_day_MA_20230715.csv,60,0.2,0.3,200,0.01
10-day MA prediction after 5 days:,60.8561,,,,
Standard Deviation:,0,,,,
,,,,,
KO_10_day_MA_20230715.csv,60,0.2,0.3,200,0.1
10-day MA prediction after 5 days:,61.23158,,,,
Standard Deviation:,0,,,,
,,,,,
KO_10_day_MA_20230715.csv,60,0.2,0.5,50,0.001
10-day MA prediction after 5 days:,61.102417,,,,
Standard Deviation:,0,,,,
,,,,,
KO_10_day_MA_20230715.csv,60,0.2,0.5,50,0.01
10-day MA prediction after 5 days:,61.186146,,,,
Standard Deviation:,0,,,,
,,,,,
KO_10_day_MA_20230715.csv,60,0.2,0.5,50,0.1
10-day MA prediction after 5 days:,61.180267,,,,
Standard Deviation:,0,,,,
,,,,,
KO_10_day_MA_20230715.csv,60,0.2,0.5,100,0.001
10-day MA prediction after 5 days:,61.270435,,,,
Standard Deviation:,0,,,,
,,,,,
KO_10_day_MA_20230715.csv,60,0.2,0.5,100,0.01
10-day MA prediction after 5 days:,61.330894,,,,
Standard Deviation:,0,,,,
,,,,,
KO_10_day_MA_20230715.csv,60,0.2,0.5,100,0.1
10-day MA prediction after 5 days:,61.023193,,,,
Standard Deviation:,0,,,,
,,,,,
KO_10_day_MA_20230715.csv,60,0.2,0.5,150,0.001
10-day MA prediction after 5 days:,61.32401,,,,
Standard Deviation:,0,,,,
,,,,,
KO_10_day_MA_20230715.csv,60,0.2,0.5,150,0.01
10-day MA prediction after 5 days:,60.57502,,,,
Standard Deviation:,0,,,,
,,,,,
KO_10_day_MA_20230715.csv,60,0.2,0.5,150,0.1
10-day MA prediction after 5 days:,61.211155,,,,
Standard Deviation:,0,,,,
,,,,,
KO_10_day_MA_20230715.csv,60,0.2,0.5,200,0.001
10-day MA prediction after 5 days:,61.13039,,,,
Standard Deviation:,0,,,,
,,,,,
KO_10_day_MA_20230715.csv,60,0.2,0.5,200,0.01
10-day MA prediction after 5 days:,61.314953,,,,
Standard Deviation:,0,,,,
,,,,,
KO_10_day_MA_20230715.csv,60,0.2,0.5,200,0.1
10-day MA prediction after 5 days:,61.41869,,,,
Standard Deviation:,0,,,,
,,,,,
KO_10_day_MA_20230715.csv,60,0.3,0.1,50,0.001
10-day MA prediction after 5 days:,61.304016,,,,
Standard Deviation:,0,,,,
,,,,,
KO_10_day_MA_20230715.csv,60,0.3,0.1,50,0.01
10-day MA prediction after 5 days:,61.321125,,,,
Standard Deviation:,0,,,,
,,,,,
KO_10_day_MA_20230715.csv,60,0.3,0.1,50,0.1
10-day MA prediction after 5 days:,61.266075,,,,
Standard Deviation:,0,,,,
,,,,,
KO_10_day_MA_20230715.csv,60,0.3,0.1,100,0.001
10-day MA prediction after 5 days:,61.37866,,,,
Standard Deviation:,0,,,,
,,,,,
KO_10_day_MA_20230715.csv,60,0.3,0.1,100,0.01
10-day MA prediction after 5 days:,61.08769,,,,
Standard Deviation:,0,,,,
,,,,,
KO_10_day_MA_20230715.csv,60,0.3,0.1,100,0.1
10-day MA prediction after 5 days:,61.286648,,,,
Standard Deviation:,0,,,,
,,,,,
KO_10_day_MA_20230715.csv,60,0.3,0.1,150,0.001
10-day MA prediction after 5 days:,61.26557,,,,
Standard Deviation:,0,,,,
,,,,,
KO_10_day_MA_20230715.csv,60,0.3,0.1,150,0.01
10-day MA prediction after 5 days:,60.801235,,,,
Standard Deviation:,0,,,,
,,,,,
KO_10_day_MA_20230715.csv,60,0.3,0.1,150,0.1
10-day MA prediction after 5 days:,61.332893,,,,
Standard Deviation:,0,,,,
,,,,,
KO_10_day_MA_20230715.csv,60,0.3,0.1,200,0.001
10-day MA prediction after 5 days:,61.40267,,,,
Standard Deviation:,0,,,,
,,,,,
KO_10_day_MA_20230715.csv,60,0.3,0.1,200,0.01
10-day MA prediction after 5 days:,61.36723,,,,
Standard Deviation:,0,,,,
,,,,,
KO_10_day_MA_20230715.csv,60,0.3,0.1,200,0.1
10-day MA prediction after 5 days:,61.41222,,,,
Standard Deviation:,0,,,,
,,,,,
KO_10_day_MA_20230715.csv,60,0.3,0.2,50,0.001
10-day MA prediction after 5 days:,61.251987,,,,
Standard Deviation:,0,,,,
,,,,,
KO_10_day_MA_20230715.csv,60,0.3,0.2,50,0.01
10-day MA prediction after 5 days:,61.036236,,,,
Standard Deviation:,0,,,,
,,,,,
KO_10_day_MA_20230715.csv,60,0.3,0.2,50,0.1
10-day MA prediction after 5 days:,60.906006,,,,
Standard Deviation:,0,,,,
,,,,,
KO_10_day_MA_20230715.csv,60,0.3,0.2,100,0.001
10-day MA prediction after 5 days:,61.36995,,,,
Standard Deviation:,0,,,,
,,,,,
KO_10_day_MA_20230715.csv,60,0.3,0.2,100,0.01
10-day MA prediction after 5 days:,61.332333,,,,
Standard Deviation:,0,,,,
,,,,,
KO_10_day_MA_20230715.csv,60,0.3,0.2,100,0.1
10-day MA prediction after 5 days:,61.269653,,,,
Standard Deviation:,0,,,,
,,,,,
KO_10_day_MA_20230715.csv,60,0.3,0.2,150,0.001
10-day MA prediction after 5 days:,61.392445,,,,
Standard Deviation:,0,,,,
,,,,,
KO_10_day_MA_20230715.csv,60,0.3,0.2,150,0.01
10-day MA prediction after 5 days:,61.247437,,,,
Standard Deviation:,0,,,,
,,,,,
KO_10_day_MA_20230715.csv,60,0.3,0.2,150,0.1
10-day MA prediction after 5 days:,61.342503,,,,
Standard Deviation:,0,,,,
,,,,,
KO_10_day_MA_20230715.csv,60,0.3,0.2,200,0.001
10-day MA prediction after 5 days:,61.410896,,,,
Standard Deviation:,0,,,,
,,,,,
KO_10_day_MA_20230715.csv,60,0.3,0.2,200,0.01
10-day MA prediction after 5 days:,61.30181,,,,
Standard Deviation:,0,,,,
,,,,,
KO_10_day_MA_20230715.csv,60,0.3,0.2,200,0.1
10-day MA prediction after 5 days:,61.137363,,,,
Standard Deviation:,0,,,,
,,,,,
KO_10_day_MA_20230715.csv,60,0.3,0.3,50,0.001
10-day MA prediction after 5 days:,61.26528,,,,
Standard Deviation:,0,,,,
,,,,,
KO_10_day_MA_20230715.csv,60,0.3,0.3,50,0.01
10-day MA prediction after 5 days:,61.270676,,,,
Standard Deviation:,0,,,,
,,,,,
KO_10_day_MA_20230715.csv,60,0.3,0.3,50,0.1
10-day MA prediction after 5 days:,61.168224,,,,
Standard Deviation:,0,,,,
,,,,,
KO_10_day_MA_20230715.csv,60,0.3,0.3,100,0.001
10-day MA prediction after 5 days:,61.319695,,,,
Standard Deviation:,0,,,,
,,,,,
KO_10_day_MA_20230715.csv,60,0.3,0.3,100,0.01
10-day MA prediction after 5 days:,61.305325,,,,
Standard Deviation:,0,,,,
,,,,,
KO_10_day_MA_20230715.csv,60,0.3,0.3,100,0.1
10-day MA prediction after 5 days:,61.139107,,,,
Standard Deviation:,0,,,,
,,,,,
KO_10_day_MA_20230715.csv,60,0.3,0.3,150,0.001
10-day MA prediction after 5 days:,61.35301,,,,
Standard Deviation:,0,,,,
,,,,,
KO_10_day_MA_20230715.csv,60,0.3,0.3,150,0.01
10-day MA prediction after 5 days:,61.300476,,,,
Standard Deviation:,0,,,,
,,,,,
KO_10_day_MA_20230715.csv,60,0.3,0.3,150,0.1
10-day MA prediction after 5 days:,61.32333,,,,
Standard Deviation:,0,,,,
,,,,,
KO_10_day_MA_20230715.csv,60,0.3,0.3,200,0.001
10-day MA prediction after 5 days:,61.42625,,,,
Standard Deviation:,0,,,,
,,,,,
KO_10_day_MA_20230715.csv,60,0.3,0.3,200,0.01
10-day MA prediction after 5 days:,61.333355,,,,
Standard Deviation:,0,,,,
,,,,,
KO_10_day_MA_20230715.csv,60,0.3,0.3,200,0.1
10-day MA prediction after 5 days:,61.357357,,,,
Standard Deviation:,0,,,,
,,,,,
KO_10_day_MA_20230715.csv,60,0.3,0.5,50,0.001
10-day MA prediction after 5 days:,61.19868,,,,
Standard Deviation:,0,,,,
,,,,,
KO_10_day_MA_20230715.csv,60,0.3,0.5,50,0.01
10-day MA prediction after 5 days:,61.248425,,,,
Standard Deviation:,0,,,,
,,,,,
KO_10_day_MA_20230715.csv,60,0.3,0.5,50,0.1
10-day MA prediction after 5 days:,60.900406,,,,
Standard Deviation:,0,,,,
,,,,,
KO_10_day_MA_20230715.csv,60,0.3,0.5,100,0.001
10-day MA prediction after 5 days:,61.25994,,,,
Standard Deviation:,0,,,,
,,,,,
KO_10_day_MA_20230715.csv,60,0.3,0.5,100,0.01
10-day MA prediction after 5 days:,61.31244,,,,
Standard Deviation:,0,,,,
,,,,,
KO_10_day_MA_20230715.csv,60,0.3,0.5,100,0.1
10-day MA prediction after 5 days:,60.97962,,,,
Standard Deviation:,0,,,,
,,,,,
KO_10_day_MA_20230715.csv,60,0.3,0.5,150,0.001
10-day MA prediction after 5 days:,61.273865,,,,
Standard Deviation:,0,,,,
,,,,,
KO_10_day_MA_20230715.csv,60,0.3,0.5,150,0.01
10-day MA prediction after 5 days:,60.70805,,,,
Standard Deviation:,0,,,,
,,,,,
KO_10_day_MA_20230715.csv,60,0.3,0.5,150,0.1
10-day MA prediction after 5 days:,61.15436,,,,
Standard Deviation:,0,,,,
,,,,,
KO_10_day_MA_20230715.csv,60,0.3,0.5,200,0.001
10-day MA prediction after 5 days:,61.34277,,,,
Standard Deviation:,0,,,,
,,,,,
KO_10_day_MA_20230715.csv,60,0.3,0.5,200,0.01
10-day MA prediction after 5 days:,61.230267,,,,
Standard Deviation:,0,,,,
,,,,,
KO_10_day_MA_20230715.csv,60,0.3,0.5,200,0.1
10-day MA prediction after 5 days:,61.334076,,,,
Standard Deviation:,0,,,,
,,,,,
KO_10_day_MA_20230715.csv,90,0.1,0.1,50,0.001
10-day MA prediction after 5 days:,61.207153,,,,
Standard Deviation:,0,,,,
,,,,,
KO_10_day_MA_20230715.csv,90,0.1,0.1,50,0.01
10-day MA prediction after 5 days:,61.097816,,,,
Standard Deviation:,0,,,,
,,,,,
KO_10_day_MA_20230715.csv,90,0.1,0.1,50,0.1
10-day MA prediction after 5 days:,61.33928,,,,
Standard Deviation:,0,,,,
,,,,,
KO_10_day_MA_20230715.csv,90,0.1,0.1,100,0.001
10-day MA prediction after 5 days:,61.45754,,,,
Standard Deviation:,0,,,,
,,,,,
KO_10_day_MA_20230715.csv,90,0.1,0.1,100,0.01
10-day MA prediction after 5 days:,60.99357,,,,
Standard Deviation:,0,,,,
,,,,,
KO_10_day_MA_20230715.csv,90,0.1,0.1,100,0.1
10-day MA prediction after 5 days:,61.615486,,,,
Standard Deviation:,0,,,,
,,,,,
KO_10_day_MA_20230715.csv,90,0.1,0.1,150,0.001
10-day MA prediction after 5 days:,61.57306,,,,
Standard Deviation:,0,,,,
,,,,,
KO_10_day_MA_20230715.csv,90,0.1,0.1,150,0.01
10-day MA prediction after 5 days:,61.342796,,,,
Standard Deviation:,0,,,,
,,,,,
KO_10_day_MA_20230715.csv,90,0.1,0.1,150,0.1
10-day MA prediction after 5 days:,61.604595,,,,
Standard Deviation:,0,,,,
,,,,,
KO_10_day_MA_20230715.csv,90,0.1,0.1,200,0.001
10-day MA prediction after 5 days:,61.576557,,,,
Standard Deviation:,0,,,,
,,,,,
KO_10_day_MA_20230715.csv,90,0.1,0.1,200,0.01
10-day MA prediction after 5 days:,61.723675,,,,
Standard Deviation:,0,,,,
,,,,,
KO_10_day_MA_20230715.csv,90,0.1,0.1,200,0.1
10-day MA prediction after 5 days:,61.504425,,,,
Standard Deviation:,0,,,,
,,,,,
KO_10_day_MA_20230715.csv,90,0.1,0.2,50,0.001
10-day MA prediction after 5 days:,61.155495,,,,
Standard Deviation:,0,,,,
,,,,,
KO_10_day_MA_20230715.csv,90,0.1,0.2,50,0.01
10-day MA prediction after 5 days:,61.110245,,,,
Standard Deviation:,0,,,,
,,,,,
KO_10_day_MA_20230715.csv,90,0.1,0.2,50,0.1
10-day MA prediction after 5 days:,61.34924,,,,
Standard Deviation:,0,,,,
,,,,,
KO_10_day_MA_20230715.csv,90,0.1,0.2,100,0.001
10-day MA prediction after 5 days:,61.378918,,,,
Standard Deviation:,0,,,,
,,,,,
KO_10_day_MA_20230715.csv,90,0.1,0.2,100,0.01
10-day MA prediction after 5 days:,61.4002,,,,
Standard Deviation:,0,,,,
,,,,,
KO_10_day_MA_20230715.csv,90,0.1,0.2,100,0.1
10-day MA prediction after 5 days:,60.70693,,,,
Standard Deviation:,0,,,,
,,,,,
KO_10_day_MA_20230715.csv,90,0.1,0.2,150,0.001
10-day MA prediction after 5 days:,61.41122,,,,
Standard Deviation:,0,,,,
,,,,,
KO_10_day_MA_20230715.csv,90,0.1,0.2,150,0.01
10-day MA prediction after 5 days:,61.321762,,,,
Standard Deviation:,0,,,,
,,,,,
KO_10_day_MA_20230715.csv,90,0.1,0.2,150,0.1
10-day MA prediction after 5 days:,61.76064,,,,
Standard Deviation:,0,,,,
,,,,,
KO_10_day_MA_20230715.csv,90,0.1,0.2,200,0.001
10-day MA prediction after 5 days:,61.48214,,,,
Standard Deviation:,0,,,,
,,,,,
KO_10_day_MA_20230715.csv,90,0.1,0.2,200,0.01
10-day MA prediction after 5 days:,61.60663,,,,
Standard Deviation:,0,,,,
,,,,,
KO_10_day_MA_20230715.csv,90,0.1,0.2,200,0.1
10-day MA prediction after 5 days:,61.78224,,,,
Standard Deviation:,0,,,,
,,,,,
KO_10_day_MA_20230715.csv,90,0.1,0.3,50,0.001
10-day MA prediction after 5 days:,61.147106,,,,
Standard Deviation:,0,,,,
,,,,,
KO_10_day_MA_20230715.csv,90,0.1,0.3,50,0.01
10-day MA prediction after 5 days:,61.486755,,,,
Standard Deviation:,0,,,,
,,,,,
KO_10_day_MA_20230715.csv,90,0.1,0.3,50,0.1
10-day MA prediction after 5 days:,61.420418,,,,
Standard Deviation:,0,,,,
,,,,,
KO_10_day_MA_20230715.csv,90,0.1,0.3,100,0.001
10-day MA prediction after 5 days:,61.27212,,,,
Standard Deviation:,0,,,,
,,,,,
KO_10_day_MA_20230715.csv,90,0.1,0.3,100,0.01
10-day MA prediction after 5 days:,61.379837,,,,
Standard Deviation:,0,,,,
,,,,,
KO_10_day_MA_20230715.csv,90,0.1,0.3,100,0.1
10-day MA prediction after 5 days:,61.368706,,,,
Standard Deviation:,0,,,,
,,,,,
KO_10_day_MA_20230715.csv,90,0.1,0.3,150,0.001
10-day MA prediction after 5 days:,61.47696,,,,
Standard Deviation:,0,,,,
,,,,,
KO_10_day_MA_20230715.csv,90,0.1,0.3,150,0.01
10-day MA prediction after 5 days:,61.316452,,,,
Standard Deviation:,0,,,,
,,,,,
KO_10_day_MA_20230715.csv,90,0.1,0.3,150,0.1
10-day MA prediction after 5 days:,61.664734,,,,
Standard Deviation:,0,,,,
,,,,,
KO_10_day_MA_20230715.csv,90,0.1,0.3,200,0.001
10-day MA prediction after 5 days:,61.488564,,,,
Standard Deviation:,0,,,,
,,,,,
KO_10_day_MA_20230715.csv,90,0.1,0.3,200,0.01
10-day MA prediction after 5 days:,61.630913,,,,
Standard Deviation:,0,,,,
,,,,,
KO_10_day_MA_20230715.csv,90,0.1,0.3,200,0.1
10-day MA prediction after 5 days:,61.90588,,,,
Standard Deviation:,0,,,,
,,,,,
KO_10_day_MA_20230715.csv,90,0.1,0.5,50,0.001
10-day MA prediction after 5 days:,61.07254,,,,
Standard Deviation:,0,,,,
,,,,,
KO_10_day_MA_20230715.csv,90,0.1,0.5,50,0.01
10-day MA prediction after 5 days:,61.181927,,,,
Standard Deviation:,0,,,,
,,,,,
KO_10_day_MA_20230715.csv,90,0.1,0.5,50,0.1
10-day MA prediction after 5 days:,61.580704,,,,
Standard Deviation:,0,,,,
,,,,,
KO_10_day_MA_20230715.csv,90,0.1,0.5,100,0.001
10-day MA prediction after 5 days:,61.164253,,,,
Standard Deviation:,0,,,,
,,,,,
KO_10_day_MA_20230715.csv,90,0.1,0.5,100,0.01
10-day MA prediction after 5 days:,61.39198,,,,
Standard Deviation:,0,,,,
,,,,,
KO_10_day_MA_20230715.csv,90,0.1,0.5,100,0.1
10-day MA prediction after 5 days:,61.46983,,,,
Standard Deviation:,0,,,,
,,,,,
KO_10_day_MA_20230715.csv,90,0.1,0.5,150,0.001
10-day MA prediction after 5 days:,61.295063,,,,
Standard Deviation:,0,,,,
,,,,,
KO_10_day_MA_20230715.csv,90,0.1,0.5,150,0.01
10-day MA prediction after 5 days:,61.53323,,,,
Standard Deviation:,0,,,,
,,,,,
KO_10_day_MA_20230715.csv,90,0.1,0.5,150,0.1
10-day MA prediction after 5 days:,61.486076,,,,
Standard Deviation:,0,,,,
,,,,,
KO_10_day_MA_20230715.csv,90,0.1,0.5,200,0.001
10-day MA prediction after 5 days:,61.410957,,,,
Standard Deviation:,0,,,,
,,,,,
KO_10_day_MA_20230715.csv,90,0.1,0.5,200,0.01
10-day MA prediction after 5 days:,61.42482,,,,
Standard Deviation:,0,,,,
,,,,,
KO_10_day_MA_20230715.csv,90,0.1,0.5,200,0.1
10-day MA prediction after 5 days:,61.598602,,,,
Standard Deviation:,0,,,,
,,,,,
KO_10_day_MA_20230715.csv,90,0.2,0.1,50,0.001
10-day MA prediction after 5 days:,61.08751,,,,
Standard Deviation:,0,,,,
,,,,,
KO_10_day_MA_20230715.csv,90,0.2,0.1,50,0.01
10-day MA prediction after 5 days:,61.26052,,,,
Standard Deviation:,0,,,,
,,,,,
KO_10_day_MA_20230715.csv,90,0.2,0.1,50,0.1
10-day MA prediction after 5 days:,61.481007,,,,
Standard Deviation:,0,,,,
,,,,,
KO_10_day_MA_20230715.csv,90,0.2,0.1,100,0.001
10-day MA prediction after 5 days:,61.496933,,,,
Standard Deviation:,0,,,,
,,,,,
KO_10_day_MA_20230715.csv,90,0.2,0.1,100,0.01
10-day MA prediction after 5 days:,61.41503,,,,
Standard Deviation:,0,,,,
,,,,,
KO_10_day_MA_20230715.csv,90,0.2,0.1,100,0.1
10-day MA prediction after 5 days:,61.607742,,,,
Standard Deviation:,0,,,,
,,,,,
KO_10_day_MA_20230715.csv,90,0.2,0.1,150,0.001
10-day MA prediction after 5 days:,61.610962,,,,
Standard Deviation:,0,,,,
,,,,,
KO_10_day_MA_20230715.csv,90,0.2,0.1,150,0.01
10-day MA prediction after 5 days:,61.292908,,,,
Standard Deviation:,0,,,,
,,,,,
KO_10_day_MA_20230715.csv,90,0.2,0.1,150,0.1
10-day MA prediction after 5 days:,61.603584,,,,
Standard Deviation:,0,,,,
,,,,,
KO_10_day_MA_20230715.csv,90,0.2,0.1,200,0.001
10-day MA prediction after 5 days:,61.486546,,,,
Standard Deviation:,0,,,,
,,,,,
KO_10_day_MA_20230715.csv,90,0.2,0.1,200,0.01
10-day MA prediction after 5 days:,61.615734,,,,
Standard Deviation:,0,,,,
,,,,,
KO_10_day_MA_20230715.csv,90,0.2,0.1,200,0.1
10-day MA prediction after 5 days:,61.645752,,,,
Standard Deviation:,0,,,,
,,,,,
KO_10_day_MA_20230715.csv,90,0.2,0.2,50,0.001
10-day MA prediction after 5 days:,61.05676,,,,
Standard Deviation:,0,,,,
,,,,,
KO_10_day_MA_20230715.csv,90,0.2,0.2,50,0.01
10-day MA prediction after 5 days:,61.283318,,,,
Standard Deviation:,0,,,,
,,,,,
KO_10_day_MA_20230715.csv,90,0.2,0.2,50,0.1
10-day MA prediction after 5 days:,61.40202,,,,
Standard Deviation:,0,,,,
,,,,,
KO_10_day_MA_20230715.csv,90,0.2,0.2,100,0.001
10-day MA prediction after 5 days:,61.370163,,,,
Standard Deviation:,0,,,,
,,,,,
KO_10_day_MA_20230715.csv,90,0.2,0.2,100,0.01
10-day MA prediction after 5 days:,61.40274,,,,
Standard Deviation:,0,,,,
,,,,,
KO_10_day_MA_20230715.csv,90,0.2,0.2,100,0.1
10-day MA prediction after 5 days:,61.507717,,,,
Standard Deviation:,0,,,,
,,,,,
KO_10_day_MA_20230715.csv,90,0.2,0.2,150,0.001
10-day MA prediction after 5 days:,61.4286,,,,
Standard Deviation:,0,,,,
,,,,,
KO_10_day_MA_20230715.csv,90,0.2,0.2,150,0.01
10-day MA prediction after 5 days:,60.572598,,,,
Standard Deviation:,0,,,,
,,,,,
KO_10_day_MA_20230715.csv,90,0.2,0.2,150,0.1
10-day MA prediction after 5 days:,61.577454,,,,
Standard Deviation:,0,,,,
,,,,,
KO_10_day_MA_20230715.csv,90,0.2,0.2,200,0.001
10-day MA prediction after 5 days:,61.50239,,,,
Standard Deviation:,0,,,,
,,,,,
KO_10_day_MA_20230715.csv,90,0.2,0.2,200,0.01
10-day MA prediction after 5 days:,61.60563,,,,
Standard Deviation:,0,,,,
,,,,,
KO_10_day_MA_20230715.csv,90,0.2,0.2,200,0.1
10-day MA prediction after 5 days:,61.4228,,,,
Standard Deviation:,0,,,,
,,,,,
KO_10_day_MA_20230715.csv,90,0.2,0.3,50,0.001
10-day MA prediction after 5 days:,61.082436,,,,
Standard Deviation:,0,,,,
,,,,,
KO_10_day_MA_20230715.csv,90,0.2,0.3,50,0.01
10-day MA prediction after 5 days:,61.37324,,,,
Standard Deviation:,0,,,,
,,,,,
KO_10_day_MA_20230715.csv,90,0.2,0.3,50,0.1
10-day MA prediction after 5 days:,61.066902,,,,
Standard Deviation:,0,,,,
,,,,,
KO_10_day_MA_20230715.csv,90,0.2,0.3,100,0.001
10-day MA prediction after 5 days:,61.24485,,,,
Standard Deviation:,0,,,,
,,,,,
KO_10_day_MA_20230715.csv,90,0.2,0.3,100,0.01
10-day MA prediction after 5 days:,61.415802,,,,
Standard Deviation:,0,,,,
,,,,,
KO_10_day_MA_20230715.csv,90,0.2,0.3,100,0.1
10-day MA prediction after 5 days:,61.290627,,,,
Standard Deviation:,0,,,,
,,,,,
KO_10_day_MA_20230715.csv,90,0.2,0.3,150,0.001
10-day MA prediction after 5 days:,61.4344,,,,
Standard Deviation:,0,,,,
,,,,,
KO_10_day_MA_20230715.csv,90,0.2,0.3,150,0.01
10-day MA prediction after 5 days:,61.387123,,,,
Standard Deviation:,0,,,,
,,,,,
KO_10_day_MA_20230715.csv,90,0.2,0.3,150,0.1
10-day MA prediction after 5 days:,61.56123,,,,
Standard Deviation:,0,,,,
,,,,,
KO_10_day_MA_20230715.csv,90,0.2,0.3,200,0.001
10-day MA prediction after 5 days:,61.38631,,,,
Standard Deviation:,0,,,,
,,,,,
KO_10_day_MA_20230715.csv,90,0.2,0.3,200,0.01
10-day MA prediction after 5 days:,61.446033,,,,
Standard Deviation:,0,,,,
,,,,,
KO_10_day_MA_20230715.csv,90,0.2,0.3,200,0.1
10-day MA prediction after 5 days:,61.76507,,,,
Standard Deviation:,0,,,,
,,,,,
KO_10_day_MA_20230715.csv,90,0.2,0.5,50,0.001
10-day MA prediction after 5 days:,61.004868,,,,
Standard Deviation:,0,,,,
,,,,,
KO_10_day_MA_20230715.csv,90,0.2,0.5,50,0.01
10-day MA prediction after 5 days:,61.34261,,,,
Standard Deviation:,0,,,,
,,,,,
KO_10_day_MA_20230715.csv,90,0.2,0.5,50,0.1
10-day MA prediction after 5 days:,61.391987,,,,
Standard Deviation:,0,,,,
,,,,,
KO_10_day_MA_20230715.csv,90,0.2,0.5,100,0.001
10-day MA prediction after 5 days:,61.19264,,,,
Standard Deviation:,0,,,,
,,,,,
KO_10_day_MA_20230715.csv,90,0.2,0.5,100,0.01
10-day MA prediction after 5 days:,61.310013,,,,
Standard Deviation:,0,,,,
,,,,,
KO_10_day_MA_20230715.csv,90,0.2,0.5,100,0.1
10-day MA prediction after 5 days:,61.091915,,,,
Standard Deviation:,0,,,,
,,,,,
KO_10_day_MA_20230715.csv,90,0.2,0.5,150,0.001
10-day MA prediction after 5 days:,61.364372,,,,
Standard Deviation:,0,,,,
,,,,,
KO_10_day_MA_20230715.csv,90,0.2,0.5,150,0.01
10-day MA prediction after 5 days:,61.09724,,,,
Standard Deviation:,0,,,,
,,,,,
KO_10_day_MA_20230715.csv,90,0.2,0.5,150,0.1
10-day MA prediction after 5 days:,61.49285,,,,
Standard Deviation:,0,,,,
,,,,,
KO_10_day_MA_20230715.csv,90,0.2,0.5,200,0.001
10-day MA prediction after 5 days:,61.34248,,,,
Standard Deviation:,0,,,,
,,,,,
KO_10_day_MA_20230715.csv,90,0.2,0.5,200,0.01
10-day MA prediction after 5 days:,61.51905,,,,
Standard Deviation:,0,,,,
,,,,,
KO_10_day_MA_20230715.csv,90,0.2,0.5,200,0.1
10-day MA prediction after 5 days:,61.47897,,,,
Standard Deviation:,0,,,,
,,,,,
KO_10_day_MA_20230715.csv,90,0.3,0.1,50,0.001
10-day MA prediction after 5 days:,61.19654,,,,
Standard Deviation:,0,,,,
,,,,,
KO_10_day_MA_20230715.csv,90,0.3,0.1,50,0.01
10-day MA prediction after 5 days:,61.278297,,,,
Standard Deviation:,0,,,,
,,,,,
KO_10_day_MA_20230715.csv,90,0.3,0.1,50,0.1
10-day MA prediction after 5 days:,61.772633,,,,
Standard Deviation:,0,,,,
,,,,,
KO_10_day_MA_20230715.csv,90,0.3,0.1,100,0.001
10-day MA prediction after 5 days:,61.221603,,,,
Standard Deviation:,0,,,,
,,,,,
KO_10_day_MA_20230715.csv,90,0.3,0.1,100,0.01
10-day MA prediction after 5 days:,61.49814,,,,
Standard Deviation:,0,,,,
,,,,,
KO_10_day_MA_20230715.csv,90,0.3,0.1,100,0.1
10-day MA prediction after 5 days:,61.580715,,,,
Standard Deviation:,0,,,,
,,,,,
KO_10_day_MA_20230715.csv,90,0.3,0.1,150,0.001
10-day MA prediction after 5 days:,61.57457,,,,
Standard Deviation:,0,,,,
,,,,,
KO_10_day_MA_20230715.csv,90,0.3,0.1,150,0.01
10-day MA prediction after 5 days:,61.75623,,,,
Standard Deviation:,0,,,,
,,,,,
KO_10_day_MA_20230715.csv,90,0.3,0.1,150,0.1
10-day MA prediction after 5 days:,61.683533,,,,
Standard Deviation:,0,,,,
,,,,,
KO_10_day_MA_20230715.csv,90,0.3,0.1,200,0.001
10-day MA prediction after 5 days:,61.626225,,,,
Standard Deviation:,0,,,,
,,,,,
KO_10_day_MA_20230715.csv,90,0.3,0.1,200,0.01
10-day MA prediction after 5 days:,61.774666,,,,
Standard Deviation:,0,,,,
,,,,,
KO_10_day_MA_20230715.csv,90,0.3,0.1,200,0.1
10-day MA prediction after 5 days:,61.771187,,,,
Standard Deviation:,0,,,,
,,,,,
KO_10_day_MA_20230715.csv,90,0.3,0.2,50,0.001
10-day MA prediction after 5 days:,61.161175,,,,
Standard Deviation:,0,,,,
,,,,,
KO_10_day_MA_20230715.csv,90,0.3,0.2,50,0.01
10-day MA prediction after 5 days:,61.360336,,,,
Standard Deviation:,0,,,,
,,,,,
KO_10_day_MA_20230715.csv,90,0.3,0.2,50,0.1
10-day MA prediction after 5 days:,61.69476,,,,
Standard Deviation:,0,,,,
,,,,,
KO_10_day_MA_20230715.csv,90,0.3,0.2,100,0.001
10-day MA prediction after 5 days:,61.312683,,,,
Standard Deviation:,0,,,,
,,,,,
KO_10_day_MA_20230715.csv,90,0.3,0.2,100,0.01
10-day MA prediction after 5 days:,61.37617,,,,
Standard Deviation:,0,,,,
,,,,,
KO_10_day_MA_20230715.csv,90,0.3,0.2,100,0.1
10-day MA prediction after 5 days:,61.43432,,,,
Standard Deviation:,0,,,,
,,,,,
KO_10_day_MA_20230715.csv,90,0.3,0.2,150,0.001
10-day MA prediction after 5 days:,61.50103,,,,
Standard Deviation:,0,,,,
,,,,,
KO_10_day_MA_20230715.csv,90,0.3,0.2,150,0.01
10-day MA prediction after 5 days:,61.338623,,,,
Standard Deviation:,0,,,,
,,,,,
KO_10_day_MA_20230715.csv,90,0.3,0.2,150,0.1
10-day MA prediction after 5 days:,61.17865,,,,
Standard Deviation:,0,,,,
,,,,,
KO_10_day_MA_20230715.csv,90,0.3,0.2,200,0.001
10-day MA prediction after 5 days:,61.364643,,,,
Standard Deviation:,0,,,,
,,,,,
KO_10_day_MA_20230715.csv,90,0.3,0.2,200,0.01
10-day MA prediction after 5 days:,61.768166,,,,
Standard Deviation:,0,,,,
,,,,,
KO_10_day_MA_20230715.csv,90,0.3,0.2,200,0.1
10-day MA prediction after 5 days:,61.67032,,,,
Standard Deviation:,0,,,,
,,,,,
KO_10_day_MA_20230715.csv,90,0.3,0.3,50,0.001
10-day MA prediction after 5 days:,61.059032,,,,
Standard Deviation:,0,,,,
,,,,,
KO_10_day_MA_20230715.csv,90,0.3,0.3,50,0.01
10-day MA prediction after 5 days:,61.29649,,,,
Standard Deviation:,0,,,,
,,,,,
KO_10_day_MA_20230715.csv,90,0.3,0.3,50,0.1
10-day MA prediction after 5 days:,61.297123,,,,
Standard Deviation:,0,,,,
,,,,,
KO_10_day_MA_20230715.csv,90,0.3,0.3,100,0.001
10-day MA prediction after 5 days:,61.395107,,,,
Standard Deviation:,0,,,,
,,,,,
KO_10_day_MA_20230715.csv,90,0.3,0.3,100,0.01
10-day MA prediction after 5 days:,61.322872,,,,
Standard Deviation:,0,,,,
,,,,,
KO_10_day_MA_20230715.csv,90,0.3,0.3,100,0.1
10-day MA prediction after 5 days:,61.373604,,,,
Standard Deviation:,0,,,,
,,,,,
KO_10_day_MA_20230715.csv,90,0.3,0.3,150,0.001
10-day MA prediction after 5 days:,61.364555,,,,
Standard Deviation:,0,,,,
,,,,,
KO_10_day_MA_20230715.csv,90,0.3,0.3,150,0.01
10-day MA prediction after 5 days:,61.32391,,,,
Standard Deviation:,0,,,,
,,,,,
KO_10_day_MA_20230715.csv,90,0.3,0.3,150,0.1
10-day MA prediction after 5 days:,61.64691,,,,
Standard Deviation:,0,,,,
,,,,,
KO_10_day_MA_20230715.csv,90,0.3,0.3,200,0.001
10-day MA prediction after 5 days:,61.296055,,,,
Standard Deviation:,0,,,,
,,,,,
KO_10_day_MA_20230715.csv,90,0.3,0.3,200,0.01
10-day MA prediction after 5 days:,61.654987,,,,
Standard Deviation:,0,,,,
,,,,,
KO_10_day_MA_20230715.csv,90,0.3,0.3,200,0.1
10-day MA prediction after 5 days:,61.672195,,,,
Standard Deviation:,0,,,,
,,,,,
KO_10_day_MA_20230715.csv,90,0.3,0.5,50,0.001
10-day MA prediction after 5 days:,61.04924,,,,
Standard Deviation:,0,,,,
,,,,,
KO_10_day_MA_20230715.csv,90,0.3,0.5,50,0.01
10-day MA prediction after 5 days:,61.202923,,,,
Standard Deviation:,0,,,,
,,,,,
KO_10_day_MA_20230715.csv,90,0.3,0.5,50,0.1
10-day MA prediction after 5 days:,61.417118,,,,
Standard Deviation:,0,,,,
,,,,,
KO_10_day_MA_20230715.csv,90,0.3,0.5,100,0.001
10-day MA prediction after 5 days:,61.163048,,,,
Standard Deviation:,0,,,,
,,,,,
KO_10_day_MA_20230715.csv,90,0.3,0.5,100,0.01
10-day MA prediction after 5 days:,61.299675,,,,
Standard Deviation:,0,,,,
,,,,,
KO_10_day_MA_20230715.csv,90,0.3,0.5,100,0.1
10-day MA prediction after 5 days:,61.3616,,,,
Standard Deviation:,0,,,,
,,,,,
KO_10_day_MA_20230715.csv,90,0.3,0.5,150,0.001
10-day MA prediction after 5 days:,61.28278,,,,
Standard Deviation:,0,,,,
,,,,,
KO_10_day_MA_20230715.csv,90,0.3,0.5,150,0.01
10-day MA prediction after 5 days:,61.338196,,,,
Standard Deviation:,0,,,,
,,,,,
KO_10_day_MA_20230715.csv,90,0.3,0.5,150,0.1
10-day MA prediction after 5 days:,61.49892,,,,
Standard Deviation:,0,,,,
,,,,,
KO_10_day_MA_20230715.csv,90,0.3,0.5,200,0.001
10-day MA prediction after 5 days:,61.296856,,,,
Standard Deviation:,0,,,,
,,,,,
KO_10_day_MA_20230715.csv,90,0.3,0.5,200,0.01
10-day MA prediction after 5 days:,61.639465,,,,
Standard Deviation:,0,,,,
,,,,,
KO_10_day_MA_20230715.csv,90,0.3,0.5,200,0.1
10-day MA prediction after 5 days:,61.690674,,,,
Standard Deviation:,0,,,,
,,,,,
KO_10_day_MA_20230715.csv,120,0.1,0.1,50,0.001
10-day MA prediction after 5 days:,61.07784,,,,
Standard Deviation:,0,,,,
,,,,,
KO_10_day_MA_20230715.csv,120,0.1,0.1,50,0.01
10-day MA prediction after 5 days:,61.246742,,,,
Standard Deviation:,0,,,,
,,,,,
KO_10_day_MA_20230715.csv,120,0.1,0.1,50,0.1
10-day MA prediction after 5 days:,61.315205,,,,
Standard Deviation:,0,,,,
,,,,,
KO_10_day_MA_20230715.csv,120,0.1,0.1,100,0.001
10-day MA prediction after 5 days:,61.287567,,,,
Standard Deviation:,0,,,,
,,,,,
KO_10_day_MA_20230715.csv,120,0.1,0.1,100,0.01
10-day MA prediction after 5 days:,61.272728,,,,
Standard Deviation:,0,,,,
,,,,,
KO_10_day_MA_20230715.csv,120,0.1,0.1,100,0.1
10-day MA prediction after 5 days:,61.227062,,,,
Standard Deviation:,0,,,,
,,,,,
KO_10_day_MA_20230715.csv,120,0.1,0.1,150,0.001
10-day MA prediction after 5 days:,61.23532,,,,
Standard Deviation:,0,,,,
,,,,,
KO_10_day_MA_20230715.csv,120,0.1,0.1,150,0.01
10-day MA prediction after 5 days:,61.333786,,,,
Standard Deviation:,0,,,,
,,,,,
KO_10_day_MA_20230715.csv,120,0.1,0.1,150,0.1
10-day MA prediction after 5 days:,61.57854,,,,
Standard Deviation:,0,,,,
,,,,,
KO_10_day_MA_20230715.csv,120,0.1,0.1,200,0.001
10-day MA prediction after 5 days:,61.497223,,,,
Standard Deviation:,0,,,,
,,,,,
KO_10_day_MA_20230715.csv,120,0.1,0.1,200,0.01
10-day MA prediction after 5 days:,61.232616,,,,
Standard Deviation:,0,,,,
,,,,,
KO_10_day_MA_20230715.csv,120,0.1,0.1,200,0.1
10-day MA prediction after 5 days:,61.289158,,,,
Standard Deviation:,0,,,,
,,,,,
KO_10_day_MA_20230715.csv,120,0.1,0.2,50,0.001
10-day MA prediction after 5 days:,61.077545,,,,
Standard Deviation:,0,,,,
,,,,,
KO_10_day_MA_20230715.csv,120,0.1,0.2,50,0.01
10-day MA prediction after 5 days:,61.224014,,,,
Standard Deviation:,0,,,,
,,,,,
KO_10_day_MA_20230715.csv,120,0.1,0.2,50,0.1
10-day MA prediction after 5 days:,61.16473,,,,
Standard Deviation:,0,,,,
,,,,,
KO_10_day_MA_20230715.csv,120,0.1,0.2,100,0.001
10-day MA prediction after 5 days:,61.094128,,,,
Standard Deviation:,0,,,,
,,,,,
KO_10_day_MA_20230715.csv,120,0.1,0.2,100,0.01
10-day MA prediction after 5 days:,61.124264,,,,
Standard Deviation:,0,,,,
,,,,,
KO_10_day_MA_20230715.csv,120,0.1,0.2,100,0.1
10-day MA prediction after 5 days:,61.289364,,,,
Standard Deviation:,0,,,,
,,,,,
KO_10_day_MA_20230715.csv,120,0.1,0.2,150,0.001
10-day MA prediction after 5 days:,61.195477,,,,
Standard Deviation:,0,,,,
,,,,,
KO_10_day_MA_20230715.csv,120,0.1,0.2,150,0.01
10-day MA prediction after 5 days:,61.23377,,,,
Standard Deviation:,0,,,,
,,,,,
KO_10_day_MA_20230715.csv,120,0.1,0.2,150,0.1
10-day MA prediction after 5 days:,61.407955,,,,
Standard Deviation:,0,,,,
,,,,,
KO_10_day_MA_20230715.csv,120,0.1,0.2,200,0.001
10-day MA prediction after 5 days:,61.46752,,,,
Standard Deviation:,0,,,,
,,,,,
KO_10_day_MA_20230715.csv,120,0.1,0.2,200,0.01
10-day MA prediction after 5 days:,61.260815,,,,
Standard Deviation:,0,,,,
,,,,,
KO_10_day_MA_20230715.csv,120,0.1,0.2,200,0.1
10-day MA prediction after 5 days:,61.293266,,,,
Standard Deviation:,0,,,,
,,,,,
KO_10_day_MA_20230715.csv,120,0.1,0.3,50,0.001
10-day MA prediction after 5 days:,60.999596,,,,
Standard Deviation:,0,,,,
,,,,,
KO_10_day_MA_20230715.csv,120,0.1,0.3,50,0.01
10-day MA prediction after 5 days:,61.248333,,,,
Standard Deviation:,0,,,,
,,,,,
KO_10_day_MA_20230715.csv,120,0.1,0.3,50,0.1
10-day MA prediction after 5 days:,61.17691,,,,
Standard Deviation:,0,,,,
,,,,,
KO_10_day_MA_20230715.csv,120,0.1,0.3,100,0.001
10-day MA prediction after 5 days:,61.108627,,,,
Standard Deviation:,0,,,,
,,,,,
KO_10_day_MA_20230715.csv,120,0.1,0.3,100,0.01
10-day MA prediction after 5 days:,61.195522,,,,
Standard Deviation:,0,,,,
,,,,,
KO_10_day_MA_20230715.csv,120,0.1,0.3,100,0.1
10-day MA prediction after 5 days:,61.107956,,,,
Standard Deviation:,0,,,,
,,,,,
KO_10_day_MA_20230715.csv,120,0.1,0.3,150,0.001
10-day MA prediction after 5 days:,61.124172,,,,
Standard Deviation:,0,,,,
,,,,,
KO_10_day_MA_20230715.csv,120,0.1,0.3,150,0.01
10-day MA prediction after 5 days:,61.235237,,,,
Standard Deviation:,0,,,,
,,,,,
KO_10_day_MA_20230715.csv,120,0.1,0.3,150,0.1
10-day MA prediction after 5 days:,61.384888,,,,
Standard Deviation:,0,,,,
,,,,,
KO_10_day_MA_20230715.csv,120,0.1,0.3,200,0.001
10-day MA prediction after 5 days:,61.335953,,,,
Standard Deviation:,0,,,,
,,,,,
KO_10_day_MA_20230715.csv,120,0.1,0.3,200,0.01
10-day MA prediction after 5 days:,61.434464,,,,
Standard Deviation:,0,,,,
,,,,,
KO_10_day_MA_20230715.csv,120,0.1,0.3,200,0.1
10-day MA prediction after 5 days:,61.125847,,,,
Standard Deviation:,0,,,,
,,,,,
KO_10_day_MA_20230715.csv,120,0.1,0.5,50,0.001
10-day MA prediction after 5 days:,60.88169,,,,
Standard Deviation:,0,,,,
,,,,,
KO_10_day_MA_20230715.csv,120,0.1,0.5,50,0.01
10-day MA prediction after 5 days:,61.184322,,,,
Standard Deviation:,0,,,,
,,,,,
KO_10_day_MA_20230715.csv,120,0.1,0.5,50,0.1
10-day MA prediction after 5 days:,61.16449,,,,
Standard Deviation:,0,,,,
,,,,,
KO_10_day_MA_20230715.csv,120,0.1,0.5,100,0.001
10-day MA prediction after 5 days:,61.019745,,,,
Standard Deviation:,0,,,,
,,,,,
KO_10_day_MA_20230715.csv,120,0.1,0.5,100,0.01
10-day MA prediction after 5 days:,61.179493,,,,
Standard Deviation:,0,,,,
,,,,,
KO_10_day_MA_20230715.csv,120,0.1,0.5,100,0.1
10-day MA prediction after 5 days:,60.929047,,,,
Standard Deviation:,0,,,,
,,,,,
KO_10_day_MA_20230715.csv,120,0.1,0.5,150,0.001
10-day MA prediction after 5 days:,61.047523,,,,
Standard Deviation:,0,,,,
,,,,,
KO_10_day_MA_20230715.csv,120,0.1,0.5,150,0.01
10-day MA prediction after 5 days:,61.17234,,,,
Standard Deviation:,0,,,,
,,,,,
KO_10_day_MA_20230715.csv,120,0.1,0.5,150,0.1
10-day MA prediction after 5 days:,61.334854,,,,
Standard Deviation:,0,,,,
,,,,,
KO_10_day_MA_20230715.csv,120,0.1,0.5,200,0.001
10-day MA prediction after 5 days:,61.34703,,,,
Standard Deviation:,0,,,,
,,,,,
KO_10_day_MA_20230715.csv,120,0.1,0.5,200,0.01
10-day MA prediction after 5 days:,61.36254,,,,
Standard Deviation:,0,,,,
,,,,,
KO_10_day_MA_20230715.csv,120,0.1,0.5,200,0.1
10-day MA prediction after 5 days:,61.27084,,,,
Standard Deviation:,0,,,,
,,,,,
KO_10_day_MA_20230715.csv,120,0.2,0.1,50,0.001
10-day MA prediction after 5 days:,61.016315,,,,
Standard Deviation:,0,,,,
,,,,,
KO_10_day_MA_20230715.csv,120,0.2,0.1,50,0.01
10-day MA prediction after 5 days:,61.196945,,,,
Standard Deviation:,0,,,,
,,,,,
KO_10_day_MA_20230715.csv,120,0.2,0.1,50,0.1
10-day MA prediction after 5 days:,61.065567,,,,
Standard Deviation:,0,,,,
,,,,,
KO_10_day_MA_20230715.csv,120,0.2,0.1,100,0.001
10-day MA prediction after 5 days:,61.119686,,,,
Standard Deviation:,0,,,,
,,,,,
KO_10_day_MA_20230715.csv,120,0.2,0.1,100,0.01
10-day MA prediction after 5 days:,61.172195,,,,
Standard Deviation:,0,,,,
,,,,,
KO_10_day_MA_20230715.csv,120,0.2,0.1,100,0.1
10-day MA prediction after 5 days:,61.226994,,,,
Standard Deviation:,0,,,,
,,,,,
KO_10_day_MA_20230715.csv,120,0.2,0.1,150,0.001
10-day MA prediction after 5 days:,61.088955,,,,
Standard Deviation:,0,,,,
,,,,,
KO_10_day_MA_20230715.csv,120,0.2,0.1,150,0.01
10-day MA prediction after 5 days:,61.202606,,,,
Standard Deviation:,0,,,,
,,,,,
KO_10_day_MA_20230715.csv,120,0.2,0.1,150,0.1
10-day MA prediction after 5 days:,61.282574,,,,
Standard Deviation:,0,,,,
,,,,,
KO_10_day_MA_20230715.csv,120,0.2,0.1,200,0.001
10-day MA prediction after 5 days:,61.16167,,,,
Standard Deviation:,0,,,,
,,,,,
KO_10_day_MA_20230715.csv,120,0.2,0.1,200,0.01
10-day MA prediction after 5 days:,61.455486,,,,
Standard Deviation:,0,,,,
,,,,,
KO_10_day_MA_20230715.csv,120,0.2,0.1,200,0.1
10-day MA prediction after 5 days:,61.293236,,,,
Standard Deviation:,0,,,,
,,,,,
KO_10_day_MA_20230715.csv,120,0.2,0.2,50,0.001
10-day MA prediction after 5 days:,60.975975,,,,
Standard Deviation:,0,,,,
,,,,,
KO_10_day_MA_20230715.csv,120,0.2,0.2,50,0.01
10-day MA prediction after 5 days:,61.07637,,,,
Standard Deviation:,0,,,,
,,,,,
KO_10_day_MA_20230715.csv,120,0.2,0.2,50,0.1
10-day MA prediction after 5 days:,61.114136,,,,
Standard Deviation:,0,,,,
,,,,,
KO_10_day_MA_20230715.csv,120,0.2,0.2,100,0.001
10-day MA prediction after 5 days:,61.095337,,,,
Standard Deviation:,0,,,,
,,,,,
KO_10_day_MA_20230715.csv,120,0.2,0.2,100,0.01
10-day MA prediction after 5 days:,61.155994,,,,
Standard Deviation:,0,,,,
,,,,,
KO_10_day_MA_20230715.csv,120,0.2,0.2,100,0.1
10-day MA prediction after 5 days:,61.171036,,,,
Standard Deviation:,0,,,,
,,,,,
KO_10_day_MA_20230715.csv,120,0.2,0.2,150,0.001
10-day MA prediction after 5 days:,61.125534,,,,
Standard Deviation:,0,,,,
,,,,,
KO_10_day_MA_20230715.csv,120,0.2,0.2,150,0.01
10-day MA prediction after 5 days:,61.196777,,,,
Standard Deviation:,0,,,,
,,,,,
KO_10_day_MA_20230715.csv,120,0.2,0.2,150,0.1
10-day MA prediction after 5 days:,61.34232,,,,
Standard Deviation:,0,,,,
,,,,,
KO_10_day_MA_20230715.csv,120,0.2,0.2,200,0.001
10-day MA prediction after 5 days:,61.114193,,,,
Standard Deviation:,0,,,,
,,,,,
KO_10_day_MA_20230715.csv,120,0.2,0.2,200,0.01
10-day MA prediction after 5 days:,61.37289,,,,
Standard Deviation:,0,,,,
,,,,,
KO_10_day_MA_20230715.csv,120,0.2,0.2,200,0.1
10-day MA prediction after 5 days:,61.240017,,,,
Standard Deviation:,0,,,,
,,,,,
KO_10_day_MA_20230715.csv,120,0.2,0.3,50,0.001
10-day MA prediction after 5 days:,61.00814,,,,
Standard Deviation:,0,,,,
,,,,,
KO_10_day_MA_20230715.csv,120,0.2,0.3,50,0.01
10-day MA prediction after 5 days:,61.128567,,,,
Standard Deviation:,0,,,,
,,,,,
KO_10_day_MA_20230715.csv,120,0.2,0.3,50,0.1
10-day MA prediction after 5 days:,61.057964,,,,
Standard Deviation:,0,,,,
,,,,,
KO_10_day_MA_20230715.csv,120,0.2,0.3,100,0.001
10-day MA prediction after 5 days:,61.046894,,,,
Standard Deviation:,0,,,,
,,,,,
KO_10_day_MA_20230715.csv,120,0.2,0.3,100,0.01
10-day MA prediction after 5 days:,61.416943,,,,
Standard Deviation:,0,,,,
,,,,,
KO_10_day_MA_20230715.csv,120,0.2,0.3,100,0.1
10-day MA prediction after 5 days:,61.386288,,,,
Standard Deviation:,0,,,,
,,,,,
KO_10_day_MA_20230715.csv,120,0.2,0.3,150,0.001
10-day MA prediction after 5 days:,61.13346,,,,
Standard Deviation:,0,,,,
,,,,,
KO_10_day_MA_20230715.csv,120,0.2,0.3,150,0.01
10-day MA prediction after 5 days:,61.219437,,,,
Standard Deviation:,0,,,,
,,,,,
KO_10_day_MA_20230715.csv,120,0.2,0.3,150,0.1
10-day MA prediction after 5 days:,61.176533,,,,
Standard Deviation:,0,,,,
,,,,,
KO_10_day_MA_20230715.csv,120,0.2,0.3,200,0.001
10-day MA prediction after 5 days:,61.266193,,,,
Standard Deviation:,0,,,,
,,,,,
KO_10_day_MA_20230715.csv,120,0.2,0.3,200,0.01
10-day MA prediction after 5 days:,61.114952,,,,
Standard Deviation:,0,,,,
,,,,,
KO_10_day_MA_20230715.csv,120,0.2,0.3,200,0.1
10-day MA prediction after 5 days:,61.14263,,,,
Standard Deviation:,0,,,,
,,,,,
KO_10_day_MA_20230715.csv,120,0.2,0.5,50,0.001
10-day MA prediction after 5 days:,60.907116,,,,
Standard Deviation:,0,,,,
,,,,,
KO_10_day_MA_20230715.csv,120,0.2,0.5,50,0.01
10-day MA prediction after 5 days:,61.092484,,,,
Standard Deviation:,0,,,,
,,,,,
KO_10_day_MA_20230715.csv,120,0.2,0.5,50,0.1
10-day MA prediction after 5 days:,60.83463,,,,
Standard Deviation:,0,,,,
,,,,,
KO_10_day_MA_20230715.csv,120,0.2,0.5,100,0.001
10-day MA prediction after 5 days:,61.03837,,,,
Standard Deviation:,0,,,,
,,,,,
KO_10_day_MA_20230715.csv,120,0.2,0.5,100,0.01
10-day MA prediction after 5 days:,61.206696,,,,
Standard Deviation:,0,,,,
,,,,,
KO_10_day_MA_20230715.csv,120,0.2,0.5,100,0.1
10-day MA prediction after 5 days:,61.06198,,,,
Standard Deviation:,0,,,,
,,,,,
KO_10_day_MA_20230715.csv,120,0.2,0.5,150,0.001
10-day MA prediction after 5 days:,61.063183,,,,
Standard Deviation:,0,,,,
,,,,,
KO_10_day_MA_20230715.csv,120,0.2,0.5,150,0.01
10-day MA prediction after 5 days:,61.203632,,,,
Standard Deviation:,0,,,,
,,,,,
KO_10_day_MA_20230715.csv,120,0.2,0.5,150,0.1
10-day MA prediction after 5 days:,60.9937,,,,
Standard Deviation:,0,,,,
,,,,,
KO_10_day_MA_20230715.csv,120,0.2,0.5,200,0.001
10-day MA prediction after 5 days:,61.37758,,,,
Standard Deviation:,0,,,,
,,,,,
KO_10_day_MA_20230715.csv,120,0.2,0.5,200,0.01
10-day MA prediction after 5 days:,61.409294,,,,
Standard Deviation:,0,,,,
,,,,,
KO_10_day_MA_20230715.csv,120,0.2,0.5,200,0.1
10-day MA prediction after 5 days:,61.385365,,,,
Standard Deviation:,0,,,,
,,,,,
KO_10_day_MA_20230715.csv,120,0.3,0.1,50,0.001
10-day MA prediction after 5 days:,60.967056,,,,
Standard Deviation:,0,,,,
,,,,,
KO_10_day_MA_20230715.csv,120,0.3,0.1,50,0.01
10-day MA prediction after 5 days:,61.288467,,,,
Standard Deviation:,0,,,,
,,,,,
KO_10_day_MA_20230715.csv,120,0.3,0.1,50,0.1
10-day MA prediction after 5 days:,61.17897,,,,
Standard Deviation:,0,,,,
,,,,,
KO_10_day_MA_20230715.csv,120,0.3,0.1,100,0.001
10-day MA prediction after 5 days:,61.02633,,,,
Standard Deviation:,0,,,,
,,,,,
KO_10_day_MA_20230715.csv,120,0.3,0.1,100,0.01
10-day MA prediction after 5 days:,61.200806,,,,
Standard Deviation:,0,,,,
,,,,,
KO_10_day_MA_20230715.csv,120,0.3,0.1,100,0.1
10-day MA prediction after 5 days:,61.227573,,,,
Standard Deviation:,0,,,,
,,,,,
KO_10_day_MA_20230715.csv,120,0.3,0.1,150,0.001
10-day MA prediction after 5 days:,61.048298,,,,
Standard Deviation:,0,,,,
,,,,,
KO_10_day_MA_20230715.csv,120,0.3,0.1,150,0.01
10-day MA prediction after 5 days:,61.369194,,,,
Standard Deviation:,0,,,,
,,,,,
KO_10_day_MA_20230715.csv,120,0.3,0.1,150,0.1
10-day MA prediction after 5 days:,61.031746,,,,
Standard Deviation:,0,,,,
,,,,,
KO_10_day_MA_20230715.csv,120,0.3,0.1,200,0.001
10-day MA prediction after 5 days:,61.09719,,,,
Standard Deviation:,0,,,,
,,,,,
KO_10_day_MA_20230715.csv,120,0.3,0.1,200,0.01
10-day MA prediction after 5 days:,61.272938,,,,
Standard Deviation:,0,,,,
,,,,,
KO_10_day_MA_20230715.csv,120,0.3,0.1,200,0.1
10-day MA prediction after 5 days:,61.10939,,,,
Standard Deviation:,0,,,,
,,,,,
KO_10_day_MA_20230715.csv,120,0.3,0.2,50,0.001
10-day MA prediction after 5 days:,60.98069,,,,
Standard Deviation:,0,,,,
,,,,,
KO_10_day_MA_20230715.csv,120,0.3,0.2,50,0.01
10-day MA prediction after 5 days:,61.16747,,,,
Standard Deviation:,0,,,,
,,,,,
KO_10_day_MA_20230715.csv,120,0.3,0.2,50,0.1
10-day MA prediction after 5 days:,61.15439,,,,
Standard Deviation:,0,,,,
,,,,,
KO_10_day_MA_20230715.csv,120,0.3,0.2,100,0.001
10-day MA prediction after 5 days:,61.02706,,,,
Standard Deviation:,0,,,,
,,,,,
KO_10_day_MA_20230715.csv,120,0.3,0.2,100,0.01
10-day MA prediction after 5 days:,61.054287,,,,
Standard Deviation:,0,,,,
,,,,,
KO_10_day_MA_20230715.csv,120,0.3,0.2,100,0.1
10-day MA prediction after 5 days:,61.102425,,,,
Standard Deviation:,0,,,,
,,,,,
KO_10_day_MA_20230715.csv,120,0.3,0.2,150,0.001
10-day MA prediction after 5 days:,61.07542,,,,
Standard Deviation:,0,,,,
,,,,,
KO_10_day_MA_20230715.csv,120,0.3,0.2,150,0.01
10-day MA prediction after 5 days:,61.154007,,,,
Standard Deviation:,0,,,,
,,,,,
KO_10_day_MA_20230715.csv,120,0.3,0.2,150,0.1
10-day MA prediction after 5 days:,61.27825,,,,
Standard Deviation:,0,,,,
,,,,,
KO_10_day_MA_20230715.csv,120,0.3,0.2,200,0.001
10-day MA prediction after 5 days:,61.10681,,,,
Standard Deviation:,0,,,,
,,,,,
KO_10_day_MA_20230715.csv,120,0.3,0.2,200,0.01
10-day MA prediction after 5 days:,61.2594,,,,
Standard Deviation:,0,,,,
,,,,,
KO_10_day_MA_20230715.csv,120,0.3,0.2,200,0.1
10-day MA prediction after 5 days:,60.996395,,,,
Standard Deviation:,0,,,,
,,,,,
KO_10_day_MA_20230715.csv,120,0.3,0.3,50,0.001
10-day MA prediction after 5 days:,60.93878,,,,
Standard Deviation:,0,,,,
,,,,,
KO_10_day_MA_20230715.csv,120,0.3,0.3,50,0.01
10-day MA prediction after 5 days:,61.354057,,,,
Standard Deviation:,0,,,,
,,,,,
KO_10_day_MA_20230715.csv,120,0.3,0.3,50,0.1
10-day MA prediction after 5 days:,61.060593,,,,
Standard Deviation:,0,,,,
,,,,,
KO_10_day_MA_20230715.csv,120,0.3,0.3,100,0.001
10-day MA prediction after 5 days:,61.01901,,,,
Standard Deviation:,0,,,,
,,,,,
KO_10_day_MA_20230715.csv,120,0.3,0.3,100,0.01
10-day MA prediction after 5 days:,61.172554,,,,
Standard Deviation:,0,,,,
,,,,,
KO_10_day_MA_20230715.csv,120,0.3,0.3,100,0.1
10-day MA prediction after 5 days:,60.92704,,,,
Standard Deviation:,0,,,,
,,,,,
KO_10_day_MA_20230715.csv,120,0.3,0.3,150,0.001
10-day MA prediction after 5 days:,61.085217,,,,
Standard Deviation:,0,,,,
,,,,,
KO_10_day_MA_20230715.csv,120,0.3,0.3,150,0.01
10-day MA prediction after 5 days:,61.085396,,,,
Standard Deviation:,0,,,,
,,,,,
KO_10_day_MA_20230715.csv,120,0.3,0.3,150,0.1
10-day MA prediction after 5 days:,61.208775,,,,
Standard Deviation:,0,,,,
,,,,,
KO_10_day_MA_20230715.csv,120,0.3,0.3,200,0.001
10-day MA prediction after 5 days:,61.030594,,,,
Standard Deviation:,0,,,,
,,,,,
KO_10_day_MA_20230715.csv,120,0.3,0.3,200,0.01
10-day MA prediction after 5 days:,61.34827,,,,
Standard Deviation:,0,,,,
,,,,,
KO_10_day_MA_20230715.csv,120,0.3,0.3,200,0.1
10-day MA prediction after 5 days:,61.528316,,,,
Standard Deviation:,0,,,,
,,,,,
KO_10_day_MA_20230715.csv,120,0.3,0.5,50,0.001
10-day MA prediction after 5 days:,60.768723,,,,
Standard Deviation:,0,,,,
,,,,,
KO_10_day_MA_20230715.csv,120,0.3,0.5,50,0.01
10-day MA prediction after 5 days:,61.09272,,,,
Standard Deviation:,0,,,,
,,,,,
KO_10_day_MA_20230715.csv,120,0.3,0.5,50,0.1
10-day MA prediction after 5 days:,60.485317,,,,
Standard Deviation:,0,,,,
,,,,,
KO_10_day_MA_20230715.csv,120,0.3,0.5,100,0.001
10-day MA prediction after 5 days:,60.928738,,,,
Standard Deviation:,0,,,,
,,,,,
KO_10_day_MA_20230715.csv,120,0.3,0.5,100,0.01
10-day MA prediction after 5 days:,61.10491,,,,
Standard Deviation:,0,,,,
,,,,,
KO_10_day_MA_20230715.csv,120,0.3,0.5,100,0.1
10-day MA prediction after 5 days:,60.237267,,,,
Standard Deviation:,0,,,,
,,,,,
KO_10_day_MA_20230715.csv,120,0.3,0.5,150,0.001
10-day MA prediction after 5 days:,61.02113,,,,
Standard Deviation:,0,,,,
,,,,,
KO_10_day_MA_20230715.csv,120,0.3,0.5,150,0.01
10-day MA prediction after 5 days:,61.11433,,,,
Standard Deviation:,0,,,,
,,,,,
KO_10_day_MA_20230715.csv,120,0.3,0.5,150,0.1
10-day MA prediction after 5 days:,61.124134,,,,
Standard Deviation:,0,,,,
,,,,,
KO_10_day_MA_20230715.csv,120,0.3,0.5,200,0.001
10-day MA prediction after 5 days:,61.057327,,,,
Standard Deviation:,0,,,,
,,,,,
KO_10_day_MA_20230715.csv,120,0.3,0.5,200,0.01
10-day MA prediction after 5 days:,61.114483,,,,
Standard Deviation:,0,,,,
,,,,,
KO_10_day_MA_20230715.csv,120,0.3,0.5,200,0.1
10-day MA prediction after 5 days:,60.99297,,,,
Standard Deviation:,0,,,,
,,,,,
KO_10_day_MA_20230715.csv,200,0.1,0.1,50,0.001
10-day MA prediction after 5 days:,60.10531,,,,
Standard Deviation:,0,,,,
,,,,,
KO_10_day_MA_20230715.csv,200,0.1,0.1,50,0.01
10-day MA prediction after 5 days:,60.611294,,,,
Standard Deviation:,0,,,,
,,,,,
KO_10_day_MA_20230715.csv,200,0.1,0.1,50,0.1
10-day MA prediction after 5 days:,60.434,,,,
Standard Deviation:,0,,,,
,,,,,
KO_10_day_MA_20230715.csv,200,0.1,0.1,100,0.001
10-day MA prediction after 5 days:,60.186314,,,,
Standard Deviation:,0,,,,
,,,,,
KO_10_day_MA_20230715.csv,200,0.1,0.1,100,0.01
10-day MA prediction after 5 days:,60.608006,,,,
Standard Deviation:,0,,,,
,,,,,
KO_10_day_MA_20230715.csv,200,0.1,0.1,100,0.1
10-day MA prediction after 5 days:,61.415043,,,,
Standard Deviation:,0,,,,
,,,,,
KO_10_day_MA_20230715.csv,200,0.1,0.1,150,0.001
10-day MA prediction after 5 days:,60.096478,,,,
Standard Deviation:,0,,,,
,,,,,
KO_10_day_MA_20230715.csv,200,0.1,0.1,150,0.01
10-day MA prediction after 5 days:,60.53253,,,,
Standard Deviation:,0,,,,
,,,,,
KO_10_day_MA_20230715.csv,200,0.1,0.1,150,0.1
10-day MA prediction after 5 days:,60.335045,,,,
Standard Deviation:,0,,,,
,,,,,
KO_10_day_MA_20230715.csv,200,0.1,0.1,200,0.001
10-day MA prediction after 5 days:,60.215046,,,,
Standard Deviation:,0,,,,
,,,,,
KO_10_day_MA_20230715.csv,200,0.1,0.1,200,0.01
10-day MA prediction after 5 days:,60.750965,,,,
Standard Deviation:,0,,,,
,,,,,
KO_10_day_MA_20230715.csv,200,0.1,0.1,200,0.1
10-day MA prediction after 5 days:,59.52636,,,,
Standard Deviation:,0,,,,
,,,,,
KO_10_day_MA_20230715.csv,200,0.1,0.2,50,0.001
10-day MA prediction after 5 days:,60.133537,,,,
Standard Deviation:,0,,,,
,,,,,
KO_10_day_MA_20230715.csv,200,0.1,0.2,50,0.01
10-day MA prediction after 5 days:,60.34975,,,,
Standard Deviation:,0,,,,
,,,,,
KO_10_day_MA_20230715.csv,200,0.1,0.2,50,0.1
10-day MA prediction after 5 days:,61.92139,,,,
Standard Deviation:,0,,,,
,,,,,
KO_10_day_MA_20230715.csv,200,0.1,0.2,100,0.001
10-day MA prediction after 5 days:,60.203037,,,,
Standard Deviation:,0,,,,
,,,,,
KO_10_day_MA_20230715.csv,200,0.1,0.2,100,0.01
10-day MA prediction after 5 days:,60.714424,,,,
Standard Deviation:,0,,,,
,,,,,
KO_10_day_MA_20230715.csv,200,0.1,0.2,100,0.1
10-day MA prediction after 5 days:,nan,,,,
Standard Deviation:,nan,,,,
,,,,,
KO_10_day_MA_20230715.csv,200,0.1,0.2,150,0.001
10-day MA prediction after 5 days:,60.18383,,,,
Standard Deviation:,0,,,,
,,,,,
KO_10_day_MA_20230715.csv,200,0.1,0.2,150,0.01
10-day MA prediction after 5 days:,60.657753,,,,
Standard Deviation:,0,,,,
,,,,,
KO_10_day_MA_20230715.csv,200,0.1,0.2,150,0.1
10-day MA prediction after 5 days:,60.949482,,,,
Standard Deviation:,0,,,,
,,,,,
KO_10_day_MA_20230715.csv,200,0.1,0.2,200,0.001
10-day MA prediction after 5 days:,60.157875,,,,
Standard Deviation:,0,,,,
,,,,,
KO_10_day_MA_20230715.csv,200,0.1,0.2,200,0.01
10-day MA prediction after 5 days:,60.478878,,,,
Standard Deviation:,0,,,,
,,,,,
KO_10_day_MA_20230715.csv,200,0.1,0.2,200,0.1
10-day MA prediction after 5 days:,60.957253,,,,
Standard Deviation:,0,,,,
,,,,,
KO_10_day_MA_20230715.csv,200,0.1,0.3,50,0.001
10-day MA prediction after 5 days:,60.153248,,,,
Standard Deviation:,0,,,,
,,,,,
KO_10_day_MA_20230715.csv,200,0.1,0.3,50,0.01
10-day MA prediction after 5 days:,60.494972,,,,
Standard Deviation:,0,,,,
,,,,,
KO_10_day_MA_20230715.csv,200,0.1,0.3,50,0.1
10-day MA prediction after 5 days:,60.39061,,,,
Standard Deviation:,0,,,,
,,,,,
KO_10_day_MA_20230715.csv,200,0.1,0.3,100,0.001
10-day MA prediction after 5 days:,60.107502,,,,
Standard Deviation:,0,,,,
,,,,,
KO_10_day_MA_20230715.csv,200,0.1,0.3,100,0.01
10-day MA prediction after 5 days:,60.669323,,,,
Standard Deviation:,0,,,,
,,,,,
KO_10_day_MA_20230715.csv,200,0.1,0.3,100,0.1
10-day MA prediction after 5 days:,nan,,,,
Standard Deviation:,nan,,,,
,,,,,
KO_10_day_MA_20230715.csv,200,0.1,0.3,150,0.001
10-day MA prediction after 5 days:,60.287655,,,,
Standard Deviation:,0,,,,
,,,,,
KO_10_day_MA_20230715.csv,200,0.1,0.3,150,0.01
10-day MA prediction after 5 days:,60.639267,,,,
Standard Deviation:,0,,,,
,,,,,
KO_10_day_MA_20230715.csv,200,0.1,0.3,150,0.1
10-day MA prediction after 5 days:,59.45249,,,,
Standard Deviation:,0,,,,
,,,,,
KO_10_day_MA_20230715.csv,200,0.1,0.3,200,0.001
10-day MA prediction after 5 days:,60.16496,,,,
Standard Deviation:,0,,,,
,,,,,
KO_10_day_MA_20230715.csv,200,0.1,0.3,200,0.01
10-day MA prediction after 5 days:,60.734715,,,,
Standard Deviation:,0,,,,
,,,,,
KO_10_day_MA_20230715.csv,200,0.1,0.3,200,0.1
10-day MA prediction after 5 days:,58.08315,,,,
Standard Deviation:,0,,,,
,,,,,
KO_10_day_MA_20230715.csv,200,0.1,0.5,50,0.001
10-day MA prediction after 5 days:,59.83098,,,,
Standard Deviation:,0,,,,
,,,,,
KO_10_day_MA_20230715.csv,200,0.1,0.5,50,0.01
10-day MA prediction after 5 days:,60.188538,,,,
Standard Deviation:,0,,,,
,,,,,
KO_10_day_MA_20230715.csv,200,0.1,0.5,50,0.1
10-day MA prediction after 5 days:,60.205315,,,,
Standard Deviation:,0,,,,
,,,,,
KO_10_day_MA_20230715.csv,200,0.1,0.5,100,0.001
10-day MA prediction after 5 days:,60.168583,,,,
Standard Deviation:,0,,,,
,,,,,
KO_10_day_MA_20230715.csv,200,0.1,0.5,100,0.01
10-day MA prediction after 5 days:,60.336815,,,,
Standard Deviation:,0,,,,
,,,,,
KO_10_day_MA_20230715.csv,200,0.1,0.5,100,0.1
10-day MA prediction after 5 days:,nan,,,,
Standard Deviation:,nan,,,,
,,,,,
KO_10_day_MA_20230715.csv,200,0.1,0.5,150,0.001
10-day MA prediction after 5 days:,60.240242,,,,
Standard Deviation:,0,,,,
,,,,,
KO_10_day_MA_20230715.csv,200,0.1,0.5,150,0.01
10-day MA prediction after 5 days:,61.465263,,,,
Standard Deviation:,0,,,,
,,,,,
KO_10_day_MA_20230715.csv,200,0.1,0.5,150,0.1
10-day MA prediction after 5 days:,63.253937,,,,
Standard Deviation:,0,,,,
,,,,,
KO_10_day_MA_20230715.csv,200,0.1,0.5,200,0.001
10-day MA prediction after 5 days:,60.04364,,,,
Standard Deviation:,0,,,,
,,,,,
KO_10_day_MA_20230715.csv,200,0.1,0.5,200,0.01
10-day MA prediction after 5 days:,60.65758,,,,
Standard Deviation:,0,,,,
,,,,,
KO_10_day_MA_20230715.csv,200,0.1,0.5,200,0.1
10-day MA prediction after 5 days:,59.40058,,,,
Standard Deviation:,0,,,,
,,,,,
KO_10_day_MA_20230715.csv,200,0.2,0.1,50,0.001
10-day MA prediction after 5 days:,59.97354,,,,
Standard Deviation:,0,,,,
,,,,,
KO_10_day_MA_20230715.csv,200,0.2,0.1,50,0.01
10-day MA prediction after 5 days:,60.72659,,,,
Standard Deviation:,0,,,,
,,,,,
KO_10_day_MA_20230715.csv,200,0.2,0.1,50,0.1
10-day MA prediction after 5 days:,60.672287,,,,
Standard Deviation:,0,,,,
,,,,,
KO_10_day_MA_20230715.csv,200,0.2,0.1,100,0.001
10-day MA prediction after 5 days:,60.265663,,,,
Standard Deviation:,0,,,,
,,,,,
KO_10_day_MA_20230715.csv,200,0.2,0.1,100,0.01
10-day MA prediction after 5 days:,60.47614,,,,
Standard Deviation:,0,,,,
,,,,,
KO_10_day_MA_20230715.csv,200,0.2,0.1,100,0.1
10-day MA prediction after 5 days:,nan,,,,
Standard Deviation:,nan,,,,
,,,,,
KO_10_day_MA_20230715.csv,200,0.2,0.1,150,0.001
10-day MA prediction after 5 days:,60.18104,,,,
Standard Deviation:,0,,,,
,,,,,
KO_10_day_MA_20230715.csv,200,0.2,0.1,150,0.01
10-day MA prediction after 5 days:,60.54241,,,,
Standard Deviation:,0,,,,
,,,,,
KO_10_day_MA_20230715.csv,200,0.2,0.1,150,0.1
10-day MA prediction after 5 days:,58.525047,,,,
Standard Deviation:,0,,,,
,,,,,
KO_10_day_MA_20230715.csv,200,0.2,0.1,200,0.001
10-day MA prediction after 5 days:,60.17343,,,,
Standard Deviation:,0,,,,
,,,,,
KO_10_day_MA_20230715.csv,200,0.2,0.1,200,0.01
10-day MA prediction after 5 days:,60.722332,,,,
Standard Deviation:,0,,,,
,,,,,
KO_10_day_MA_20230715.csv,200,0.2,0.1,200,0.1
10-day MA prediction after 5 days:,62.91973,,,,
Standard Deviation:,0,,,,
,,,,,
KO_10_day_MA_20230715.csv,200,0.2,0.2,50,0.001
10-day MA prediction after 5 days:,60.051987,,,,
Standard Deviation:,0,,,,
,,,,,
KO_10_day_MA_20230715.csv,200,0.2,0.2,50,0.01
10-day MA prediction after 5 days:,60.619953,,,,
Standard Deviation:,0,,,,
,,,,,
KO_10_day_MA_20230715.csv,200,0.2,0.2,50,0.1
10-day MA prediction after 5 days:,61.105095,,,,
Standard Deviation:,0,,,,
,,,,,
KO_10_day_MA_20230715.csv,200,0.2,0.2,100,0.001
10-day MA prediction after 5 days:,60.305664,,,,
Standard Deviation:,0,,,,
,,,,,
KO_10_day_MA_20230715.csv,200,0.2,0.2,100,0.01
10-day MA prediction after 5 days:,60.5899,,,,
Standard Deviation:,0,,,,
,,,,,
KO_10_day_MA_20230715.csv,200,0.2,0.2,100,0.1
10-day MA prediction after 5 days:,nan,,,,
Standard Deviation:,nan,,,,
,,,,,
KO_10_day_MA_20230715.csv,200,0.2,0.2,150,0.001
10-day MA prediction after 5 days:,60.150574,,,,
Standard Deviation:,0,,,,
,,,,,
KO_10_day_MA_20230715.csv,200,0.2,0.2,150,0.01
10-day MA prediction after 5 days:,58.85616,,,,
Standard Deviation:,0,,,,
,,,,,
KO_10_day_MA_20230715.csv,200,0.2,0.2,150,0.1
10-day MA prediction after 5 days:,59.673977,,,,
Standard Deviation:,0,,,,
,,,,,
KO_10_day_MA_20230715.csv,200,0.2,0.2,200,0.001
10-day MA prediction after 5 days:,60.218605,,,,
Standard Deviation:,0,,,,
,,,,,
KO_10_day_MA_20230715.csv,200,0.2,0.2,200,0.01
10-day MA prediction after 5 days:,60.976086,,,,
Standard Deviation:,0,,,,
,,,,,
KO_10_day_MA_20230715.csv,200,0.2,0.2,200,0.1
10-day MA prediction after 5 days:,61.333576,,,,
Standard Deviation:,0,,,,
,,,,,
KO_10_day_MA_20230715.csv,200,0.2,0.3,50,0.001
10-day MA prediction after 5 days:,59.942554,,,,
Standard Deviation:,0,,,,
,,,,,
KO_10_day_MA_20230715.csv,200,0.2,0.3,50,0.01
10-day MA prediction after 5 days:,60.53781,,,,
Standard Deviation:,0,,,,
,,,,,
KO_10_day_MA_20230715.csv,200,0.2,0.3,50,0.1
10-day MA prediction after 5 days:,60.93342,,,,
Standard Deviation:,0,,,,
,,,,,
KO_10_day_MA_20230715.csv,200,0.2,0.3,100,0.001
10-day MA prediction after 5 days:,60.19758,,,,
Standard Deviation:,0,,,,
,,,,,
KO_10_day_MA_20230715.csv,200,0.2,0.3,100,0.01
10-day MA prediction after 5 days:,60.703484,,,,
Standard Deviation:,0,,,,
,,,,,
KO_10_day_MA_20230715.csv,200,0.2,0.3,100,0.1
10-day MA prediction after 5 days:,nan,,,,
Standard Deviation:,nan,,,,
,,,,,
KO_10_day_MA_20230715.csv,200,0.2,0.3,150,0.001
10-day MA prediction after 5 days:,60.08562,,,,
Standard Deviation:,0,,,,
,,,,,
KO_10_day_MA_20230715.csv,200,0.2,0.3,150,0.01
10-day MA prediction after 5 days:,60.43277,,,,
Standard Deviation:,0,,,,
,,,,,
KO_10_day_MA_20230715.csv,200,0.2,0.3,150,0.1
10-day MA prediction after 5 days:,57.152546,,,,
Standard Deviation:,0,,,,
,,,,,
KO_10_day_MA_20230715.csv,200,0.2,0.3,200,0.001
10-day MA prediction after 5 days:,60.227806,,,,
Standard Deviation:,0,,,,
,,,,,
KO_10_day_MA_20230715.csv,200,0.2,0.3,200,0.01
10-day MA prediction after 5 days:,60.84102,,,,
Standard Deviation:,0,,,,
,,,,,
KO_10_day_MA_20230715.csv,200,0.2,0.3,200,0.1
10-day MA prediction after 5 days:,63.283066,,,,
Standard Deviation:,0,,,,
,,,,,
KO_10_day_MA_20230715.csv,200,0.2,0.5,50,0.001
10-day MA prediction after 5 days:,59.880497,,,,
Standard Deviation:,0,,,,
,,,,,
KO_10_day_MA_20230715.csv,200,0.2,0.5,50,0.01
10-day MA prediction after 5 days:,60.60152,,,,
Standard Deviation:,0,,,,
,,,,,
KO_10_day_MA_20230715.csv,200,0.2,0.5,50,0.1
10-day MA prediction after 5 days:,60.17538,,,,
Standard Deviation:,0,,,,
,,,,,
KO_10_day_MA_20230715.csv,200,0.2,0.5,100,0.001
10-day MA prediction after 5 days:,60.206696,,,,
Standard Deviation:,0,,,,
,,,,,
KO_10_day_MA_20230715.csv,200,0.2,0.5,100,0.01
10-day MA prediction after 5 days:,60.74785,,,,
Standard Deviation:,0,,,,
,,,,,
KO_10_day_MA_20230715.csv,200,0.2,0.5,100,0.1
10-day MA prediction after 5 days:,61.067234,,,,
Standard Deviation:,0,,,,
,,,,,
KO_10_day_MA_20230715.csv,200,0.2,0.5,150,0.001
10-day MA prediction after 5 days:,60.100124,,,,
Standard Deviation:,0,,,,
,,,,,
KO_10_day_MA_20230715.csv,200,0.2,0.5,150,0.01
10-day MA prediction after 5 days:,60.41361,,,,
Standard Deviation:,0,,,,
,,,,,
KO_10_day_MA_20230715.csv,200,0.2,0.5,150,0.1
10-day MA prediction after 5 days:,58.268475,,,,
Standard Deviation:,0,,,,
,,,,,
KO_10_day_MA_20230715.csv,200,0.2,0.5,200,0.001
10-day MA prediction after 5 days:,60.239304,,,,
Standard Deviation:,0,,,,
,,,,,
KO_10_day_MA_20230715.csv,200,0.2,0.5,200,0.01
10-day MA prediction after 5 days:,61.205597,,,,
Standard Deviation:,0,,,,
,,,,,
KO_10_day_MA_20230715.csv,200,0.2,0.5,200,0.1
10-day MA prediction after 5 days:,59.619034,,,,
Standard Deviation:,0,,,,
,,,,,
KO_10_day_MA_20230715.csv,200,0.3,0.1,50,0.001
10-day MA prediction after 5 days:,60.022324,,,,
Standard Deviation:,0,,,,
,,,,,
KO_10_day_MA_20230715.csv,200,0.3,0.1,50,0.01
10-day MA prediction after 5 days:,60.694305,,,,
Standard Deviation:,0,,,,
,,,,,
KO_10_day_MA_20230715.csv,200,0.3,0.1,50,0.1
10-day MA prediction after 5 days:,61.090225,,,,
Standard Deviation:,0,,,,
,,,,,
KO_10_day_MA_20230715.csv,200,0.3,0.1,100,0.001
10-day MA prediction after 5 days:,60.367443,,,,
Standard Deviation:,0,,,,
,,,,,
KO_10_day_MA_20230715.csv,200,0.3,0.1,100,0.01
10-day MA prediction after 5 days:,60.793556,,,,
Standard Deviation:,0,,,,
,,,,,
KO_10_day_MA_20230715.csv,200,0.3,0.1,100,0.1
10-day MA prediction after 5 days:,63.134777,,,,
Standard Deviation:,0,,,,
,,,,,
KO_10_day_MA_20230715.csv,200,0.3,0.1,150,0.001
10-day MA prediction after 5 days:,60.192154,,,,
Standard Deviation:,0,,,,
,,,,,
KO_10_day_MA_20230715.csv,200,0.3,0.1,150,0.01
10-day MA prediction after 5 days:,60.559402,,,,
Standard Deviation:,0,,,,
,,,,,
KO_10_day_MA_20230715.csv,200,0.3,0.1,150,0.1
10-day MA prediction after 5 days:,59.80591,,,,
Standard Deviation:,0,,,,
,,,,,
KO_10_day_MA_20230715.csv,200,0.3,0.1,200,0.001
10-day MA prediction after 5 days:,60.344948,,,,
Standard Deviation:,0,,,,
,,,,,
KO_10_day_MA_20230715.csv,200,0.3,0.1,200,0.01
10-day MA prediction after 5 days:,60.593006,,,,
Standard Deviation:,0,,,,
,,,,,
KO_10_day_MA_20230715.csv,200,0.3,0.1,200,0.1
10-day MA prediction after 5 days:,57.296432,,,,
Standard Deviation:,0,,,,
,,,,,
KO_10_day_MA_20230715.csv,200,0.3,0.2,50,0.001
10-day MA prediction after 5 days:,60.053345,,,,
Standard Deviation:,0,,,,
,,,,,
KO_10_day_MA_20230715.csv,200,0.3,0.2,50,0.01
10-day MA prediction after 5 days:,60.50956,,,,
Standard Deviation:,0,,,,
,,,,,
KO_10_day_MA_20230715.csv,200,0.3,0.2,50,0.1
10-day MA prediction after 5 days:,60.980988,,,,
Standard Deviation:,0,,,,
,,,,,
KO_10_day_MA_20230715.csv,200,0.3,0.2,100,0.001
10-day MA prediction after 5 days:,60.288235,,,,
Standard Deviation:,0,,,,
,,,,,
KO_10_day_MA_20230715.csv,200,0.3,0.2,100,0.01
10-day MA prediction after 5 days:,60.49908,,,,
Standard Deviation:,0,,,,
,,,,,
KO_10_day_MA_20230715.csv,200,0.3,0.2,100,0.1
10-day MA prediction after 5 days:,60.741993,,,,
Standard Deviation:,0,,,,
,,,,,
KO_10_day_MA_20230715.csv,200,0.3,0.2,150,0.001
10-day MA prediction after 5 days:,60.216465,,,,
Standard Deviation:,0,,,,
,,,,,
KO_10_day_MA_20230715.csv,200,0.3,0.2,150,0.01
10-day MA prediction after 5 days:,61.918934,,,,
Standard Deviation:,0,,,,
,,,,,
KO_10_day_MA_20230715.csv,200,0.3,0.2,150,0.1
10-day MA prediction after 5 days:,63.038254,,,,
Standard Deviation:,0,,,,
,,,,,
KO_10_day_MA_20230715.csv,200,0.3,0.2,200,0.001
10-day MA prediction after 5 days:,60.14323,,,,
Standard Deviation:,0,,,,
,,,,,
KO_10_day_MA_20230715.csv,200,0.3,0.2,200,0.01
10-day MA prediction after 5 days:,61.12338,,,,
Standard Deviation:,0,,,,
,,,,,
KO_10_day_MA_20230715.csv,200,0.3,0.2,200,0.1
10-day MA prediction after 5 days:,58.031258,,,,
Standard Deviation:,0,,,,
,,,,,
KO_10_day_MA_20230715.csv,200,0.3,0.3,50,0.001
10-day MA prediction after 5 days:,59.81868,,,,
Standard Deviation:,0,,,,
,,,,,
KO_10_day_MA_20230715.csv,200,0.3,0.3,50,0.01
10-day MA prediction after 5 days:,60.56753,,,,
Standard Deviation:,0,,,,
,,,,,
KO_10_day_MA_20230715.csv,200,0.3,0.3,50,0.1
10-day MA prediction after 5 days:,60.68178,,,,
Standard Deviation:,0,,,,
,,,,,
KO_10_day_MA_20230715.csv,200,0.3,0.3,100,0.001
10-day MA prediction after 5 days:,60.279133,,,,
Standard Deviation:,0,,,,
,,,,,
KO_10_day_MA_20230715.csv,200,0.3,0.3,100,0.01
10-day MA prediction after 5 days:,60.53699,,,,
Standard Deviation:,0,,,,
,,,,,
KO_10_day_MA_20230715.csv,200,0.3,0.3,100,0.1
10-day MA prediction after 5 days:,nan,,,,
Standard Deviation:,nan,,,,
,,,,,
KO_10_day_MA_20230715.csv,200,0.3,0.3,150,0.001
10-day MA prediction after 5 days:,60.217842,,,,
Standard Deviation:,0,,,,
,,,,,
KO_10_day_MA_20230715.csv,200,0.3,0.3,150,0.01
10-day MA prediction after 5 days:,61.413986,,,,
Standard Deviation:,0,,,,
,,,,,
KO_10_day_MA_20230715.csv,200,0.3,0.3,150,0.1
10-day MA prediction after 5 days:,58.045223,,,,
Standard Deviation:,0,,,,
,,,,,
KO_10_day_MA_20230715.csv,200,0.3,0.3,200,0.001
10-day MA prediction after 5 days:,60.331158,,,,
Standard Deviation:,0,,,,
,,,,,
KO_10_day_MA_20230715.csv,200,0.3,0.3,200,0.01
10-day MA prediction after 5 days:,61.15258,,,,
Standard Deviation:,0,,,,
,,,,,
KO_10_day_MA_20230715.csv,200,0.3,0.3,200,0.1
10-day MA prediction after 5 days:,62.80902,,,,
Standard Deviation:,0,,,,
,,,,,
KO_10_day_MA_20230715.csv,200,0.3,0.5,50,0.001
10-day MA prediction after 5 days:,59.7903,,,,
Standard Deviation:,0,,,,
,,,,,
KO_10_day_MA_20230715.csv,200,0.3,0.5,50,0.01
10-day MA prediction after 5 days:,60.49377,,,,
Standard Deviation:,0,,,,
,,,,,
KO_10_day_MA_20230715.csv,200,0.3,0.5,50,0.1
10-day MA prediction after 5 days:,60.046417,,,,
Standard Deviation:,0,,,,
,,,,,
KO_10_day_MA_20230715.csv,200,0.3,0.5,100,0.001
10-day MA prediction after 5 days:,60.27343,,,,
Standard Deviation:,0,,,,
,,,,,
KO_10_day_MA_20230715.csv,200,0.3,0.5,100,0.01
10-day MA prediction after 5 days:,60.44233,,,,
Standard Deviation:,0,,,,
,,,,,
KO_10_day_MA_20230715.csv,200,0.3,0.5,100,0.1
10-day MA prediction after 5 days:,59.287674,,,,
Standard Deviation:,0,,,,
,,,,,
KO_10_day_MA_20230715.csv,200,0.3,0.5,150,0.001
10-day MA prediction after 5 days:,60.100113,,,,
Standard Deviation:,0,,,,
,,,,,
KO_10_day_MA_20230715.csv,200,0.3,0.5,150,0.01
10-day MA prediction after 5 days:,60.473534,,,,
Standard Deviation:,0,,,,
,,,,,
KO_10_day_MA_20230715.csv,200,0.3,0.5,150,0.1
10-day MA prediction after 5 days:,59.19998,,,,
Standard Deviation:,0,,,,
,,,,,
KO_10_day_MA_20230715.csv,200,0.3,0.5,200,0.001
10-day MA prediction after 5 days:,60.279922,,,,
Standard Deviation:,0,,,,
,,,,,
KO_10_day_MA_20230715.csv,200,0.3,0.5,200,0.01
10-day MA prediction after 5 days:,63.04153,,,,
Standard Deviation:,0,,,,
,,,,,
KO_10_day_MA_20230715.csv,200,0.3,0.5,200,0.1
10-day MA prediction after 5 days:,62.076935,,,,
Standard Deviation:,0,,,,