BYND_10_day_MA_20240510.csv,30,0.1,0.1,50,0.001
10-day MA prediction after 5 days:,6.6257753,,,,
Standard Deviation:,0,,,,
,,,,,
BYND_10_day_MA_20240510.csv,30,0.1,0.1,50,0.01
10-day MA prediction after 5 days:,7.169362,,,,
Standard Deviation:,0,,,,
,,,,,
BYND_10_day_MA_20240510.csv,30,0.1,0.1,50,0.1
10-day MA prediction after 5 days:,7.3584175,,,,
Standard Deviation:,0,,,,
,,,,,
BYND_10_day_MA_20240510.csv,30,0.1,0.1,100,0.001
10-day MA prediction after 5 days:,6.523168,,,,
Standard Deviation:,0,,,,
,,,,,
BYND_10_day_MA_20240510.csv,30,0.1,0.1,100,0.01
10-day MA prediction after 5 days:,6.770418,,,,
Standard Deviation:,0,,,,
,,,,,
BYND_10_day_MA_20240510.csv,30,0.1,0.1,100,0.1
10-day MA prediction after 5 days:,7.39745,,,,
Standard Deviation:,0,,,,
,,,,,
BYND_10_day_MA_20240510.csv,30,0.1,0.1,150,0.001
10-day MA prediction after 5 days:,6.5618944,,,,
Standard Deviation:,0,,,,
,,,,,
BYND_10_day_MA_20240510.csv,30,0.1,0.1,150,0.01
10-day MA prediction after 5 days:,7.166224,,,,
Standard Deviation:,0,,,,
,,,,,
BYND_10_day_MA_20240510.csv,30,0.1,0.1,150,0.1
10-day MA prediction after 5 days:,9.137126,,,,
Standard Deviation:,0,,,,
,,,,,
BYND_10_day_MA_20240510.csv,30,0.1,0.1,200,0.001
10-day MA prediction after 5 days:,6.587982,,,,
Standard Deviation:,0,,,,
,,,,,
BYND_10_day_MA_20240510.csv,30,0.1,0.1,200,0.01
10-day MA prediction after 5 days:,7.9143367,,,,
Standard Deviation:,0,,,,
,,,,,
BYND_10_day_MA_20240510.csv,30,0.1,0.1,200,0.1
10-day MA prediction after 5 days:,9.111583,,,,
Standard Deviation:,0,,,,
,,,,,
BYND_10_day_MA_20240510.csv,30,0.1,0.2,50,0.001
10-day MA prediction after 5 days:,6.606549,,,,
Standard Deviation:,0,,,,
,,,,,
BYND_10_day_MA_20240510.csv,30,0.1,0.2,50,0.01
10-day MA prediction after 5 days:,7.1086707,,,,
Standard Deviation:,0,,,,
,,,,,
BYND_10_day_MA_20240510.csv,30,0.1,0.2,50,0.1
10-day MA prediction after 5 days:,7.522051,,,,
Standard Deviation:,0,,,,
,,,,,
BYND_10_day_MA_20240510.csv,30,0.1,0.2,100,0.001
10-day MA prediction after 5 days:,6.5090594,,,,
Standard Deviation:,0,,,,
,,,,,
BYND_10_day_MA_20240510.csv,30,0.1,0.2,100,0.01
10-day MA prediction after 5 days:,7.0423193,,,,
Standard Deviation:,0,,,,
,,,,,
BYND_10_day_MA_20240510.csv,30,0.1,0.2,100,0.1
10-day MA prediction after 5 days:,8.675406,,,,
Standard Deviation:,0,,,,
,,,,,
BYND_10_day_MA_20240510.csv,30,0.1,0.2,150,0.001
10-day MA prediction after 5 days:,6.5084906,,,,
Standard Deviation:,0,,,,
,,,,,
BYND_10_day_MA_20240510.csv,30,0.1,0.2,150,0.01
10-day MA prediction after 5 days:,6.5917625,,,,
Standard Deviation:,0,,,,
,,,,,
BYND_10_day_MA_20240510.csv,30,0.1,0.2,150,0.1
10-day MA prediction after 5 days:,9.328608,,,,
Standard Deviation:,0,,,,
,,,,,
BYND_10_day_MA_20240510.csv,30,0.1,0.2,200,0.001
10-day MA prediction after 5 days:,6.536531,,,,
Standard Deviation:,0,,,,
,,,,,
BYND_10_day_MA_20240510.csv,30,0.1,0.2,200,0.01
10-day MA prediction after 5 days:,9.251604,,,,
Standard Deviation:,0,,,,
,,,,,
BYND_10_day_MA_20240510.csv,30,0.1,0.2,200,0.1
10-day MA prediction after 5 days:,9.004092,,,,
Standard Deviation:,0,,,,
,,,,,
BYND_10_day_MA_20240510.csv,30,0.1,0.3,50,0.001
10-day MA prediction after 5 days:,6.617142,,,,
Standard Deviation:,0,,,,
,,,,,
BYND_10_day_MA_20240510.csv,30,0.1,0.3,50,0.01
10-day MA prediction after 5 days:,7.1203384,,,,
Standard Deviation:,0,,,,
,,,,,
BYND_10_day_MA_20240510.csv,30,0.1,0.3,50,0.1
10-day MA prediction after 5 days:,7.883169,,,,
Standard Deviation:,0,,,,
,,,,,
BYND_10_day_MA_20240510.csv,30,0.1,0.3,100,0.001
10-day MA prediction after 5 days:,6.513331,,,,
Standard Deviation:,0,,,,
,,,,,
BYND_10_day_MA_20240510.csv,30,0.1,0.3,100,0.01
10-day MA prediction after 5 days:,6.79605,,,,
Standard Deviation:,0,,,,
,,,,,
BYND_10_day_MA_20240510.csv,30,0.1,0.3,100,0.1
10-day MA prediction after 5 days:,9.087438,,,,
Standard Deviation:,0,,,,
,,,,,
BYND_10_day_MA_20240510.csv,30,0.1,0.3,150,0.001
10-day MA prediction after 5 days:,6.5109687,,,,
Standard Deviation:,0,,,,
,,,,,
BYND_10_day_MA_20240510.csv,30,0.1,0.3,150,0.01
10-day MA prediction after 5 days:,6.6754155,,,,
Standard Deviation:,0,,,,
,,,,,
BYND_10_day_MA_20240510.csv,30,0.1,0.3,150,0.1
10-day MA prediction after 5 days:,9.098403,,,,
Standard Deviation:,0,,,,
,,,,,
BYND_10_day_MA_20240510.csv,30,0.1,0.3,200,0.001
10-day MA prediction after 5 days:,6.5597715,,,,
Standard Deviation:,0,,,,
,,,,,
BYND_10_day_MA_20240510.csv,30,0.1,0.3,200,0.01
10-day MA prediction after 5 days:,9.169287,,,,
Standard Deviation:,0,,,,
,,,,,
BYND_10_day_MA_20240510.csv,30,0.1,0.3,200,0.1
10-day MA prediction after 5 days:,9.104809,,,,
Standard Deviation:,0,,,,
,,,,,
BYND_10_day_MA_20240510.csv,30,0.1,0.5,50,0.001
10-day MA prediction after 5 days:,6.6196604,,,,
Standard Deviation:,0,,,,
,,,,,
BYND_10_day_MA_20240510.csv,30,0.1,0.5,50,0.01
10-day MA prediction after 5 days:,6.8891873,,,,
Standard Deviation:,0,,,,
,,,,,
BYND_10_day_MA_20240510.csv,30,0.1,0.5,50,0.1
10-day MA prediction after 5 days:,9.048568,,,,
Standard Deviation:,0,,,,
,,,,,
BYND_10_day_MA_20240510.csv,30,0.1,0.5,100,0.001
10-day MA prediction after 5 days:,6.54332,,,,
Standard Deviation:,0,,,,
,,,,,
BYND_10_day_MA_20240510.csv,30,0.1,0.5,100,0.01
10-day MA prediction after 5 days:,6.848981,,,,
Standard Deviation:,0,,,,
,,,,,
BYND_10_day_MA_20240510.csv,30,0.1,0.5,100,0.1
10-day MA prediction after 5 days:,9.032231,,,,
Standard Deviation:,0,,,,
,,,,,
BYND_10_day_MA_20240510.csv,30,0.1,0.5,150,0.001
10-day MA prediction after 5 days:,6.4760203,,,,
Standard Deviation:,0,,,,
,,,,,
BYND_10_day_MA_20240510.csv,30,0.1,0.5,150,0.01
10-day MA prediction after 5 days:,6.584877,,,,
Standard Deviation:,0,,,,
,,,,,
BYND_10_day_MA_20240510.csv,30,0.1,0.5,150,0.1
10-day MA prediction after 5 days:,9.150673,,,,
Standard Deviation:,0,,,,
,,,,,
BYND_10_day_MA_20240510.csv,30,0.1,0.5,200,0.001
10-day MA prediction after 5 days:,6.500153,,,,
Standard Deviation:,0,,,,
,,,,,
BYND_10_day_MA_20240510.csv,30,0.1,0.5,200,0.01
10-day MA prediction after 5 days:,6.569388,,,,
Standard Deviation:,0,,,,
,,,,,
BYND_10_day_MA_20240510.csv,30,0.1,0.5,200,0.1
10-day MA prediction after 5 days:,9.206111,,,,
Standard Deviation:,0,,,,
,,,,,
BYND_10_day_MA_20240510.csv,30,0.2,0.1,50,0.001
10-day MA prediction after 5 days:,6.5724673,,,,
Standard Deviation:,0,,,,
,,,,,
BYND_10_day_MA_20240510.csv,30,0.2,0.1,50,0.01
10-day MA prediction after 5 days:,7.0869026,,,,
Standard Deviation:,0,,,,
,,,,,
BYND_10_day_MA_20240510.csv,30,0.2,0.1,50,0.1
10-day MA prediction after 5 days:,7.512483,,,,
Standard Deviation:,0,,,,
,,,,,
BYND_10_day_MA_20240510.csv,30,0.2,0.1,100,0.001
10-day MA prediction after 5 days:,6.5160847,,,,
Standard Deviation:,0,,,,
,,,,,
BYND_10_day_MA_20240510.csv,30,0.2,0.1,100,0.01
10-day MA prediction after 5 days:,6.8492365,,,,
Standard Deviation:,0,,,,
,,,,,
BYND_10_day_MA_20240510.csv,30,0.2,0.1,100,0.1
10-day MA prediction after 5 days:,7.7935405,,,,
Standard Deviation:,0,,,,
,,,,,
BYND_10_day_MA_20240510.csv,30,0.2,0.1,150,0.001
10-day MA prediction after 5 days:,6.5230694,,,,
Standard Deviation:,0,,,,
,,,,,
BYND_10_day_MA_20240510.csv,30,0.2,0.1,150,0.01
10-day MA prediction after 5 days:,6.567946,,,,
Standard Deviation:,0,,,,
,,,,,
BYND_10_day_MA_20240510.csv,30,0.2,0.1,150,0.1
10-day MA prediction after 5 days:,7.5260153,,,,
Standard Deviation:,0,,,,
,,,,,
BYND_10_day_MA_20240510.csv,30,0.2,0.1,200,0.001
10-day MA prediction after 5 days:,6.560389,,,,
Standard Deviation:,0,,,,
,,,,,
BYND_10_day_MA_20240510.csv,30,0.2,0.1,200,0.01
10-day MA prediction after 5 days:,6.4966784,,,,
Standard Deviation:,0,,,,
,,,,,
BYND_10_day_MA_20240510.csv,30,0.2,0.1,200,0.1
10-day MA prediction after 5 days:,9.306419,,,,
Standard Deviation:,0,,,,
,,,,,
BYND_10_day_MA_20240510.csv,30,0.2,0.2,50,0.001
10-day MA prediction after 5 days:,6.6395373,,,,
Standard Deviation:,0,,,,
,,,,,
BYND_10_day_MA_20240510.csv,30,0.2,0.2,50,0.01
10-day MA prediction after 5 days:,6.685515,,,,
Standard Deviation:,0,,,,
,,,,,
BYND_10_day_MA_20240510.csv,30,0.2,0.2,50,0.1
10-day MA prediction after 5 days:,7.58085,,,,
Standard Deviation:,0,,,,
,,,,,
BYND_10_day_MA_20240510.csv,30,0.2,0.2,100,0.001
10-day MA prediction after 5 days:,6.5174675,,,,
Standard Deviation:,0,,,,
,,,,,
BYND_10_day_MA_20240510.csv,30,0.2,0.2,100,0.01
10-day MA prediction after 5 days:,6.8614097,,,,
Standard Deviation:,0,,,,
,,,,,
BYND_10_day_MA_20240510.csv,30,0.2,0.2,100,0.1
10-day MA prediction after 5 days:,8.729277,,,,
Standard Deviation:,0,,,,
,,,,,
BYND_10_day_MA_20240510.csv,30,0.2,0.2,150,0.001
10-day MA prediction after 5 days:,6.521778,,,,
Standard Deviation:,0,,,,
,,,,,
BYND_10_day_MA_20240510.csv,30,0.2,0.2,150,0.01
10-day MA prediction after 5 days:,6.6905985,,,,
Standard Deviation:,0,,,,
,,,,,
BYND_10_day_MA_20240510.csv,30,0.2,0.2,150,0.1
10-day MA prediction after 5 days:,9.044449,,,,
Standard Deviation:,0,,,,
,,,,,
BYND_10_day_MA_20240510.csv,30,0.2,0.2,200,0.001
10-day MA prediction after 5 days:,6.5628295,,,,
Standard Deviation:,0,,,,
,,,,,
BYND_10_day_MA_20240510.csv,30,0.2,0.2,200,0.01
10-day MA prediction after 5 days:,6.487696,,,,
Standard Deviation:,0,,,,
,,,,,
BYND_10_day_MA_20240510.csv,30,0.2,0.2,200,0.1
10-day MA prediction after 5 days:,8.04262,,,,
Standard Deviation:,0,,,,
,,,,,
BYND_10_day_MA_20240510.csv,30,0.2,0.3,50,0.001
10-day MA prediction after 5 days:,6.6085186,,,,
Standard Deviation:,0,,,,
,,,,,
BYND_10_day_MA_20240510.csv,30,0.2,0.3,50,0.01
10-day MA prediction after 5 days:,6.9361315,,,,
Standard Deviation:,0,,,,
,,,,,
BYND_10_day_MA_20240510.csv,30,0.2,0.3,50,0.1
10-day MA prediction after 5 days:,8.171652,,,,
Standard Deviation:,0,,,,
,,,,,
BYND_10_day_MA_20240510.csv,30,0.2,0.3,100,0.001
10-day MA prediction after 5 days:,6.500539,,,,
Standard Deviation:,0,,,,
,,,,,
BYND_10_day_MA_20240510.csv,30,0.2,0.3,100,0.01
10-day MA prediction after 5 days:,6.8334537,,,,
Standard Deviation:,0,,,,
,,,,,
BYND_10_day_MA_20240510.csv,30,0.2,0.3,100,0.1
10-day MA prediction after 5 days:,9.221612,,,,
Standard Deviation:,0,,,,
,,,,,
BYND_10_day_MA_20240510.csv,30,0.2,0.3,150,0.001
10-day MA prediction after 5 days:,6.4971933,,,,
Standard Deviation:,0,,,,
,,,,,
BYND_10_day_MA_20240510.csv,30,0.2,0.3,150,0.01
10-day MA prediction after 5 days:,7.1858664,,,,
Standard Deviation:,0,,,,
,,,,,
BYND_10_day_MA_20240510.csv,30,0.2,0.3,150,0.1
10-day MA prediction after 5 days:,9.153651,,,,
Standard Deviation:,0,,,,
,,,,,
BYND_10_day_MA_20240510.csv,30,0.2,0.3,200,0.001
10-day MA prediction after 5 days:,6.5314903,,,,
Standard Deviation:,0,,,,
,,,,,
BYND_10_day_MA_20240510.csv,30,0.2,0.3,200,0.01
10-day MA prediction after 5 days:,6.8436084,,,,
Standard Deviation:,0,,,,
,,,,,
BYND_10_day_MA_20240510.csv,30,0.2,0.3,200,0.1
10-day MA prediction after 5 days:,9.017497,,,,
Standard Deviation:,0,,,,
,,,,,
BYND_10_day_MA_20240510.csv,30,0.2,0.5,50,0.001
10-day MA prediction after 5 days:,6.703505,,,,
Standard Deviation:,0,,,,
,,,,,
BYND_10_day_MA_20240510.csv,30,0.2,0.5,50,0.01
10-day MA prediction after 5 days:,6.715888,,,,
Standard Deviation:,0,,,,
,,,,,
BYND_10_day_MA_20240510.csv,30,0.2,0.5,50,0.1
10-day MA prediction after 5 days:,9.182158,,,,
Standard Deviation:,0,,,,
,,,,,
BYND_10_day_MA_20240510.csv,30,0.2,0.5,100,0.001
10-day MA prediction after 5 days:,6.5262685,,,,
Standard Deviation:,0,,,,
,,,,,
BYND_10_day_MA_20240510.csv,30,0.2,0.5,100,0.01
10-day MA prediction after 5 days:,6.6947885,,,,
Standard Deviation:,0,,,,
,,,,,
BYND_10_day_MA_20240510.csv,30,0.2,0.5,100,0.1
10-day MA prediction after 5 days:,9.1000185,,,,
Standard Deviation:,0,,,,
,,,,,
BYND_10_day_MA_20240510.csv,30,0.2,0.5,150,0.001
10-day MA prediction after 5 days:,6.4801064,,,,
Standard Deviation:,0,,,,
,,,,,
BYND_10_day_MA_20240510.csv,30,0.2,0.5,150,0.01
10-day MA prediction after 5 days:,6.568747,,,,
Standard Deviation:,0,,,,
,,,,,
BYND_10_day_MA_20240510.csv,30,0.2,0.5,150,0.1
10-day MA prediction after 5 days:,9.209997,,,,
Standard Deviation:,0,,,,
,,,,,
BYND_10_day_MA_20240510.csv,30,0.2,0.5,200,0.001
10-day MA prediction after 5 days:,6.510702,,,,
Standard Deviation:,0,,,,
,,,,,
BYND_10_day_MA_20240510.csv,30,0.2,0.5,200,0.01
10-day MA prediction after 5 days:,6.6628675,,,,
Standard Deviation:,0,,,,
,,,,,
BYND_10_day_MA_20240510.csv,30,0.2,0.5,200,0.1
10-day MA prediction after 5 days:,9.141295,,,,
Standard Deviation:,0,,,,
,,,,,
BYND_10_day_MA_20240510.csv,30,0.3,0.1,50,0.001
10-day MA prediction after 5 days:,6.577687,,,,
Standard Deviation:,0,,,,
,,,,,
BYND_10_day_MA_20240510.csv,30,0.3,0.1,50,0.01
10-day MA prediction after 5 days:,6.839529,,,,
Standard Deviation:,0,,,,
,,,,,
BYND_10_day_MA_20240510.csv,30,0.3,0.1,50,0.1
10-day MA prediction after 5 days:,6.827509,,,,
Standard Deviation:,0,,,,
,,,,,
BYND_10_day_MA_20240510.csv,30,0.3,0.1,100,0.001
10-day MA prediction after 5 days:,6.476853,,,,
Standard Deviation:,0,,,,
,,,,,
BYND_10_day_MA_20240510.csv,30,0.3,0.1,100,0.01
10-day MA prediction after 5 days:,6.9523115,,,,
Standard Deviation:,0,,,,
,,,,,
BYND_10_day_MA_20240510.csv,30,0.3,0.1,100,0.1
10-day MA prediction after 5 days:,9.263457,,,,
Standard Deviation:,0,,,,
,,,,,
BYND_10_day_MA_20240510.csv,30,0.3,0.1,150,0.001
10-day MA prediction after 5 days:,6.4880886,,,,
Standard Deviation:,0,,,,
,,,,,
BYND_10_day_MA_20240510.csv,30,0.3,0.1,150,0.01
10-day MA prediction after 5 days:,6.6848207,,,,
Standard Deviation:,0,,,,
,,,,,
BYND_10_day_MA_20240510.csv,30,0.3,0.1,150,0.1
10-day MA prediction after 5 days:,9.286851,,,,
Standard Deviation:,0,,,,
,,,,,
BYND_10_day_MA_20240510.csv,30,0.3,0.1,200,0.001
10-day MA prediction after 5 days:,6.511192,,,,
Standard Deviation:,0,,,,
,,,,,
BYND_10_day_MA_20240510.csv,30,0.3,0.1,200,0.01
10-day MA prediction after 5 days:,6.9390073,,,,
Standard Deviation:,0,,,,
,,,,,
BYND_10_day_MA_20240510.csv,30,0.3,0.1,200,0.1
10-day MA prediction after 5 days:,9.201192,,,,
Standard Deviation:,0,,,,
,,,,,
BYND_10_day_MA_20240510.csv,30,0.3,0.2,50,0.001
10-day MA prediction after 5 days:,6.5967617,,,,
Standard Deviation:,0,,,,
,,,,,
BYND_10_day_MA_20240510.csv,30,0.3,0.2,50,0.01
10-day MA prediction after 5 days:,6.914086,,,,
Standard Deviation:,0,,,,
,,,,,
BYND_10_day_MA_20240510.csv,30,0.3,0.2,50,0.1
10-day MA prediction after 5 days:,8.976858,,,,
Standard Deviation:,0,,,,
,,,,,
BYND_10_day_MA_20240510.csv,30,0.3,0.2,100,0.001
10-day MA prediction after 5 days:,6.47945,,,,
Standard Deviation:,0,,,,
,,,,,
BYND_10_day_MA_20240510.csv,30,0.3,0.2,100,0.01
10-day MA prediction after 5 days:,6.6347194,,,,
Standard Deviation:,0,,,,
,,,,,
BYND_10_day_MA_20240510.csv,30,0.3,0.2,100,0.1
10-day MA prediction after 5 days:,8.914793,,,,
Standard Deviation:,0,,,,
,,,,,
BYND_10_day_MA_20240510.csv,30,0.3,0.2,150,0.001
10-day MA prediction after 5 days:,6.498877,,,,
Standard Deviation:,0,,,,
,,,,,
BYND_10_day_MA_20240510.csv,30,0.3,0.2,150,0.01
10-day MA prediction after 5 days:,9.252451,,,,
Standard Deviation:,0,,,,
,,,,,
BYND_10_day_MA_20240510.csv,30,0.3,0.2,150,0.1
10-day MA prediction after 5 days:,9.172277,,,,
Standard Deviation:,0,,,,
,,,,,
BYND_10_day_MA_20240510.csv,30,0.3,0.2,200,0.001
10-day MA prediction after 5 days:,6.5093136,,,,
Standard Deviation:,0,,,,
,,,,,
BYND_10_day_MA_20240510.csv,30,0.3,0.2,200,0.01
10-day MA prediction after 5 days:,6.9289827,,,,
Standard Deviation:,0,,,,
,,,,,
BYND_10_day_MA_20240510.csv,30,0.3,0.2,200,0.1
10-day MA prediction after 5 days:,9.12037,,,,
Standard Deviation:,0,,,,
,,,,,
BYND_10_day_MA_20240510.csv,30,0.3,0.3,50,0.001
10-day MA prediction after 5 days:,6.6732464,,,,
Standard Deviation:,0,,,,
,,,,,
BYND_10_day_MA_20240510.csv,30,0.3,0.3,50,0.01
10-day MA prediction after 5 days:,6.739536,,,,
Standard Deviation:,0,,,,
,,,,,
BYND_10_day_MA_20240510.csv,30,0.3,0.3,50,0.1
10-day MA prediction after 5 days:,6.950882,,,,
Standard Deviation:,0,,,,
,,,,,
BYND_10_day_MA_20240510.csv,30,0.3,0.3,100,0.001
10-day MA prediction after 5 days:,6.494875,,,,
Standard Deviation:,0,,,,
,,,,,
BYND_10_day_MA_20240510.csv,30,0.3,0.3,100,0.01
10-day MA prediction after 5 days:,6.81905,,,,
Standard Deviation:,0,,,,
,,,,,
BYND_10_day_MA_20240510.csv,30,0.3,0.3,100,0.1
10-day MA prediction after 5 days:,9.18694,,,,
Standard Deviation:,0,,,,
,,,,,
BYND_10_day_MA_20240510.csv,30,0.3,0.3,150,0.001
10-day MA prediction after 5 days:,6.462674,,,,
Standard Deviation:,0,,,,
,,,,,
BYND_10_day_MA_20240510.csv,30,0.3,0.3,150,0.01
10-day MA prediction after 5 days:,9.234291,,,,
Standard Deviation:,0,,,,
,,,,,
BYND_10_day_MA_20240510.csv,30,0.3,0.3,150,0.1
10-day MA prediction after 5 days:,8.956014,,,,
Standard Deviation:,0,,,,
,,,,,
BYND_10_day_MA_20240510.csv,30,0.3,0.3,200,0.001
10-day MA prediction after 5 days:,6.4923596,,,,
Standard Deviation:,0,,,,
,,,,,
BYND_10_day_MA_20240510.csv,30,0.3,0.3,200,0.01
10-day MA prediction after 5 days:,6.5806518,,,,
Standard Deviation:,0,,,,
,,,,,
BYND_10_day_MA_20240510.csv,30,0.3,0.3,200,0.1
10-day MA prediction after 5 days:,9.379235,,,,
Standard Deviation:,0,,,,
,,,,,
BYND_10_day_MA_20240510.csv,30,0.3,0.5,50,0.001
10-day MA prediction after 5 days:,6.695065,,,,
Standard Deviation:,0,,,,
,,,,,
BYND_10_day_MA_20240510.csv,30,0.3,0.5,50,0.01
10-day MA prediction after 5 days:,7.11142,,,,
Standard Deviation:,0,,,,
,,,,,
BYND_10_day_MA_20240510.csv,30,0.3,0.5,50,0.1
10-day MA prediction after 5 days:,9.206054,,,,
Standard Deviation:,0,,,,
,,,,,
BYND_10_day_MA_20240510.csv,30,0.3,0.5,100,0.001
10-day MA prediction after 5 days:,6.493011,,,,
Standard Deviation:,0,,,,
,,,,,
BYND_10_day_MA_20240510.csv,30,0.3,0.5,100,0.01
10-day MA prediction after 5 days:,6.6116257,,,,
Standard Deviation:,0,,,,
,,,,,
BYND_10_day_MA_20240510.csv,30,0.3,0.5,100,0.1
10-day MA prediction after 5 days:,9.13678,,,,
Standard Deviation:,0,,,,
,,,,,
BYND_10_day_MA_20240510.csv,30,0.3,0.5,150,0.001
10-day MA prediction after 5 days:,6.466898,,,,
Standard Deviation:,0,,,,
,,,,,
BYND_10_day_MA_20240510.csv,30,0.3,0.5,150,0.01
10-day MA prediction after 5 days:,6.6693206,,,,
Standard Deviation:,0,,,,
,,,,,
BYND_10_day_MA_20240510.csv,30,0.3,0.5,150,0.1
10-day MA prediction after 5 days:,9.044766,,,,
Standard Deviation:,0,,,,
,,,,,
BYND_10_day_MA_20240510.csv,30,0.3,0.5,200,0.001
10-day MA prediction after 5 days:,6.4920273,,,,
Standard Deviation:,0,,,,
,,,,,
BYND_10_day_MA_20240510.csv,30,0.3,0.5,200,0.01
10-day MA prediction after 5 days:,6.94687,,,,
Standard Deviation:,0,,,,
,,,,,
BYND_10_day_MA_20240510.csv,30,0.3,0.5,200,0.1
10-day MA prediction after 5 days:,9.282012,,,,
Standard Deviation:,0,,,,
,,,,,
BYND_10_day_MA_20240510.csv,60,0.1,0.1,50,0.001
10-day MA prediction after 5 days:,6.8965063,,,,
Standard Deviation:,0,,,,
,,,,,
BYND_10_day_MA_20240510.csv,60,0.1,0.1,50,0.01
10-day MA prediction after 5 days:,7.08368,,,,
Standard Deviation:,0,,,,
,,,,,
BYND_10_day_MA_20240510.csv,60,0.1,0.1,50,0.1
10-day MA prediction after 5 days:,8.092553,,,,
Standard Deviation:,0,,,,
,,,,,
BYND_10_day_MA_20240510.csv,60,0.1,0.1,100,0.001
10-day MA prediction after 5 days:,6.938757,,,,
Standard Deviation:,0,,,,
,,,,,
BYND_10_day_MA_20240510.csv,60,0.1,0.1,100,0.01
10-day MA prediction after 5 days:,7.070557,,,,
Standard Deviation:,0,,,,
,,,,,
BYND_10_day_MA_20240510.csv,60,0.1,0.1,100,0.1
10-day MA prediction after 5 days:,8.088859,,,,
Standard Deviation:,0,,,,
,,,,,
BYND_10_day_MA_20240510.csv,60,0.1,0.1,150,0.001
10-day MA prediction after 5 days:,6.9304633,,,,
Standard Deviation:,0,,,,
,,,,,
BYND_10_day_MA_20240510.csv,60,0.1,0.1,150,0.01
10-day MA prediction after 5 days:,7.113798,,,,
Standard Deviation:,0,,,,
,,,,,
BYND_10_day_MA_20240510.csv,60,0.1,0.1,150,0.1
10-day MA prediction after 5 days:,7.80769,,,,
Standard Deviation:,0,,,,
,,,,,
BYND_10_day_MA_20240510.csv,60,0.1,0.1,200,0.001
10-day MA prediction after 5 days:,7.0508986,,,,
Standard Deviation:,0,,,,
,,,,,
BYND_10_day_MA_20240510.csv,60,0.1,0.1,200,0.01
10-day MA prediction after 5 days:,8.14561,,,,
Standard Deviation:,0,,,,
,,,,,
BYND_10_day_MA_20240510.csv,60,0.1,0.1,200,0.1
10-day MA prediction after 5 days:,8.170116,,,,
Standard Deviation:,0,,,,
,,,,,
BYND_10_day_MA_20240510.csv,60,0.1,0.2,50,0.001
10-day MA prediction after 5 days:,6.867566,,,,
Standard Deviation:,0,,,,
,,,,,
BYND_10_day_MA_20240510.csv,60,0.1,0.2,50,0.01
10-day MA prediction after 5 days:,7.0596128,,,,
Standard Deviation:,0,,,,
,,,,,
BYND_10_day_MA_20240510.csv,60,0.1,0.2,50,0.1
10-day MA prediction after 5 days:,8.0959835,,,,
Standard Deviation:,0,,,,
,,,,,
BYND_10_day_MA_20240510.csv,60,0.1,0.2,100,0.001
10-day MA prediction after 5 days:,6.848292,,,,
Standard Deviation:,0,,,,
,,,,,
BYND_10_day_MA_20240510.csv,60,0.1,0.2,100,0.01
10-day MA prediction after 5 days:,7.124553,,,,
Standard Deviation:,0,,,,
,,,,,
BYND_10_day_MA_20240510.csv,60,0.1,0.2,100,0.1
10-day MA prediction after 5 days:,8.126459,,,,
Standard Deviation:,0,,,,
,,,,,
BYND_10_day_MA_20240510.csv,60,0.1,0.2,150,0.001
10-day MA prediction after 5 days:,6.913621,,,,
Standard Deviation:,0,,,,
,,,,,
BYND_10_day_MA_20240510.csv,60,0.1,0.2,150,0.01
10-day MA prediction after 5 days:,7.0792494,,,,
Standard Deviation:,0,,,,
,,,,,
BYND_10_day_MA_20240510.csv,60,0.1,0.2,150,0.1
10-day MA prediction after 5 days:,8.050918,,,,
Standard Deviation:,0,,,,
,,,,,
BYND_10_day_MA_20240510.csv,60,0.1,0.2,200,0.001
10-day MA prediction after 5 days:,7.015982,,,,
Standard Deviation:,0,,,,
,,,,,
BYND_10_day_MA_20240510.csv,60,0.1,0.2,200,0.01
10-day MA prediction after 5 days:,8.077502,,,,
Standard Deviation:,0,,,,
,,,,,
BYND_10_day_MA_20240510.csv,60,0.1,0.2,200,0.1
10-day MA prediction after 5 days:,7.9678392,,,,
Standard Deviation:,0,,,,
,,,,,
BYND_10_day_MA_20240510.csv,60,0.1,0.3,50,0.001
10-day MA prediction after 5 days:,6.964012,,,,
Standard Deviation:,0,,,,
,,,,,
BYND_10_day_MA_20240510.csv,60,0.1,0.3,50,0.01
10-day MA prediction after 5 days:,7.077555,,,,
Standard Deviation:,0,,,,
,,,,,
BYND_10_day_MA_20240510.csv,60,0.1,0.3,50,0.1
10-day MA prediction after 5 days:,7.8786874,,,,
Standard Deviation:,0,,,,
,,,,,
BYND_10_day_MA_20240510.csv,60,0.1,0.3,100,0.001
10-day MA prediction after 5 days:,6.825449,,,,
Standard Deviation:,0,,,,
,,,,,
BYND_10_day_MA_20240510.csv,60,0.1,0.3,100,0.01
10-day MA prediction after 5 days:,6.9747467,,,,
Standard Deviation:,0,,,,
,,,,,
BYND_10_day_MA_20240510.csv,60,0.1,0.3,100,0.1
10-day MA prediction after 5 days:,8.104385,,,,
Standard Deviation:,0,,,,
,,,,,
BYND_10_day_MA_20240510.csv,60,0.1,0.3,150,0.001
10-day MA prediction after 5 days:,6.888034,,,,
Standard Deviation:,0,,,,
,,,,,
BYND_10_day_MA_20240510.csv,60,0.1,0.3,150,0.01
10-day MA prediction after 5 days:,6.957623,,,,
Standard Deviation:,0,,,,
,,,,,
BYND_10_day_MA_20240510.csv,60,0.1,0.3,150,0.1
10-day MA prediction after 5 days:,8.125424,,,,
Standard Deviation:,0,,,,
,,,,,
BYND_10_day_MA_20240510.csv,60,0.1,0.3,200,0.001
10-day MA prediction after 5 days:,7.014235,,,,
Standard Deviation:,0,,,,
,,,,,
BYND_10_day_MA_20240510.csv,60,0.1,0.3,200,0.01
10-day MA prediction after 5 days:,8.141584,,,,
Standard Deviation:,0,,,,
,,,,,
BYND_10_day_MA_20240510.csv,60,0.1,0.3,200,0.1
10-day MA prediction after 5 days:,8.171232,,,,
Standard Deviation:,0,,,,
,,,,,
BYND_10_day_MA_20240510.csv,60,0.1,0.5,50,0.001
10-day MA prediction after 5 days:,6.9190936,,,,
Standard Deviation:,0,,,,
,,,,,
BYND_10_day_MA_20240510.csv,60,0.1,0.5,50,0.01
10-day MA prediction after 5 days:,7.222982,,,,
Standard Deviation:,0,,,,
,,,,,
BYND_10_day_MA_20240510.csv,60,0.1,0.5,50,0.1
10-day MA prediction after 5 days:,8.03151,,,,
Standard Deviation:,0,,,,
,,,,,
BYND_10_day_MA_20240510.csv,60,0.1,0.5,100,0.001
10-day MA prediction after 5 days:,6.7963305,,,,
Standard Deviation:,0,,,,
,,,,,
BYND_10_day_MA_20240510.csv,60,0.1,0.5,100,0.01
10-day MA prediction after 5 days:,7.0037985,,,,
Standard Deviation:,0,,,,
,,,,,
BYND_10_day_MA_20240510.csv,60,0.1,0.5,100,0.1
10-day MA prediction after 5 days:,7.909685,,,,
Standard Deviation:,0,,,,
,,,,,
BYND_10_day_MA_20240510.csv,60,0.1,0.5,150,0.001
10-day MA prediction after 5 days:,6.8658295,,,,
Standard Deviation:,0,,,,
,,,,,
BYND_10_day_MA_20240510.csv,60,0.1,0.5,150,0.01
10-day MA prediction after 5 days:,6.9793544,,,,
Standard Deviation:,0,,,,
,,,,,
BYND_10_day_MA_20240510.csv,60,0.1,0.5,150,0.1
10-day MA prediction after 5 days:,8.036196,,,,
Standard Deviation:,0,,,,
,,,,,
BYND_10_day_MA_20240510.csv,60,0.1,0.5,200,0.001
10-day MA prediction after 5 days:,6.938592,,,,
Standard Deviation:,0,,,,
,,,,,
BYND_10_day_MA_20240510.csv,60,0.1,0.5,200,0.01
10-day MA prediction after 5 days:,8.102981,,,,
Standard Deviation:,0,,,,
,,,,,
BYND_10_day_MA_20240510.csv,60,0.1,0.5,200,0.1
10-day MA prediction after 5 days:,8.103596,,,,
Standard Deviation:,0,,,,
,,,,,
BYND_10_day_MA_20240510.csv,60,0.2,0.1,50,0.001
10-day MA prediction after 5 days:,6.9860606,,,,
Standard Deviation:,0,,,,
,,,,,
BYND_10_day_MA_20240510.csv,60,0.2,0.1,50,0.01
10-day MA prediction after 5 days:,7.183268,,,,
Standard Deviation:,0,,,,
,,,,,
BYND_10_day_MA_20240510.csv,60,0.2,0.1,50,0.1
10-day MA prediction after 5 days:,8.111793,,,,
Standard Deviation:,0,,,,
,,,,,
BYND_10_day_MA_20240510.csv,60,0.2,0.1,100,0.001
10-day MA prediction after 5 days:,7.0187488,,,,
Standard Deviation:,0,,,,
,,,,,
BYND_10_day_MA_20240510.csv,60,0.2,0.1,100,0.01
10-day MA prediction after 5 days:,7.05569,,,,
Standard Deviation:,0,,,,
,,,,,
BYND_10_day_MA_20240510.csv,60,0.2,0.1,100,0.1
10-day MA prediction after 5 days:,7.3234344,,,,
Standard Deviation:,0,,,,
,,,,,
BYND_10_day_MA_20240510.csv,60,0.2,0.1,150,0.001
10-day MA prediction after 5 days:,6.984741,,,,
Standard Deviation:,0,,,,
,,,,,
BYND_10_day_MA_20240510.csv,60,0.2,0.1,150,0.01
10-day MA prediction after 5 days:,7.146084,,,,
Standard Deviation:,0,,,,
,,,,,
BYND_10_day_MA_20240510.csv,60,0.2,0.1,150,0.1
10-day MA prediction after 5 days:,8.133399,,,,
Standard Deviation:,0,,,,
,,,,,
BYND_10_day_MA_20240510.csv,60,0.2,0.1,200,0.001
10-day MA prediction after 5 days:,7.078841,,,,
Standard Deviation:,0,,,,
,,,,,
BYND_10_day_MA_20240510.csv,60,0.2,0.1,200,0.01
10-day MA prediction after 5 days:,6.7210007,,,,
Standard Deviation:,0,,,,
,,,,,
BYND_10_day_MA_20240510.csv,60,0.2,0.1,200,0.1
10-day MA prediction after 5 days:,7.8660774,,,,
Standard Deviation:,0,,,,
,,,,,
BYND_10_day_MA_20240510.csv,60,0.2,0.2,50,0.001
10-day MA prediction after 5 days:,6.992018,,,,
Standard Deviation:,0,,,,
,,,,,
BYND_10_day_MA_20240510.csv,60,0.2,0.2,50,0.01
10-day MA prediction after 5 days:,7.03098,,,,
Standard Deviation:,0,,,,
,,,,,
BYND_10_day_MA_20240510.csv,60,0.2,0.2,50,0.1
10-day MA prediction after 5 days:,7.8645654,,,,
Standard Deviation:,0,,,,
,,,,,
BYND_10_day_MA_20240510.csv,60,0.2,0.2,100,0.001
10-day MA prediction after 5 days:,7.0699577,,,,
Standard Deviation:,0,,,,
,,,,,
BYND_10_day_MA_20240510.csv,60,0.2,0.2,100,0.01
10-day MA prediction after 5 days:,7.1424537,,,,
Standard Deviation:,0,,,,
,,,,,
BYND_10_day_MA_20240510.csv,60,0.2,0.2,100,0.1
10-day MA prediction after 5 days:,7.7209044,,,,
Standard Deviation:,0,,,,
,,,,,
BYND_10_day_MA_20240510.csv,60,0.2,0.2,150,0.001
10-day MA prediction after 5 days:,6.9755692,,,,
Standard Deviation:,0,,,,
,,,,,
BYND_10_day_MA_20240510.csv,60,0.2,0.2,150,0.01
10-day MA prediction after 5 days:,7.1480026,,,,
Standard Deviation:,0,,,,
,,,,,
BYND_10_day_MA_20240510.csv,60,0.2,0.2,150,0.1
10-day MA prediction after 5 days:,8.193427,,,,
Standard Deviation:,0,,,,
,,,,,
BYND_10_day_MA_20240510.csv,60,0.2,0.2,200,0.001
10-day MA prediction after 5 days:,7.015977,,,,
Standard Deviation:,0,,,,
,,,,,
BYND_10_day_MA_20240510.csv,60,0.2,0.2,200,0.01
10-day MA prediction after 5 days:,8.09302,,,,
Standard Deviation:,0,,,,
,,,,,
BYND_10_day_MA_20240510.csv,60,0.2,0.2,200,0.1
10-day MA prediction after 5 days:,7.9960494,,,,
Standard Deviation:,0,,,,
,,,,,
BYND_10_day_MA_20240510.csv,60,0.2,0.3,50,0.001
10-day MA prediction after 5 days:,7.0033746,,,,
Standard Deviation:,0,,,,
,,,,,
BYND_10_day_MA_20240510.csv,60,0.2,0.3,50,0.01
10-day MA prediction after 5 days:,7.1428895,,,,
Standard Deviation:,0,,,,
,,,,,
BYND_10_day_MA_20240510.csv,60,0.2,0.3,50,0.1
10-day MA prediction after 5 days:,7.8147626,,,,
Standard Deviation:,0,,,,
,,,,,
BYND_10_day_MA_20240510.csv,60,0.2,0.3,100,0.001
10-day MA prediction after 5 days:,7.027933,,,,
Standard Deviation:,0,,,,
,,,,,
BYND_10_day_MA_20240510.csv,60,0.2,0.3,100,0.01
10-day MA prediction after 5 days:,7.101793,,,,
Standard Deviation:,0,,,,
,,,,,
BYND_10_day_MA_20240510.csv,60,0.2,0.3,100,0.1
10-day MA prediction after 5 days:,8.091529,,,,
Standard Deviation:,0,,,,
,,,,,
BYND_10_day_MA_20240510.csv,60,0.2,0.3,150,0.001
10-day MA prediction after 5 days:,6.978036,,,,
Standard Deviation:,0,,,,
,,,,,
BYND_10_day_MA_20240510.csv,60,0.2,0.3,150,0.01
10-day MA prediction after 5 days:,7.0997906,,,,
Standard Deviation:,0,,,,
,,,,,
BYND_10_day_MA_20240510.csv,60,0.2,0.3,150,0.1
10-day MA prediction after 5 days:,7.9826427,,,,
Standard Deviation:,0,,,,
,,,,,
BYND_10_day_MA_20240510.csv,60,0.2,0.3,200,0.001
10-day MA prediction after 5 days:,6.993319,,,,
Standard Deviation:,0,,,,
,,,,,
BYND_10_day_MA_20240510.csv,60,0.2,0.3,200,0.01
10-day MA prediction after 5 days:,7.132979,,,,
Standard Deviation:,0,,,,
,,,,,
BYND_10_day_MA_20240510.csv,60,0.2,0.3,200,0.1
10-day MA prediction after 5 days:,8.48883,,,,
Standard Deviation:,0,,,,
,,,,,
BYND_10_day_MA_20240510.csv,60,0.2,0.5,50,0.001
10-day MA prediction after 5 days:,6.9805117,,,,
Standard Deviation:,0,,,,
,,,,,
BYND_10_day_MA_20240510.csv,60,0.2,0.5,50,0.01
10-day MA prediction after 5 days:,7.0226946,,,,
Standard Deviation:,0,,,,
,,,,,
BYND_10_day_MA_20240510.csv,60,0.2,0.5,50,0.1
10-day MA prediction after 5 days:,7.932028,,,,
Standard Deviation:,0,,,,
,,,,,
BYND_10_day_MA_20240510.csv,60,0.2,0.5,100,0.001
10-day MA prediction after 5 days:,6.888795,,,,
Standard Deviation:,0,,,,
,,,,,
BYND_10_day_MA_20240510.csv,60,0.2,0.5,100,0.01
10-day MA prediction after 5 days:,7.213298,,,,
Standard Deviation:,0,,,,
,,,,,
BYND_10_day_MA_20240510.csv,60,0.2,0.5,100,0.1
10-day MA prediction after 5 days:,8.141896,,,,
Standard Deviation:,0,,,,
,,,,,
BYND_10_day_MA_20240510.csv,60,0.2,0.5,150,0.001
10-day MA prediction after 5 days:,6.96305,,,,
Standard Deviation:,0,,,,
,,,,,
BYND_10_day_MA_20240510.csv,60,0.2,0.5,150,0.01
10-day MA prediction after 5 days:,7.1075864,,,,
Standard Deviation:,0,,,,
,,,,,
BYND_10_day_MA_20240510.csv,60,0.2,0.5,150,0.1
10-day MA prediction after 5 days:,7.9623666,,,,
Standard Deviation:,0,,,,
,,,,,
BYND_10_day_MA_20240510.csv,60,0.2,0.5,200,0.001
10-day MA prediction after 5 days:,6.897677,,,,
Standard Deviation:,0,,,,
,,,,,
BYND_10_day_MA_20240510.csv,60,0.2,0.5,200,0.01
10-day MA prediction after 5 days:,7.001414,,,,
Standard Deviation:,0,,,,
,,,,,
BYND_10_day_MA_20240510.csv,60,0.2,0.5,200,0.1
10-day MA prediction after 5 days:,8.079569,,,,
Standard Deviation:,0,,,,
,,,,,
BYND_10_day_MA_20240510.csv,60,0.3,0.1,50,0.001
10-day MA prediction after 5 days:,6.9099073,,,,
Standard Deviation:,0,,,,
,,,,,
BYND_10_day_MA_20240510.csv,60,0.3,0.1,50,0.01
10-day MA prediction after 5 days:,7.1322117,,,,
Standard Deviation:,0,,,,
,,,,,
BYND_10_day_MA_20240510.csv,60,0.3,0.1,50,0.1
10-day MA prediction after 5 days:,7.516683,,,,
Standard Deviation:,0,,,,
,,,,,
BYND_10_day_MA_20240510.csv,60,0.3,0.1,100,0.001
10-day MA prediction after 5 days:,6.889847,,,,
Standard Deviation:,0,,,,
,,,,,
BYND_10_day_MA_20240510.csv,60,0.3,0.1,100,0.01
10-day MA prediction after 5 days:,6.9855447,,,,
Standard Deviation:,0,,,,
,,,,,
BYND_10_day_MA_20240510.csv,60,0.3,0.1,100,0.1
10-day MA prediction after 5 days:,8.078364,,,,
Standard Deviation:,0,,,,
,,,,,
BYND_10_day_MA_20240510.csv,60,0.3,0.1,150,0.001
10-day MA prediction after 5 days:,6.9574814,,,,
Standard Deviation:,0,,,,
,,,,,
BYND_10_day_MA_20240510.csv,60,0.3,0.1,150,0.01
10-day MA prediction after 5 days:,7.397433,,,,
Standard Deviation:,0,,,,
,,,,,
BYND_10_day_MA_20240510.csv,60,0.3,0.1,150,0.1
10-day MA prediction after 5 days:,8.221482,,,,
Standard Deviation:,0,,,,
,,,,,
BYND_10_day_MA_20240510.csv,60,0.3,0.1,200,0.001
10-day MA prediction after 5 days:,7.017705,,,,
Standard Deviation:,0,,,,
,,,,,
BYND_10_day_MA_20240510.csv,60,0.3,0.1,200,0.01
10-day MA prediction after 5 days:,7.331301,,,,
Standard Deviation:,0,,,,
,,,,,
BYND_10_day_MA_20240510.csv,60,0.3,0.1,200,0.1
10-day MA prediction after 5 days:,6.5503407,,,,
Standard Deviation:,0,,,,
,,,,,
BYND_10_day_MA_20240510.csv,60,0.3,0.2,50,0.001
10-day MA prediction after 5 days:,6.946921,,,,
Standard Deviation:,0,,,,
,,,,,
BYND_10_day_MA_20240510.csv,60,0.3,0.2,50,0.01
10-day MA prediction after 5 days:,7.135176,,,,
Standard Deviation:,0,,,,
,,,,,
BYND_10_day_MA_20240510.csv,60,0.3,0.2,50,0.1
10-day MA prediction after 5 days:,8.209889,,,,
Standard Deviation:,0,,,,
,,,,,
BYND_10_day_MA_20240510.csv,60,0.3,0.2,100,0.001
10-day MA prediction after 5 days:,6.913429,,,,
Standard Deviation:,0,,,,
,,,,,
BYND_10_day_MA_20240510.csv,60,0.3,0.2,100,0.01
10-day MA prediction after 5 days:,7.208613,,,,
Standard Deviation:,0,,,,
,,,,,
BYND_10_day_MA_20240510.csv,60,0.3,0.2,100,0.1
10-day MA prediction after 5 days:,8.114628,,,,
Standard Deviation:,0,,,,
,,,,,
BYND_10_day_MA_20240510.csv,60,0.3,0.2,150,0.001
10-day MA prediction after 5 days:,6.8451347,,,,
Standard Deviation:,0,,,,
,,,,,
BYND_10_day_MA_20240510.csv,60,0.3,0.2,150,0.01
10-day MA prediction after 5 days:,7.1780753,,,,
Standard Deviation:,0,,,,
,,,,,
BYND_10_day_MA_20240510.csv,60,0.3,0.2,150,0.1
10-day MA prediction after 5 days:,8.0371475,,,,
Standard Deviation:,0,,,,
,,,,,
BYND_10_day_MA_20240510.csv,60,0.3,0.2,200,0.001
10-day MA prediction after 5 days:,6.9466133,,,,
Standard Deviation:,0,,,,
,,,,,
BYND_10_day_MA_20240510.csv,60,0.3,0.2,200,0.01
10-day MA prediction after 5 days:,8.43058,,,,
Standard Deviation:,0,,,,
,,,,,
BYND_10_day_MA_20240510.csv,60,0.3,0.2,200,0.1
10-day MA prediction after 5 days:,8.124923,,,,
Standard Deviation:,0,,,,
,,,,,
BYND_10_day_MA_20240510.csv,60,0.3,0.3,50,0.001
10-day MA prediction after 5 days:,7.0155926,,,,
Standard Deviation:,0,,,,
,,,,,
BYND_10_day_MA_20240510.csv,60,0.3,0.3,50,0.01
10-day MA prediction after 5 days:,7.141824,,,,
Standard Deviation:,0,,,,
,,,,,
BYND_10_day_MA_20240510.csv,60,0.3,0.3,50,0.1
10-day MA prediction after 5 days:,7.9340563,,,,
Standard Deviation:,0,,,,
,,,,,
BYND_10_day_MA_20240510.csv,60,0.3,0.3,100,0.001
10-day MA prediction after 5 days:,6.8594294,,,,
Standard Deviation:,0,,,,
,,,,,
BYND_10_day_MA_20240510.csv,60,0.3,0.3,100,0.01
10-day MA prediction after 5 days:,7.053559,,,,
Standard Deviation:,0,,,,
,,,,,
BYND_10_day_MA_20240510.csv,60,0.3,0.3,100,0.1
10-day MA prediction after 5 days:,8.100036,,,,
Standard Deviation:,0,,,,
,,,,,
BYND_10_day_MA_20240510.csv,60,0.3,0.3,150,0.001
10-day MA prediction after 5 days:,6.875426,,,,
Standard Deviation:,0,,,,
,,,,,
BYND_10_day_MA_20240510.csv,60,0.3,0.3,150,0.01
10-day MA prediction after 5 days:,7.136155,,,,
Standard Deviation:,0,,,,
,,,,,
BYND_10_day_MA_20240510.csv,60,0.3,0.3,150,0.1
10-day MA prediction after 5 days:,7.9020333,,,,
Standard Deviation:,0,,,,
,,,,,
BYND_10_day_MA_20240510.csv,60,0.3,0.3,200,0.001
10-day MA prediction after 5 days:,6.8933506,,,,
Standard Deviation:,0,,,,
,,,,,
BYND_10_day_MA_20240510.csv,60,0.3,0.3,200,0.01
10-day MA prediction after 5 days:,7.1114244,,,,
Standard Deviation:,0,,,,
,,,,,
BYND_10_day_MA_20240510.csv,60,0.3,0.3,200,0.1
10-day MA prediction after 5 days:,7.7983,,,,
Standard Deviation:,0,,,,
,,,,,
BYND_10_day_MA_20240510.csv,60,0.3,0.5,50,0.001
10-day MA prediction after 5 days:,6.9947596,,,,
Standard Deviation:,0,,,,
,,,,,
BYND_10_day_MA_20240510.csv,60,0.3,0.5,50,0.01
10-day MA prediction after 5 days:,7.001666,,,,
Standard Deviation:,0,,,,
,,,,,
BYND_10_day_MA_20240510.csv,60,0.3,0.5,50,0.1
10-day MA prediction after 5 days:,8.068311,,,,
Standard Deviation:,0,,,,
,,,,,
BYND_10_day_MA_20240510.csv,60,0.3,0.5,100,0.001
10-day MA prediction after 5 days:,6.927021,,,,
Standard Deviation:,0,,,,
,,,,,
BYND_10_day_MA_20240510.csv,60,0.3,0.5,100,0.01
10-day MA prediction after 5 days:,7.1077733,,,,
Standard Deviation:,0,,,,
,,,,,
BYND_10_day_MA_20240510.csv,60,0.3,0.5,100,0.1
10-day MA prediction after 5 days:,8.09217,,,,
Standard Deviation:,0,,,,
,,,,,
BYND_10_day_MA_20240510.csv,60,0.3,0.5,150,0.001
10-day MA prediction after 5 days:,6.852885,,,,
Standard Deviation:,0,,,,
,,,,,
BYND_10_day_MA_20240510.csv,60,0.3,0.5,150,0.01
10-day MA prediction after 5 days:,7.057872,,,,
Standard Deviation:,0,,,,
,,,,,
BYND_10_day_MA_20240510.csv,60,0.3,0.5,150,0.1
10-day MA prediction after 5 days:,8.087825,,,,
Standard Deviation:,0,,,,
,,,,,
BYND_10_day_MA_20240510.csv,60,0.3,0.5,200,0.001
10-day MA prediction after 5 days:,6.8659277,,,,
Standard Deviation:,0,,,,
,,,,,
BYND_10_day_MA_20240510.csv,60,0.3,0.5,200,0.01
10-day MA prediction after 5 days:,7.06033,,,,
Standard Deviation:,0,,,,
,,,,,
BYND_10_day_MA_20240510.csv,60,0.3,0.5,200,0.1
10-day MA prediction after 5 days:,8.030583,,,,
Standard Deviation:,0,,,,
,,,,,
BYND_10_day_MA_20240510.csv,90,0.1,0.1,50,0.001
10-day MA prediction after 5 days:,6.873332,,,,
Standard Deviation:,0,,,,
,,,,,
BYND_10_day_MA_20240510.csv,90,0.1,0.1,50,0.01
10-day MA prediction after 5 days:,6.993594,,,,
Standard Deviation:,0,,,,
,,,,,
BYND_10_day_MA_20240510.csv,90,0.1,0.1,50,0.1
10-day MA prediction after 5 days:,7.598152,,,,
Standard Deviation:,0,,,,
,,,,,
BYND_10_day_MA_20240510.csv,90,0.1,0.1,100,0.001
10-day MA prediction after 5 days:,6.9917173,,,,
Standard Deviation:,0,,,,
,,,,,
BYND_10_day_MA_20240510.csv,90,0.1,0.1,100,0.01
10-day MA prediction after 5 days:,6.8266993,,,,
Standard Deviation:,0,,,,
,,,,,
BYND_10_day_MA_20240510.csv,90,0.1,0.1,100,0.1
10-day MA prediction after 5 days:,7.560947,,,,
Standard Deviation:,0,,,,
,,,,,
BYND_10_day_MA_20240510.csv,90,0.1,0.1,150,0.001
10-day MA prediction after 5 days:,6.9102435,,,,
Standard Deviation:,0,,,,
,,,,,
BYND_10_day_MA_20240510.csv,90,0.1,0.1,150,0.01
10-day MA prediction after 5 days:,6.7726254,,,,
Standard Deviation:,0,,,,
,,,,,
BYND_10_day_MA_20240510.csv,90,0.1,0.1,150,0.1
10-day MA prediction after 5 days:,6.5166225,,,,
Standard Deviation:,0,,,,
,,,,,
BYND_10_day_MA_20240510.csv,90,0.1,0.1,200,0.001
10-day MA prediction after 5 days:,6.9267025,,,,
Standard Deviation:,0,,,,
,,,,,
BYND_10_day_MA_20240510.csv,90,0.1,0.1,200,0.01
10-day MA prediction after 5 days:,7.6986175,,,,
Standard Deviation:,0,,,,
,,,,,
BYND_10_day_MA_20240510.csv,90,0.1,0.1,200,0.1
10-day MA prediction after 5 days:,10.314471,,,,
Standard Deviation:,0,,,,
,,,,,
BYND_10_day_MA_20240510.csv,90,0.1,0.2,50,0.001
10-day MA prediction after 5 days:,6.988724,,,,
Standard Deviation:,0,,,,
,,,,,
BYND_10_day_MA_20240510.csv,90,0.1,0.2,50,0.01
10-day MA prediction after 5 days:,7.0806065,,,,
Standard Deviation:,0,,,,
,,,,,
BYND_10_day_MA_20240510.csv,90,0.1,0.2,50,0.1
10-day MA prediction after 5 days:,7.6002865,,,,
Standard Deviation:,0,,,,
,,,,,
BYND_10_day_MA_20240510.csv,90,0.1,0.2,100,0.001
10-day MA prediction after 5 days:,7.0202403,,,,
Standard Deviation:,0,,,,
,,,,,
BYND_10_day_MA_20240510.csv,90,0.1,0.2,100,0.01
10-day MA prediction after 5 days:,7.213378,,,,
Standard Deviation:,0,,,,
,,,,,
BYND_10_day_MA_20240510.csv,90,0.1,0.2,100,0.1
10-day MA prediction after 5 days:,7.4563336,,,,
Standard Deviation:,0,,,,
,,,,,
BYND_10_day_MA_20240510.csv,90,0.1,0.2,150,0.001
10-day MA prediction after 5 days:,6.987497,,,,
Standard Deviation:,0,,,,
,,,,,
BYND_10_day_MA_20240510.csv,90,0.1,0.2,150,0.01
10-day MA prediction after 5 days:,6.783836,,,,
Standard Deviation:,0,,,,
,,,,,
BYND_10_day_MA_20240510.csv,90,0.1,0.2,150,0.1
10-day MA prediction after 5 days:,7.5082707,,,,
Standard Deviation:,0,,,,
,,,,,
BYND_10_day_MA_20240510.csv,90,0.1,0.2,200,0.001
10-day MA prediction after 5 days:,6.957814,,,,
Standard Deviation:,0,,,,
,,,,,
BYND_10_day_MA_20240510.csv,90,0.1,0.2,200,0.01
10-day MA prediction after 5 days:,7.192789,,,,
Standard Deviation:,0,,,,
,,,,,
BYND_10_day_MA_20240510.csv,90,0.1,0.2,200,0.1
10-day MA prediction after 5 days:,9.583393,,,,
Standard Deviation:,0,,,,
,,,,,
BYND_10_day_MA_20240510.csv,90,0.1,0.3,50,0.001
10-day MA prediction after 5 days:,7.0103693,,,,
Standard Deviation:,0,,,,
,,,,,
BYND_10_day_MA_20240510.csv,90,0.1,0.3,50,0.01
10-day MA prediction after 5 days:,6.8083525,,,,
Standard Deviation:,0,,,,
,,,,,
BYND_10_day_MA_20240510.csv,90,0.1,0.3,50,0.1
10-day MA prediction after 5 days:,7.544697,,,,
Standard Deviation:,0,,,,
,,,,,
BYND_10_day_MA_20240510.csv,90,0.1,0.3,100,0.001
10-day MA prediction after 5 days:,7.0369153,,,,
Standard Deviation:,0,,,,
,,,,,
BYND_10_day_MA_20240510.csv,90,0.1,0.3,100,0.01
10-day MA prediction after 5 days:,6.7801476,,,,
Standard Deviation:,0,,,,
,,,,,
BYND_10_day_MA_20240510.csv,90,0.1,0.3,100,0.1
10-day MA prediction after 5 days:,7.69203,,,,
Standard Deviation:,0,,,,
,,,,,
BYND_10_day_MA_20240510.csv,90,0.1,0.3,150,0.001
10-day MA prediction after 5 days:,7.0181684,,,,
Standard Deviation:,0,,,,
,,,,,
BYND_10_day_MA_20240510.csv,90,0.1,0.3,150,0.01
10-day MA prediction after 5 days:,7.287009,,,,
Standard Deviation:,0,,,,
,,,,,
BYND_10_day_MA_20240510.csv,90,0.1,0.3,150,0.1
10-day MA prediction after 5 days:,7.8390355,,,,
Standard Deviation:,0,,,,
,,,,,
BYND_10_day_MA_20240510.csv,90,0.1,0.3,200,0.001
10-day MA prediction after 5 days:,7.0011325,,,,
Standard Deviation:,0,,,,
,,,,,
BYND_10_day_MA_20240510.csv,90,0.1,0.3,200,0.01
10-day MA prediction after 5 days:,7.7487626,,,,
Standard Deviation:,0,,,,
,,,,,
BYND_10_day_MA_20240510.csv,90,0.1,0.3,200,0.1
10-day MA prediction after 5 days:,7.1632195,,,,
Standard Deviation:,0,,,,
,,,,,
BYND_10_day_MA_20240510.csv,90,0.1,0.5,50,0.001
10-day MA prediction after 5 days:,7.013356,,,,
Standard Deviation:,0,,,,
,,,,,
BYND_10_day_MA_20240510.csv,90,0.1,0.5,50,0.01
10-day MA prediction after 5 days:,7.00886,,,,
Standard Deviation:,0,,,,
,,,,,
BYND_10_day_MA_20240510.csv,90,0.1,0.5,50,0.1
10-day MA prediction after 5 days:,7.6215224,,,,
Standard Deviation:,0,,,,
,,,,,
BYND_10_day_MA_20240510.csv,90,0.1,0.5,100,0.001
10-day MA prediction after 5 days:,6.9259715,,,,
Standard Deviation:,0,,,,
,,,,,
BYND_10_day_MA_20240510.csv,90,0.1,0.5,100,0.01
10-day MA prediction after 5 days:,6.839115,,,,
Standard Deviation:,0,,,,
,,,,,
BYND_10_day_MA_20240510.csv,90,0.1,0.5,100,0.1
10-day MA prediction after 5 days:,7.531268,,,,
Standard Deviation:,0,,,,
,,,,,
BYND_10_day_MA_20240510.csv,90,0.1,0.5,150,0.001
10-day MA prediction after 5 days:,7.023619,,,,
Standard Deviation:,0,,,,
,,,,,
BYND_10_day_MA_20240510.csv,90,0.1,0.5,150,0.01
10-day MA prediction after 5 days:,7.0204782,,,,
Standard Deviation:,0,,,,
,,,,,
BYND_10_day_MA_20240510.csv,90,0.1,0.5,150,0.1
10-day MA prediction after 5 days:,7.5400815,,,,
Standard Deviation:,0,,,,
,,,,,
BYND_10_day_MA_20240510.csv,90,0.1,0.5,200,0.001
10-day MA prediction after 5 days:,7.0284624,,,,
Standard Deviation:,0,,,,
,,,,,
BYND_10_day_MA_20240510.csv,90,0.1,0.5,200,0.01
10-day MA prediction after 5 days:,7.082992,,,,
Standard Deviation:,0,,,,
,,,,,
BYND_10_day_MA_20240510.csv,90,0.1,0.5,200,0.1
10-day MA prediction after 5 days:,8.573029,,,,
Standard Deviation:,0,,,,
,,,,,
BYND_10_day_MA_20240510.csv,90,0.2,0.1,50,0.001
10-day MA prediction after 5 days:,7.039968,,,,
Standard Deviation:,0,,,,
,,,,,
BYND_10_day_MA_20240510.csv,90,0.2,0.1,50,0.01
10-day MA prediction after 5 days:,7.3055973,,,,
Standard Deviation:,0,,,,
,,,,,
BYND_10_day_MA_20240510.csv,90,0.2,0.1,50,0.1
10-day MA prediction after 5 days:,7.73329,,,,
Standard Deviation:,0,,,,
,,,,,
BYND_10_day_MA_20240510.csv,90,0.2,0.1,100,0.001
10-day MA prediction after 5 days:,6.8763285,,,,
Standard Deviation:,0,,,,
,,,,,
BYND_10_day_MA_20240510.csv,90,0.2,0.1,100,0.01
10-day MA prediction after 5 days:,7.23576,,,,
Standard Deviation:,0,,,,
,,,,,
BYND_10_day_MA_20240510.csv,90,0.2,0.1,100,0.1
10-day MA prediction after 5 days:,7.62889,,,,
Standard Deviation:,0,,,,
,,,,,
BYND_10_day_MA_20240510.csv,90,0.2,0.1,150,0.001
10-day MA prediction after 5 days:,7.079854,,,,
Standard Deviation:,0,,,,
,,,,,
BYND_10_day_MA_20240510.csv,90,0.2,0.1,150,0.01
10-day MA prediction after 5 days:,7.191349,,,,
Standard Deviation:,0,,,,
,,,,,
BYND_10_day_MA_20240510.csv,90,0.2,0.1,150,0.1
10-day MA prediction after 5 days:,7.8303485,,,,
Standard Deviation:,0,,,,
,,,,,
BYND_10_day_MA_20240510.csv,90,0.2,0.1,200,0.001
10-day MA prediction after 5 days:,7.0962334,,,,
Standard Deviation:,0,,,,
,,,,,
BYND_10_day_MA_20240510.csv,90,0.2,0.1,200,0.01
10-day MA prediction after 5 days:,7.5545683,,,,
Standard Deviation:,0,,,,
,,,,,
BYND_10_day_MA_20240510.csv,90,0.2,0.1,200,0.1
10-day MA prediction after 5 days:,7.9606996,,,,
Standard Deviation:,0,,,,
,,,,,
BYND_10_day_MA_20240510.csv,90,0.2,0.2,50,0.001
10-day MA prediction after 5 days:,7.002156,,,,
Standard Deviation:,0,,,,
,,,,,
BYND_10_day_MA_20240510.csv,90,0.2,0.2,50,0.01
10-day MA prediction after 5 days:,7.118816,,,,
Standard Deviation:,0,,,,
,,,,,
BYND_10_day_MA_20240510.csv,90,0.2,0.2,50,0.1
10-day MA prediction after 5 days:,7.698448,,,,
Standard Deviation:,0,,,,
,,,,,
BYND_10_day_MA_20240510.csv,90,0.2,0.2,100,0.001
10-day MA prediction after 5 days:,6.91682,,,,
Standard Deviation:,0,,,,
,,,,,
BYND_10_day_MA_20240510.csv,90,0.2,0.2,100,0.01
10-day MA prediction after 5 days:,6.978257,,,,
Standard Deviation:,0,,,,
,,,,,
BYND_10_day_MA_20240510.csv,90,0.2,0.2,100,0.1
10-day MA prediction after 5 days:,7.4715824,,,,
Standard Deviation:,0,,,,
,,,,,
BYND_10_day_MA_20240510.csv,90,0.2,0.2,150,0.001
10-day MA prediction after 5 days:,7.0847516,,,,
Standard Deviation:,0,,,,
,,,,,
BYND_10_day_MA_20240510.csv,90,0.2,0.2,150,0.01
10-day MA prediction after 5 days:,6.746553,,,,
Standard Deviation:,0,,,,
,,,,,
BYND_10_day_MA_20240510.csv,90,0.2,0.2,150,0.1
10-day MA prediction after 5 days:,7.3593516,,,,
Standard Deviation:,0,,,,
,,,,,
BYND_10_day_MA_20240510.csv,90,0.2,0.2,200,0.001
10-day MA prediction after 5 days:,7.0750904,,,,
Standard Deviation:,0,,,,
,,,,,
BYND_10_day_MA_20240510.csv,90,0.2,0.2,200,0.01
10-day MA prediction after 5 days:,7.718108,,,,
Standard Deviation:,0,,,,
,,,,,
BYND_10_day_MA_20240510.csv,90,0.2,0.2,200,0.1
10-day MA prediction after 5 days:,7.9582467,,,,
Standard Deviation:,0,,,,
,,,,,
BYND_10_day_MA_20240510.csv,90,0.2,0.3,50,0.001
10-day MA prediction after 5 days:,7.115819,,,,
Standard Deviation:,0,,,,
,,,,,
BYND_10_day_MA_20240510.csv,90,0.2,0.3,50,0.01
10-day MA prediction after 5 days:,6.787096,,,,
Standard Deviation:,0,,,,
,,,,,
BYND_10_day_MA_20240510.csv,90,0.2,0.3,50,0.1
10-day MA prediction after 5 days:,7.3849673,,,,
Standard Deviation:,0,,,,
,,,,,
BYND_10_day_MA_20240510.csv,90,0.2,0.3,100,0.001
10-day MA prediction after 5 days:,7.1092525,,,,
Standard Deviation:,0,,,,
,,,,,
BYND_10_day_MA_20240510.csv,90,0.2,0.3,100,0.01
10-day MA prediction after 5 days:,7.2644935,,,,
Standard Deviation:,0,,,,
,,,,,
BYND_10_day_MA_20240510.csv,90,0.2,0.3,100,0.1
10-day MA prediction after 5 days:,7.3425307,,,,
Standard Deviation:,0,,,,
,,,,,
BYND_10_day_MA_20240510.csv,90,0.2,0.3,150,0.001
10-day MA prediction after 5 days:,7.1082754,,,,
Standard Deviation:,0,,,,
,,,,,
BYND_10_day_MA_20240510.csv,90,0.2,0.3,150,0.01
10-day MA prediction after 5 days:,6.7354264,,,,
Standard Deviation:,0,,,,
,,,,,
BYND_10_day_MA_20240510.csv,90,0.2,0.3,150,0.1
10-day MA prediction after 5 days:,7.652593,,,,
Standard Deviation:,0,,,,
,,,,,
BYND_10_day_MA_20240510.csv,90,0.2,0.3,200,0.001
10-day MA prediction after 5 days:,7.091156,,,,
Standard Deviation:,0,,,,
,,,,,
BYND_10_day_MA_20240510.csv,90,0.2,0.3,200,0.01
10-day MA prediction after 5 days:,7.447157,,,,
Standard Deviation:,0,,,,
,,,,,
BYND_10_day_MA_20240510.csv,90,0.2,0.3,200,0.1
10-day MA prediction after 5 days:,7.6039615,,,,
Standard Deviation:,0,,,,
,,,,,
BYND_10_day_MA_20240510.csv,90,0.2,0.5,50,0.001
10-day MA prediction after 5 days:,7.1423078,,,,
Standard Deviation:,0,,,,
,,,,,
BYND_10_day_MA_20240510.csv,90,0.2,0.5,50,0.01
10-day MA prediction after 5 days:,7.016987,,,,
Standard Deviation:,0,,,,
,,,,,
BYND_10_day_MA_20240510.csv,90,0.2,0.5,50,0.1
10-day MA prediction after 5 days:,7.328616,,,,
Standard Deviation:,0,,,,
,,,,,
BYND_10_day_MA_20240510.csv,90,0.2,0.5,100,0.001
10-day MA prediction after 5 days:,6.9818916,,,,
Standard Deviation:,0,,,,
,,,,,
BYND_10_day_MA_20240510.csv,90,0.2,0.5,100,0.01
10-day MA prediction after 5 days:,6.8613024,,,,
Standard Deviation:,0,,,,
,,,,,
BYND_10_day_MA_20240510.csv,90,0.2,0.5,100,0.1
10-day MA prediction after 5 days:,7.274817,,,,
Standard Deviation:,0,,,,
,,,,,
BYND_10_day_MA_20240510.csv,90,0.2,0.5,150,0.001
10-day MA prediction after 5 days:,7.0608387,,,,
Standard Deviation:,0,,,,
,,,,,
BYND_10_day_MA_20240510.csv,90,0.2,0.5,150,0.01
10-day MA prediction after 5 days:,7.0229206,,,,
Standard Deviation:,0,,,,
,,,,,
BYND_10_day_MA_20240510.csv,90,0.2,0.5,150,0.1
10-day MA prediction after 5 days:,7.5650206,,,,
Standard Deviation:,0,,,,
,,,,,
BYND_10_day_MA_20240510.csv,90,0.2,0.5,200,0.001
10-day MA prediction after 5 days:,7.041543,,,,
Standard Deviation:,0,,,,
,,,,,
BYND_10_day_MA_20240510.csv,90,0.2,0.5,200,0.01
10-day MA prediction after 5 days:,7.621494,,,,
Standard Deviation:,0,,,,
,,,,,
BYND_10_day_MA_20240510.csv,90,0.2,0.5,200,0.1
10-day MA prediction after 5 days:,7.5528483,,,,
Standard Deviation:,0,,,,
,,,,,
BYND_10_day_MA_20240510.csv,90,0.3,0.1,50,0.001
10-day MA prediction after 5 days:,6.993933,,,,
Standard Deviation:,0,,,,
,,,,,
BYND_10_day_MA_20240510.csv,90,0.3,0.1,50,0.01
10-day MA prediction after 5 days:,6.84293,,,,
Standard Deviation:,0,,,,
,,,,,
BYND_10_day_MA_20240510.csv,90,0.3,0.1,50,0.1
10-day MA prediction after 5 days:,7.6156163,,,,
Standard Deviation:,0,,,,
,,,,,
BYND_10_day_MA_20240510.csv,90,0.3,0.1,100,0.001
10-day MA prediction after 5 days:,6.9938717,,,,
Standard Deviation:,0,,,,
,,,,,
BYND_10_day_MA_20240510.csv,90,0.3,0.1,100,0.01
10-day MA prediction after 5 days:,7.0565233,,,,
Standard Deviation:,0,,,,
,,,,,
BYND_10_day_MA_20240510.csv,90,0.3,0.1,100,0.1
10-day MA prediction after 5 days:,7.832467,,,,
Standard Deviation:,0,,,,
,,,,,
BYND_10_day_MA_20240510.csv,90,0.3,0.1,150,0.001
10-day MA prediction after 5 days:,7.06943,,,,
Standard Deviation:,0,,,,
,,,,,
BYND_10_day_MA_20240510.csv,90,0.3,0.1,150,0.01
10-day MA prediction after 5 days:,7.6784024,,,,
Standard Deviation:,0,,,,
,,,,,
BYND_10_day_MA_20240510.csv,90,0.3,0.1,150,0.1
10-day MA prediction after 5 days:,7.4653006,,,,
Standard Deviation:,0,,,,
,,,,,
BYND_10_day_MA_20240510.csv,90,0.3,0.1,200,0.001
10-day MA prediction after 5 days:,7.085324,,,,
Standard Deviation:,0,,,,
,,,,,
BYND_10_day_MA_20240510.csv,90,0.3,0.1,200,0.01
10-day MA prediction after 5 days:,7.167971,,,,
Standard Deviation:,0,,,,
,,,,,
BYND_10_day_MA_20240510.csv,90,0.3,0.1,200,0.1
10-day MA prediction after 5 days:,8.040876,,,,
Standard Deviation:,0,,,,
,,,,,
BYND_10_day_MA_20240510.csv,90,0.3,0.2,50,0.001
10-day MA prediction after 5 days:,7.064687,,,,
Standard Deviation:,0,,,,
,,,,,
BYND_10_day_MA_20240510.csv,90,0.3,0.2,50,0.01
10-day MA prediction after 5 days:,6.903011,,,,
Standard Deviation:,0,,,,
,,,,,
BYND_10_day_MA_20240510.csv,90,0.3,0.2,50,0.1
10-day MA prediction after 5 days:,7.723073,,,,
Standard Deviation:,0,,,,
,,,,,
BYND_10_day_MA_20240510.csv,90,0.3,0.2,100,0.001
10-day MA prediction after 5 days:,7.021689,,,,
Standard Deviation:,0,,,,
,,,,,
BYND_10_day_MA_20240510.csv,90,0.3,0.2,100,0.01
10-day MA prediction after 5 days:,7.2836175,,,,
Standard Deviation:,0,,,,
,,,,,
BYND_10_day_MA_20240510.csv,90,0.3,0.2,100,0.1
10-day MA prediction after 5 days:,7.7471867,,,,
Standard Deviation:,0,,,,
,,,,,
BYND_10_day_MA_20240510.csv,90,0.3,0.2,150,0.001
10-day MA prediction after 5 days:,6.8579283,,,,
Standard Deviation:,0,,,,
,,,,,
BYND_10_day_MA_20240510.csv,90,0.3,0.2,150,0.01
10-day MA prediction after 5 days:,7.0257554,,,,
Standard Deviation:,0,,,,
,,,,,
BYND_10_day_MA_20240510.csv,90,0.3,0.2,150,0.1
10-day MA prediction after 5 days:,7.716167,,,,
Standard Deviation:,0,,,,
,,,,,
BYND_10_day_MA_20240510.csv,90,0.3,0.2,200,0.001
10-day MA prediction after 5 days:,7.055191,,,,
Standard Deviation:,0,,,,
,,,,,
BYND_10_day_MA_20240510.csv,90,0.3,0.2,200,0.01
10-day MA prediction after 5 days:,7.3087997,,,,
Standard Deviation:,0,,,,
,,,,,
BYND_10_day_MA_20240510.csv,90,0.3,0.2,200,0.1
10-day MA prediction after 5 days:,7.640349,,,,
Standard Deviation:,0,,,,
,,,,,
BYND_10_day_MA_20240510.csv,90,0.3,0.3,50,0.001
10-day MA prediction after 5 days:,7.191156,,,,
Standard Deviation:,0,,,,
,,,,,
BYND_10_day_MA_20240510.csv,90,0.3,0.3,50,0.01
10-day MA prediction after 5 days:,6.7234683,,,,
Standard Deviation:,0,,,,
,,,,,
BYND_10_day_MA_20240510.csv,90,0.3,0.3,50,0.1
10-day MA prediction after 5 days:,7.685071,,,,
Standard Deviation:,0,,,,
,,,,,
BYND_10_day_MA_20240510.csv,90,0.3,0.3,100,0.001
10-day MA prediction after 5 days:,6.8967686,,,,
Standard Deviation:,0,,,,
,,,,,
BYND_10_day_MA_20240510.csv,90,0.3,0.3,100,0.01
10-day MA prediction after 5 days:,6.773826,,,,
Standard Deviation:,0,,,,
,,,,,
BYND_10_day_MA_20240510.csv,90,0.3,0.3,100,0.1
10-day MA prediction after 5 days:,7.658092,,,,
Standard Deviation:,0,,,,
,,,,,
BYND_10_day_MA_20240510.csv,90,0.3,0.3,150,0.001
10-day MA prediction after 5 days:,7.067236,,,,
Standard Deviation:,0,,,,
,,,,,
BYND_10_day_MA_20240510.csv,90,0.3,0.3,150,0.01
10-day MA prediction after 5 days:,6.788924,,,,
Standard Deviation:,0,,,,
,,,,,
BYND_10_day_MA_20240510.csv,90,0.3,0.3,150,0.1
10-day MA prediction after 5 days:,7.15216,,,,
Standard Deviation:,0,,,,
,,,,,
BYND_10_day_MA_20240510.csv,90,0.3,0.3,200,0.001
10-day MA prediction after 5 days:,7.0946565,,,,
Standard Deviation:,0,,,,
,,,,,
BYND_10_day_MA_20240510.csv,90,0.3,0.3,200,0.01
10-day MA prediction after 5 days:,7.402931,,,,
Standard Deviation:,0,,,,
,,,,,
BYND_10_day_MA_20240510.csv,90,0.3,0.3,200,0.1
10-day MA prediction after 5 days:,7.401134,,,,
Standard Deviation:,0,,,,
,,,,,
BYND_10_day_MA_20240510.csv,90,0.3,0.5,50,0.001
10-day MA prediction after 5 days:,7.1400704,,,,
Standard Deviation:,0,,,,
,,,,,
BYND_10_day_MA_20240510.csv,90,0.3,0.5,50,0.01
10-day MA prediction after 5 days:,6.9698067,,,,
Standard Deviation:,0,,,,
,,,,,
BYND_10_day_MA_20240510.csv,90,0.3,0.5,50,0.1
10-day MA prediction after 5 days:,7.3997965,,,,
Standard Deviation:,0,,,,
,,,,,
BYND_10_day_MA_20240510.csv,90,0.3,0.5,100,0.001
10-day MA prediction after 5 days:,6.89154,,,,
Standard Deviation:,0,,,,
,,,,,
BYND_10_day_MA_20240510.csv,90,0.3,0.5,100,0.01
10-day MA prediction after 5 days:,6.800141,,,,
Standard Deviation:,0,,,,
,,,,,
BYND_10_day_MA_20240510.csv,90,0.3,0.5,100,0.1
10-day MA prediction after 5 days:,7.589316,,,,
Standard Deviation:,0,,,,
,,,,,
BYND_10_day_MA_20240510.csv,90,0.3,0.5,150,0.001
10-day MA prediction after 5 days:,6.9614124,,,,
Standard Deviation:,0,,,,
,,,,,
BYND_10_day_MA_20240510.csv,90,0.3,0.5,150,0.01
10-day MA prediction after 5 days:,7.272853,,,,
Standard Deviation:,0,,,,
,,,,,
BYND_10_day_MA_20240510.csv,90,0.3,0.5,150,0.1
10-day MA prediction after 5 days:,7.6582565,,,,
Standard Deviation:,0,,,,
,,,,,
BYND_10_day_MA_20240510.csv,90,0.3,0.5,200,0.001
10-day MA prediction after 5 days:,7.0652585,,,,
Standard Deviation:,0,,,,
,,,,,
BYND_10_day_MA_20240510.csv,90,0.3,0.5,200,0.01
10-day MA prediction after 5 days:,7.0041914,,,,
Standard Deviation:,0,,,,
,,,,,
BYND_10_day_MA_20240510.csv,90,0.3,0.5,200,0.1
10-day MA prediction after 5 days:,7.6135573,,,,
Standard Deviation:,0,,,,
,,,,,
BYND_10_day_MA_20240510.csv,120,0.1,0.1,50,0.001
10-day MA prediction after 5 days:,7.279836,,,,
Standard Deviation:,0,,,,
,,,,,
BYND_10_day_MA_20240510.csv,120,0.1,0.1,50,0.01
10-day MA prediction after 5 days:,7.2022715,,,,
Standard Deviation:,0,,,,
,,,,,
BYND_10_day_MA_20240510.csv,120,0.1,0.1,50,0.1
10-day MA prediction after 5 days:,7.707641,,,,
Standard Deviation:,0,,,,
,,,,,
BYND_10_day_MA_20240510.csv,120,0.1,0.1,100,0.001
10-day MA prediction after 5 days:,7.2804575,,,,
Standard Deviation:,0,,,,
,,,,,
BYND_10_day_MA_20240510.csv,120,0.1,0.1,100,0.01
10-day MA prediction after 5 days:,7.133562,,,,
Standard Deviation:,0,,,,
,,,,,
BYND_10_day_MA_20240510.csv,120,0.1,0.1,100,0.1
10-day MA prediction after 5 days:,7.789382,,,,
Standard Deviation:,0,,,,
,,,,,
BYND_10_day_MA_20240510.csv,120,0.1,0.1,150,0.001
10-day MA prediction after 5 days:,7.2761307,,,,
Standard Deviation:,0,,,,
,,,,,
BYND_10_day_MA_20240510.csv,120,0.1,0.1,150,0.01
10-day MA prediction after 5 days:,7.201374,,,,
Standard Deviation:,0,,,,
,,,,,
BYND_10_day_MA_20240510.csv,120,0.1,0.1,150,0.1
10-day MA prediction after 5 days:,7.9893785,,,,
Standard Deviation:,0,,,,
,,,,,
BYND_10_day_MA_20240510.csv,120,0.1,0.1,200,0.001
10-day MA prediction after 5 days:,7.2605867,,,,
Standard Deviation:,0,,,,
,,,,,
BYND_10_day_MA_20240510.csv,120,0.1,0.1,200,0.01
10-day MA prediction after 5 days:,7.047593,,,,
Standard Deviation:,0,,,,
,,,,,
BYND_10_day_MA_20240510.csv,120,0.1,0.1,200,0.1
10-day MA prediction after 5 days:,7.482614,,,,
Standard Deviation:,0,,,,
,,,,,
BYND_10_day_MA_20240510.csv,120,0.1,0.2,50,0.001
10-day MA prediction after 5 days:,7.2913113,,,,
Standard Deviation:,0,,,,
,,,,,
BYND_10_day_MA_20240510.csv,120,0.1,0.2,50,0.01
10-day MA prediction after 5 days:,7.0968757,,,,
Standard Deviation:,0,,,,
,,,,,
BYND_10_day_MA_20240510.csv,120,0.1,0.2,50,0.1
10-day MA prediction after 5 days:,7.6343036,,,,
Standard Deviation:,0,,,,
,,,,,
BYND_10_day_MA_20240510.csv,120,0.1,0.2,100,0.001
10-day MA prediction after 5 days:,7.284176,,,,
Standard Deviation:,0,,,,
,,,,,
BYND_10_day_MA_20240510.csv,120,0.1,0.2,100,0.01
10-day MA prediction after 5 days:,6.8892703,,,,
Standard Deviation:,0,,,,
,,,,,
BYND_10_day_MA_20240510.csv,120,0.1,0.2,100,0.1
10-day MA prediction after 5 days:,7.649969,,,,
Standard Deviation:,0,,,,
,,,,,
BYND_10_day_MA_20240510.csv,120,0.1,0.2,150,0.001
10-day MA prediction after 5 days:,7.2858186,,,,
Standard Deviation:,0,,,,
,,,,,
BYND_10_day_MA_20240510.csv,120,0.1,0.2,150,0.01
10-day MA prediction after 5 days:,7.141549,,,,
Standard Deviation:,0,,,,
,,,,,
BYND_10_day_MA_20240510.csv,120,0.1,0.2,150,0.1
10-day MA prediction after 5 days:,7.7209964,,,,
Standard Deviation:,0,,,,
,,,,,
BYND_10_day_MA_20240510.csv,120,0.1,0.2,200,0.001
10-day MA prediction after 5 days:,7.2878656,,,,
Standard Deviation:,0,,,,
,,,,,
BYND_10_day_MA_20240510.csv,120,0.1,0.2,200,0.01
10-day MA prediction after 5 days:,6.978962,,,,
Standard Deviation:,0,,,,
,,,,,
BYND_10_day_MA_20240510.csv,120,0.1,0.2,200,0.1
10-day MA prediction after 5 days:,7.6113935,,,,
Standard Deviation:,0,,,,
,,,,,
BYND_10_day_MA_20240510.csv,120,0.1,0.3,50,0.001
10-day MA prediction after 5 days:,7.3092504,,,,
Standard Deviation:,0,,,,
,,,,,
BYND_10_day_MA_20240510.csv,120,0.1,0.3,50,0.01
10-day MA prediction after 5 days:,7.193785,,,,
Standard Deviation:,0,,,,
,,,,,
BYND_10_day_MA_20240510.csv,120,0.1,0.3,50,0.1
10-day MA prediction after 5 days:,7.6718693,,,,
Standard Deviation:,0,,,,
,,,,,
BYND_10_day_MA_20240510.csv,120,0.1,0.3,100,0.001
10-day MA prediction after 5 days:,7.2853603,,,,
Standard Deviation:,0,,,,
,,,,,
BYND_10_day_MA_20240510.csv,120,0.1,0.3,100,0.01
10-day MA prediction after 5 days:,6.881031,,,,
Standard Deviation:,0,,,,
,,,,,
BYND_10_day_MA_20240510.csv,120,0.1,0.3,100,0.1
10-day MA prediction after 5 days:,6.8988066,,,,
Standard Deviation:,0,,,,
,,,,,
BYND_10_day_MA_20240510.csv,120,0.1,0.3,150,0.001
10-day MA prediction after 5 days:,7.262741,,,,
Standard Deviation:,0,,,,
,,,,,
BYND_10_day_MA_20240510.csv,120,0.1,0.3,150,0.01
10-day MA prediction after 5 days:,7.387975,,,,
Standard Deviation:,0,,,,
,,,,,
BYND_10_day_MA_20240510.csv,120,0.1,0.3,150,0.1
10-day MA prediction after 5 days:,7.7228355,,,,
Standard Deviation:,0,,,,
,,,,,
BYND_10_day_MA_20240510.csv,120,0.1,0.3,200,0.001
10-day MA prediction after 5 days:,7.2993355,,,,
Standard Deviation:,0,,,,
,,,,,
BYND_10_day_MA_20240510.csv,120,0.1,0.3,200,0.01
10-day MA prediction after 5 days:,7.68789,,,,
Standard Deviation:,0,,,,
,,,,,
BYND_10_day_MA_20240510.csv,120,0.1,0.3,200,0.1
10-day MA prediction after 5 days:,8.036472,,,,
Standard Deviation:,0,,,,
,,,,,
BYND_10_day_MA_20240510.csv,120,0.1,0.5,50,0.001
10-day MA prediction after 5 days:,7.2321453,,,,
Standard Deviation:,0,,,,
,,,,,
BYND_10_day_MA_20240510.csv,120,0.1,0.5,50,0.01
10-day MA prediction after 5 days:,7.219467,,,,
Standard Deviation:,0,,,,
,,,,,
BYND_10_day_MA_20240510.csv,120,0.1,0.5,50,0.1
10-day MA prediction after 5 days:,7.5816603,,,,
Standard Deviation:,0,,,,
,,,,,
BYND_10_day_MA_20240510.csv,120,0.1,0.5,100,0.001
10-day MA prediction after 5 days:,7.288836,,,,
Standard Deviation:,0,,,,
,,,,,
BYND_10_day_MA_20240510.csv,120,0.1,0.5,100,0.01
10-day MA prediction after 5 days:,7.106828,,,,
Standard Deviation:,0,,,,
,,,,,
BYND_10_day_MA_20240510.csv,120,0.1,0.5,100,0.1
10-day MA prediction after 5 days:,7.619984,,,,
Standard Deviation:,0,,,,
,,,,,
BYND_10_day_MA_20240510.csv,120,0.1,0.5,150,0.001
10-day MA prediction after 5 days:,7.2662544,,,,
Standard Deviation:,0,,,,
,,,,,
BYND_10_day_MA_20240510.csv,120,0.1,0.5,150,0.01
10-day MA prediction after 5 days:,7.0697584,,,,
Standard Deviation:,0,,,,
,,,,,
BYND_10_day_MA_20240510.csv,120,0.1,0.5,150,0.1
10-day MA prediction after 5 days:,7.6999145,,,,
Standard Deviation:,0,,,,
,,,,,
BYND_10_day_MA_20240510.csv,120,0.1,0.5,200,0.001
10-day MA prediction after 5 days:,7.2948337,,,,
Standard Deviation:,0,,,,
,,,,,
BYND_10_day_MA_20240510.csv,120,0.1,0.5,200,0.01
10-day MA prediction after 5 days:,7.6860876,,,,
Standard Deviation:,0,,,,
,,,,,
BYND_10_day_MA_20240510.csv,120,0.1,0.5,200,0.1
10-day MA prediction after 5 days:,9.406265,,,,
Standard Deviation:,0,,,,
,,,,,
BYND_10_day_MA_20240510.csv,120,0.2,0.1,50,0.001
10-day MA prediction after 5 days:,7.171657,,,,
Standard Deviation:,0,,,,
,,,,,
BYND_10_day_MA_20240510.csv,120,0.2,0.1,50,0.01
10-day MA prediction after 5 days:,7.1772714,,,,
Standard Deviation:,0,,,,
,,,,,
BYND_10_day_MA_20240510.csv,120,0.2,0.1,50,0.1
10-day MA prediction after 5 days:,7.734852,,,,
Standard Deviation:,0,,,,
,,,,,
BYND_10_day_MA_20240510.csv,120,0.2,0.1,100,0.001
10-day MA prediction after 5 days:,7.2550263,,,,
Standard Deviation:,0,,,,
,,,,,
BYND_10_day_MA_20240510.csv,120,0.2,0.1,100,0.01
10-day MA prediction after 5 days:,7.375101,,,,
Standard Deviation:,0,,,,
,,,,,
BYND_10_day_MA_20240510.csv,120,0.2,0.1,100,0.1
10-day MA prediction after 5 days:,7.7757683,,,,
Standard Deviation:,0,,,,
,,,,,
BYND_10_day_MA_20240510.csv,120,0.2,0.1,150,0.001
10-day MA prediction after 5 days:,7.306887,,,,
Standard Deviation:,0,,,,
,,,,,
BYND_10_day_MA_20240510.csv,120,0.2,0.1,150,0.01
10-day MA prediction after 5 days:,7.7078524,,,,
Standard Deviation:,0,,,,
,,,,,
BYND_10_day_MA_20240510.csv,120,0.2,0.1,150,0.1
10-day MA prediction after 5 days:,7.6978426,,,,
Standard Deviation:,0,,,,
,,,,,
BYND_10_day_MA_20240510.csv,120,0.2,0.1,200,0.001
10-day MA prediction after 5 days:,7.2952623,,,,
Standard Deviation:,0,,,,
,,,,,
BYND_10_day_MA_20240510.csv,120,0.2,0.1,200,0.01
10-day MA prediction after 5 days:,7.8490314,,,,
Standard Deviation:,0,,,,
,,,,,
BYND_10_day_MA_20240510.csv,120,0.2,0.1,200,0.1
10-day MA prediction after 5 days:,7.478059,,,,
Standard Deviation:,0,,,,
,,,,,
BYND_10_day_MA_20240510.csv,120,0.2,0.2,50,0.001
10-day MA prediction after 5 days:,7.2846084,,,,
Standard Deviation:,0,,,,
,,,,,
BYND_10_day_MA_20240510.csv,120,0.2,0.2,50,0.01
10-day MA prediction after 5 days:,7.0429626,,,,
Standard Deviation:,0,,,,
,,,,,
BYND_10_day_MA_20240510.csv,120,0.2,0.2,50,0.1
10-day MA prediction after 5 days:,7.5706067,,,,
Standard Deviation:,0,,,,
,,,,,
BYND_10_day_MA_20240510.csv,120,0.2,0.2,100,0.001
10-day MA prediction after 5 days:,7.241806,,,,
Standard Deviation:,0,,,,
,,,,,
BYND_10_day_MA_20240510.csv,120,0.2,0.2,100,0.01
10-day MA prediction after 5 days:,6.940714,,,,
Standard Deviation:,0,,,,
,,,,,
BYND_10_day_MA_20240510.csv,120,0.2,0.2,100,0.1
10-day MA prediction after 5 days:,7.8520885,,,,
Standard Deviation:,0,,,,
,,,,,
BYND_10_day_MA_20240510.csv,120,0.2,0.2,150,0.001
10-day MA prediction after 5 days:,7.3028564,,,,
Standard Deviation:,0,,,,
,,,,,
BYND_10_day_MA_20240510.csv,120,0.2,0.2,150,0.01
10-day MA prediction after 5 days:,7.1221848,,,,
Standard Deviation:,0,,,,
,,,,,
BYND_10_day_MA_20240510.csv,120,0.2,0.2,150,0.1
10-day MA prediction after 5 days:,7.7570124,,,,
Standard Deviation:,0,,,,
,,,,,
BYND_10_day_MA_20240510.csv,120,0.2,0.2,200,0.001
10-day MA prediction after 5 days:,7.297472,,,,
Standard Deviation:,0,,,,
,,,,,
BYND_10_day_MA_20240510.csv,120,0.2,0.2,200,0.01
10-day MA prediction after 5 days:,6.993186,,,,
Standard Deviation:,0,,,,
,,,,,
BYND_10_day_MA_20240510.csv,120,0.2,0.2,200,0.1
10-day MA prediction after 5 days:,5.456669,,,,
Standard Deviation:,0,,,,
,,,,,
BYND_10_day_MA_20240510.csv,120,0.2,0.3,50,0.001
10-day MA prediction after 5 days:,7.3373127,,,,
Standard Deviation:,0,,,,
,,,,,
BYND_10_day_MA_20240510.csv,120,0.2,0.3,50,0.01
10-day MA prediction after 5 days:,7.073549,,,,
Standard Deviation:,0,,,,
,,,,,
BYND_10_day_MA_20240510.csv,120,0.2,0.3,50,0.1
10-day MA prediction after 5 days:,7.6933303,,,,
Standard Deviation:,0,,,,
,,,,,
BYND_10_day_MA_20240510.csv,120,0.2,0.3,100,0.001
10-day MA prediction after 5 days:,7.2588897,,,,
Standard Deviation:,0,,,,
,,,,,
BYND_10_day_MA_20240510.csv,120,0.2,0.3,100,0.01
10-day MA prediction after 5 days:,7.383209,,,,
Standard Deviation:,0,,,,
,,,,,
BYND_10_day_MA_20240510.csv,120,0.2,0.3,100,0.1
10-day MA prediction after 5 days:,7.4715595,,,,
Standard Deviation:,0,,,,
,,,,,
BYND_10_day_MA_20240510.csv,120,0.2,0.3,150,0.001
10-day MA prediction after 5 days:,7.311562,,,,
Standard Deviation:,0,,,,
,,,,,
BYND_10_day_MA_20240510.csv,120,0.2,0.3,150,0.01
10-day MA prediction after 5 days:,7.0449023,,,,
Standard Deviation:,0,,,,
,,,,,
BYND_10_day_MA_20240510.csv,120,0.2,0.3,150,0.1
10-day MA prediction after 5 days:,7.5632925,,,,
Standard Deviation:,0,,,,
,,,,,
BYND_10_day_MA_20240510.csv,120,0.2,0.3,200,0.001
10-day MA prediction after 5 days:,7.2620006,,,,
Standard Deviation:,0,,,,
,,,,,
BYND_10_day_MA_20240510.csv,120,0.2,0.3,200,0.01
10-day MA prediction after 5 days:,7.388378,,,,
Standard Deviation:,0,,,,
,,,,,
BYND_10_day_MA_20240510.csv,120,0.2,0.3,200,0.1
10-day MA prediction after 5 days:,7.061548,,,,
Standard Deviation:,0,,,,
,,,,,
BYND_10_day_MA_20240510.csv,120,0.2,0.5,50,0.001
10-day MA prediction after 5 days:,7.236868,,,,
Standard Deviation:,0,,,,
,,,,,
BYND_10_day_MA_20240510.csv,120,0.2,0.5,50,0.01
10-day MA prediction after 5 days:,7.163757,,,,
Standard Deviation:,0,,,,
,,,,,
BYND_10_day_MA_20240510.csv,120,0.2,0.5,50,0.1
10-day MA prediction after 5 days:,7.248209,,,,
Standard Deviation:,0,,,,
,,,,,
BYND_10_day_MA_20240510.csv,120,0.2,0.5,100,0.001
10-day MA prediction after 5 days:,7.313905,,,,
Standard Deviation:,0,,,,
,,,,,
BYND_10_day_MA_20240510.csv,120,0.2,0.5,100,0.01
10-day MA prediction after 5 days:,6.975592,,,,
Standard Deviation:,0,,,,
,,,,,
BYND_10_day_MA_20240510.csv,120,0.2,0.5,100,0.1
10-day MA prediction after 5 days:,7.6187606,,,,
Standard Deviation:,0,,,,
,,,,,
BYND_10_day_MA_20240510.csv,120,0.2,0.5,150,0.001
10-day MA prediction after 5 days:,7.3259125,,,,
Standard Deviation:,0,,,,
,,,,,
BYND_10_day_MA_20240510.csv,120,0.2,0.5,150,0.01
10-day MA prediction after 5 days:,7.6401873,,,,
Standard Deviation:,0,,,,
,,,,,
BYND_10_day_MA_20240510.csv,120,0.2,0.5,150,0.1
10-day MA prediction after 5 days:,7.6135216,,,,
Standard Deviation:,0,,,,
,,,,,
BYND_10_day_MA_20240510.csv,120,0.2,0.5,200,0.001
10-day MA prediction after 5 days:,7.3038077,,,,
Standard Deviation:,0,,,,
,,,,,
BYND_10_day_MA_20240510.csv,120,0.2,0.5,200,0.01
10-day MA prediction after 5 days:,7.7755427,,,,
Standard Deviation:,0,,,,
,,,,,
BYND_10_day_MA_20240510.csv,120,0.2,0.5,200,0.1
10-day MA prediction after 5 days:,nan,,,,
Standard Deviation:,nan,,,,
,,,,,
BYND_10_day_MA_20240510.csv,120,0.3,0.1,50,0.001
10-day MA prediction after 5 days:,7.2856374,,,,
Standard Deviation:,0,,,,
,,,,,
BYND_10_day_MA_20240510.csv,120,0.3,0.1,50,0.01
10-day MA prediction after 5 days:,7.174761,,,,
Standard Deviation:,0,,,,
,,,,,
BYND_10_day_MA_20240510.csv,120,0.3,0.1,50,0.1
10-day MA prediction after 5 days:,7.5542135,,,,
Standard Deviation:,0,,,,
,,,,,
BYND_10_day_MA_20240510.csv,120,0.3,0.1,100,0.001
10-day MA prediction after 5 days:,7.2442937,,,,
Standard Deviation:,0,,,,
,,,,,
BYND_10_day_MA_20240510.csv,120,0.3,0.1,100,0.01
10-day MA prediction after 5 days:,7.2537165,,,,
Standard Deviation:,0,,,,
,,,,,
BYND_10_day_MA_20240510.csv,120,0.3,0.1,100,0.1
10-day MA prediction after 5 days:,7.5604367,,,,
Standard Deviation:,0,,,,
,,,,,
BYND_10_day_MA_20240510.csv,120,0.3,0.1,150,0.001
10-day MA prediction after 5 days:,7.2700405,,,,
Standard Deviation:,0,,,,
,,,,,
BYND_10_day_MA_20240510.csv,120,0.3,0.1,150,0.01
10-day MA prediction after 5 days:,7.2401624,,,,
Standard Deviation:,0,,,,
,,,,,
BYND_10_day_MA_20240510.csv,120,0.3,0.1,150,0.1
10-day MA prediction after 5 days:,7.8816905,,,,
Standard Deviation:,0,,,,
,,,,,
BYND_10_day_MA_20240510.csv,120,0.3,0.1,200,0.001
10-day MA prediction after 5 days:,7.309195,,,,
Standard Deviation:,0,,,,
,,,,,
BYND_10_day_MA_20240510.csv,120,0.3,0.1,200,0.01
10-day MA prediction after 5 days:,7.6098967,,,,
Standard Deviation:,0,,,,
,,,,,
BYND_10_day_MA_20240510.csv,120,0.3,0.1,200,0.1
10-day MA prediction after 5 days:,7.9445148,,,,
Standard Deviation:,0,,,,
,,,,,
BYND_10_day_MA_20240510.csv,120,0.3,0.2,50,0.001
10-day MA prediction after 5 days:,7.237935,,,,
Standard Deviation:,0,,,,
,,,,,
BYND_10_day_MA_20240510.csv,120,0.3,0.2,50,0.01
10-day MA prediction after 5 days:,7.15402,,,,
Standard Deviation:,0,,,,
,,,,,
BYND_10_day_MA_20240510.csv,120,0.3,0.2,50,0.1
10-day MA prediction after 5 days:,7.6102276,,,,
Standard Deviation:,0,,,,
,,,,,
BYND_10_day_MA_20240510.csv,120,0.3,0.2,100,0.001
10-day MA prediction after 5 days:,7.217487,,,,
Standard Deviation:,0,,,,
,,,,,
BYND_10_day_MA_20240510.csv,120,0.3,0.2,100,0.01
10-day MA prediction after 5 days:,7.0140653,,,,
Standard Deviation:,0,,,,
,,,,,
BYND_10_day_MA_20240510.csv,120,0.3,0.2,100,0.1
10-day MA prediction after 5 days:,7.7286696,,,,
Standard Deviation:,0,,,,
,,,,,
BYND_10_day_MA_20240510.csv,120,0.3,0.2,150,0.001
10-day MA prediction after 5 days:,7.278427,,,,
Standard Deviation:,0,,,,
,,,,,
BYND_10_day_MA_20240510.csv,120,0.3,0.2,150,0.01
10-day MA prediction after 5 days:,7.122213,,,,
Standard Deviation:,0,,,,
,,,,,
BYND_10_day_MA_20240510.csv,120,0.3,0.2,150,0.1
10-day MA prediction after 5 days:,7.7728415,,,,
Standard Deviation:,0,,,,
,,,,,
BYND_10_day_MA_20240510.csv,120,0.3,0.2,200,0.001
10-day MA prediction after 5 days:,7.285707,,,,
Standard Deviation:,0,,,,
,,,,,
BYND_10_day_MA_20240510.csv,120,0.3,0.2,200,0.01
10-day MA prediction after 5 days:,7.509696,,,,
Standard Deviation:,0,,,,
,,,,,
BYND_10_day_MA_20240510.csv,120,0.3,0.2,200,0.1
10-day MA prediction after 5 days:,7.8331494,,,,
Standard Deviation:,0,,,,
,,,,,
BYND_10_day_MA_20240510.csv,120,0.3,0.3,50,0.001
10-day MA prediction after 5 days:,7.2064114,,,,
Standard Deviation:,0,,,,
,,,,,
BYND_10_day_MA_20240510.csv,120,0.3,0.3,50,0.01
10-day MA prediction after 5 days:,7.1868167,,,,
Standard Deviation:,0,,,,
,,,,,
BYND_10_day_MA_20240510.csv,120,0.3,0.3,50,0.1
10-day MA prediction after 5 days:,7.2781,,,,
Standard Deviation:,0,,,,
,,,,,
BYND_10_day_MA_20240510.csv,120,0.3,0.3,100,0.001
10-day MA prediction after 5 days:,7.274836,,,,
Standard Deviation:,0,,,,
,,,,,
BYND_10_day_MA_20240510.csv,120,0.3,0.3,100,0.01
10-day MA prediction after 5 days:,7.16948,,,,
Standard Deviation:,0,,,,
,,,,,
BYND_10_day_MA_20240510.csv,120,0.3,0.3,100,0.1
10-day MA prediction after 5 days:,7.515984,,,,
Standard Deviation:,0,,,,
,,,,,
BYND_10_day_MA_20240510.csv,120,0.3,0.3,150,0.001
10-day MA prediction after 5 days:,7.249592,,,,
Standard Deviation:,0,,,,
,,,,,
BYND_10_day_MA_20240510.csv,120,0.3,0.3,150,0.01
10-day MA prediction after 5 days:,7.178355,,,,
Standard Deviation:,0,,,,
,,,,,
BYND_10_day_MA_20240510.csv,120,0.3,0.3,150,0.1
10-day MA prediction after 5 days:,8.093696,,,,
Standard Deviation:,0,,,,
,,,,,
BYND_10_day_MA_20240510.csv,120,0.3,0.3,200,0.001
10-day MA prediction after 5 days:,7.3162684,,,,
Standard Deviation:,0,,,,
,,,,,
BYND_10_day_MA_20240510.csv,120,0.3,0.3,200,0.01
10-day MA prediction after 5 days:,7.7886515,,,,
Standard Deviation:,0,,,,
,,,,,
BYND_10_day_MA_20240510.csv,120,0.3,0.3,200,0.1
10-day MA prediction after 5 days:,7.2519145,,,,
Standard Deviation:,0,,,,
,,,,,
BYND_10_day_MA_20240510.csv,120,0.3,0.5,50,0.001
10-day MA prediction after 5 days:,7.2630763,,,,
Standard Deviation:,0,,,,
,,,,,
BYND_10_day_MA_20240510.csv,120,0.3,0.5,50,0.01
10-day MA prediction after 5 days:,7.0129204,,,,
Standard Deviation:,0,,,,
,,,,,
BYND_10_day_MA_20240510.csv,120,0.3,0.5,50,0.1
10-day MA prediction after 5 days:,7.4860463,,,,
Standard Deviation:,0,,,,
,,,,,
BYND_10_day_MA_20240510.csv,120,0.3,0.5,100,0.001
10-day MA prediction after 5 days:,7.267035,,,,
Standard Deviation:,0,,,,
,,,,,
BYND_10_day_MA_20240510.csv,120,0.3,0.5,100,0.01
10-day MA prediction after 5 days:,7.15282,,,,
Standard Deviation:,0,,,,
,,,,,
BYND_10_day_MA_20240510.csv,120,0.3,0.5,100,0.1
10-day MA prediction after 5 days:,7.667642,,,,
Standard Deviation:,0,,,,
,,,,,
BYND_10_day_MA_20240510.csv,120,0.3,0.5,150,0.001
10-day MA prediction after 5 days:,7.206774,,,,
Standard Deviation:,0,,,,
,,,,,
BYND_10_day_MA_20240510.csv,120,0.3,0.5,150,0.01
10-day MA prediction after 5 days:,7.14384,,,,
Standard Deviation:,0,,,,
,,,,,
BYND_10_day_MA_20240510.csv,120,0.3,0.5,150,0.1
10-day MA prediction after 5 days:,7.6422887,,,,
Standard Deviation:,0,,,,
,,,,,
BYND_10_day_MA_20240510.csv,120,0.3,0.5,200,0.001
10-day MA prediction after 5 days:,7.277652,,,,
Standard Deviation:,0,,,,
,,,,,
BYND_10_day_MA_20240510.csv,120,0.3,0.5,200,0.01
10-day MA prediction after 5 days:,7.667627,,,,
Standard Deviation:,0,,,,
,,,,,
BYND_10_day_MA_20240510.csv,120,0.3,0.5,200,0.1
10-day MA prediction after 5 days:,7.726271,,,,
Standard Deviation:,0,,,,
,,,,,
BYND_10_day_MA_20240510.csv,200,0.1,0.1,50,0.001
10-day MA prediction after 5 days:,6.619984,,,,
Standard Deviation:,0,,,,
,,,,,
BYND_10_day_MA_20240510.csv,200,0.1,0.1,50,0.01
10-day MA prediction after 5 days:,6.974165,,,,
Standard Deviation:,0,,,,
,,,,,
BYND_10_day_MA_20240510.csv,200,0.1,0.1,50,0.1
10-day MA prediction after 5 days:,7.0699787,,,,
Standard Deviation:,0,,,,
,,,,,
BYND_10_day_MA_20240510.csv,200,0.1,0.1,100,0.001
10-day MA prediction after 5 days:,6.5495286,,,,
Standard Deviation:,0,,,,
,,,,,
BYND_10_day_MA_20240510.csv,200,0.1,0.1,100,0.01
10-day MA prediction after 5 days:,6.798491,,,,
Standard Deviation:,0,,,,
,,,,,
BYND_10_day_MA_20240510.csv,200,0.1,0.1,100,0.1
10-day MA prediction after 5 days:,6.9769087,,,,
Standard Deviation:,0,,,,
,,,,,
BYND_10_day_MA_20240510.csv,200,0.1,0.1,150,0.001
10-day MA prediction after 5 days:,6.533274,,,,
Standard Deviation:,0,,,,
,,,,,
BYND_10_day_MA_20240510.csv,200,0.1,0.1,150,0.01
10-day MA prediction after 5 days:,6.7982354,,,,
Standard Deviation:,0,,,,
,,,,,
BYND_10_day_MA_20240510.csv,200,0.1,0.1,150,0.1
10-day MA prediction after 5 days:,7.233025,,,,
Standard Deviation:,0,,,,
,,,,,
BYND_10_day_MA_20240510.csv,200,0.1,0.1,200,0.001
10-day MA prediction after 5 days:,6.56843,,,,
Standard Deviation:,0,,,,
,,,,,
BYND_10_day_MA_20240510.csv,200,0.1,0.1,200,0.01
10-day MA prediction after 5 days:,7.3850193,,,,
Standard Deviation:,0,,,,
,,,,,
BYND_10_day_MA_20240510.csv,200,0.1,0.1,200,0.1
10-day MA prediction after 5 days:,nan,,,,
Standard Deviation:,nan,,,,
,,,,,
BYND_10_day_MA_20240510.csv,200,0.1,0.2,50,0.001
10-day MA prediction after 5 days:,6.6374116,,,,
Standard Deviation:,0,,,,
,,,,,
BYND_10_day_MA_20240510.csv,200,0.1,0.2,50,0.01
10-day MA prediction after 5 days:,6.8945456,,,,
Standard Deviation:,0,,,,
,,,,,
BYND_10_day_MA_20240510.csv,200,0.1,0.2,50,0.1
10-day MA prediction after 5 days:,7.214538,,,,
Standard Deviation:,0,,,,
,,,,,
BYND_10_day_MA_20240510.csv,200,0.1,0.2,100,0.001
10-day MA prediction after 5 days:,6.5339293,,,,
Standard Deviation:,0,,,,
,,,,,
BYND_10_day_MA_20240510.csv,200,0.1,0.2,100,0.01
10-day MA prediction after 5 days:,6.857063,,,,
Standard Deviation:,0,,,,
,,,,,
BYND_10_day_MA_20240510.csv,200,0.1,0.2,100,0.1
10-day MA prediction after 5 days:,7.6194644,,,,
Standard Deviation:,0,,,,
,,,,,
BYND_10_day_MA_20240510.csv,200,0.1,0.2,150,0.001
10-day MA prediction after 5 days:,6.5422173,,,,
Standard Deviation:,0,,,,
,,,,,
BYND_10_day_MA_20240510.csv,200,0.1,0.2,150,0.01
10-day MA prediction after 5 days:,7.876911,,,,
Standard Deviation:,0,,,,
,,,,,
BYND_10_day_MA_20240510.csv,200,0.1,0.2,150,0.1
10-day MA prediction after 5 days:,5.211469,,,,
Standard Deviation:,0,,,,
,,,,,
BYND_10_day_MA_20240510.csv,200,0.1,0.2,200,0.001
10-day MA prediction after 5 days:,6.560447,,,,
Standard Deviation:,0,,,,
,,,,,
BYND_10_day_MA_20240510.csv,200,0.1,0.2,200,0.01
10-day MA prediction after 5 days:,7.205113,,,,
Standard Deviation:,0,,,,
,,,,,
BYND_10_day_MA_20240510.csv,200,0.1,0.2,200,0.1
10-day MA prediction after 5 days:,9.208096,,,,
Standard Deviation:,0,,,,
,,,,,
BYND_10_day_MA_20240510.csv,200,0.1,0.3,50,0.001
10-day MA prediction after 5 days:,6.7468524,,,,
Standard Deviation:,0,,,,
,,,,,
BYND_10_day_MA_20240510.csv,200,0.1,0.3,50,0.01
10-day MA prediction after 5 days:,6.719071,,,,
Standard Deviation:,0,,,,
,,,,,
BYND_10_day_MA_20240510.csv,200,0.1,0.3,50,0.1
10-day MA prediction after 5 days:,7.305655,,,,
Standard Deviation:,0,,,,
,,,,,
BYND_10_day_MA_20240510.csv,200,0.1,0.3,100,0.001
10-day MA prediction after 5 days:,6.546399,,,,
Standard Deviation:,0,,,,
,,,,,
BYND_10_day_MA_20240510.csv,200,0.1,0.3,100,0.01
10-day MA prediction after 5 days:,6.911513,,,,
Standard Deviation:,0,,,,
,,,,,
BYND_10_day_MA_20240510.csv,200,0.1,0.3,100,0.1
10-day MA prediction after 5 days:,5.837934,,,,
Standard Deviation:,0,,,,
,,,,,
BYND_10_day_MA_20240510.csv,200,0.1,0.3,150,0.001
10-day MA prediction after 5 days:,6.596578,,,,
Standard Deviation:,0,,,,
,,,,,
BYND_10_day_MA_20240510.csv,200,0.1,0.3,150,0.01
10-day MA prediction after 5 days:,6.83811,,,,
Standard Deviation:,0,,,,
,,,,,
BYND_10_day_MA_20240510.csv,200,0.1,0.3,150,0.1
10-day MA prediction after 5 days:,9.879831,,,,
Standard Deviation:,0,,,,
,,,,,
BYND_10_day_MA_20240510.csv,200,0.1,0.3,200,0.001
10-day MA prediction after 5 days:,6.5856147,,,,
Standard Deviation:,0,,,,
,,,,,
BYND_10_day_MA_20240510.csv,200,0.1,0.3,200,0.01
10-day MA prediction after 5 days:,7.382685,,,,
Standard Deviation:,0,,,,
,,,,,
BYND_10_day_MA_20240510.csv,200,0.1,0.3,200,0.1
10-day MA prediction after 5 days:,6.879209,,,,
Standard Deviation:,0,,,,
,,,,,
BYND_10_day_MA_20240510.csv,200,0.1,0.5,50,0.001
10-day MA prediction after 5 days:,6.9246755,,,,
Standard Deviation:,0,,,,
,,,,,
BYND_10_day_MA_20240510.csv,200,0.1,0.5,50,0.01
10-day MA prediction after 5 days:,6.9030733,,,,
Standard Deviation:,0,,,,
,,,,,
BYND_10_day_MA_20240510.csv,200,0.1,0.5,50,0.1
10-day MA prediction after 5 days:,6.7525315,,,,
Standard Deviation:,0,,,,
,,,,,
BYND_10_day_MA_20240510.csv,200,0.1,0.5,100,0.001
10-day MA prediction after 5 days:,6.599594,,,,
Standard Deviation:,0,,,,
,,,,,
BYND_10_day_MA_20240510.csv,200,0.1,0.5,100,0.01
10-day MA prediction after 5 days:,6.8479075,,,,
Standard Deviation:,0,,,,
,,,,,
BYND_10_day_MA_20240510.csv,200,0.1,0.5,100,0.1
10-day MA prediction after 5 days:,7.470711,,,,
Standard Deviation:,0,,,,
,,,,,
BYND_10_day_MA_20240510.csv,200,0.1,0.5,150,0.001
10-day MA prediction after 5 days:,6.5072,,,,
Standard Deviation:,0,,,,
,,,,,
BYND_10_day_MA_20240510.csv,200,0.1,0.5,150,0.01
10-day MA prediction after 5 days:,7.353731,,,,
Standard Deviation:,0,,,,
,,,,,
BYND_10_day_MA_20240510.csv,200,0.1,0.5,150,0.1
10-day MA prediction after 5 days:,5.4659796,,,,
Standard Deviation:,0,,,,
,,,,,
BYND_10_day_MA_20240510.csv,200,0.1,0.5,200,0.001
10-day MA prediction after 5 days:,6.6166725,,,,
Standard Deviation:,0,,,,
,,,,,
BYND_10_day_MA_20240510.csv,200,0.1,0.5,200,0.01
10-day MA prediction after 5 days:,8.048034,,,,
Standard Deviation:,0,,,,
,,,,,
BYND_10_day_MA_20240510.csv,200,0.1,0.5,200,0.1
10-day MA prediction after 5 days:,nan,,,,
Standard Deviation:,nan,,,,
,,,,,
BYND_10_day_MA_20240510.csv,200,0.2,0.1,50,0.001
10-day MA prediction after 5 days:,6.820696,,,,
Standard Deviation:,0,,,,
,,,,,
BYND_10_day_MA_20240510.csv,200,0.2,0.1,50,0.01
10-day MA prediction after 5 days:,6.887244,,,,
Standard Deviation:,0,,,,
,,,,,
BYND_10_day_MA_20240510.csv,200,0.2,0.1,50,0.1
10-day MA prediction after 5 days:,3.6558208,,,,
Standard Deviation:,0,,,,
,,,,,
BYND_10_day_MA_20240510.csv,200,0.2,0.1,100,0.001
10-day MA prediction after 5 days:,6.657751,,,,
Standard Deviation:,0,,,,
,,,,,
BYND_10_day_MA_20240510.csv,200,0.2,0.1,100,0.01
10-day MA prediction after 5 days:,7.1056256,,,,
Standard Deviation:,0,,,,
,,,,,
BYND_10_day_MA_20240510.csv,200,0.2,0.1,100,0.1
10-day MA prediction after 5 days:,7.9339023,,,,
Standard Deviation:,0,,,,
,,,,,
BYND_10_day_MA_20240510.csv,200,0.2,0.1,150,0.001
10-day MA prediction after 5 days:,6.614386,,,,
Standard Deviation:,0,,,,
,,,,,
BYND_10_day_MA_20240510.csv,200,0.2,0.1,150,0.01
10-day MA prediction after 5 days:,7.1520762,,,,
Standard Deviation:,0,,,,
,,,,,
BYND_10_day_MA_20240510.csv,200,0.2,0.1,150,0.1
10-day MA prediction after 5 days:,9.414167,,,,
Standard Deviation:,0,,,,
,,,,,
BYND_10_day_MA_20240510.csv,200,0.2,0.1,200,0.001
10-day MA prediction after 5 days:,6.609835,,,,
Standard Deviation:,0,,,,
,,,,,
BYND_10_day_MA_20240510.csv,200,0.2,0.1,200,0.01
10-day MA prediction after 5 days:,7.579255,,,,
Standard Deviation:,0,,,,
,,,,,
BYND_10_day_MA_20240510.csv,200,0.2,0.1,200,0.1
10-day MA prediction after 5 days:,nan,,,,
Standard Deviation:,nan,,,,
,,,,,
BYND_10_day_MA_20240510.csv,200,0.2,0.2,50,0.001
10-day MA prediction after 5 days:,6.872631,,,,
Standard Deviation:,0,,,,
,,,,,
BYND_10_day_MA_20240510.csv,200,0.2,0.2,50,0.01
10-day MA prediction after 5 days:,7.026043,,,,
Standard Deviation:,0,,,,
,,,,,
BYND_10_day_MA_20240510.csv,200,0.2,0.2,50,0.1
10-day MA prediction after 5 days:,7.2878966,,,,
Standard Deviation:,0,,,,
,,,,,
BYND_10_day_MA_20240510.csv,200,0.2,0.2,100,0.001
10-day MA prediction after 5 days:,6.6783924,,,,
Standard Deviation:,0,,,,
,,,,,
BYND_10_day_MA_20240510.csv,200,0.2,0.2,100,0.01
10-day MA prediction after 5 days:,7.079693,,,,
Standard Deviation:,0,,,,
,,,,,
BYND_10_day_MA_20240510.csv,200,0.2,0.2,100,0.1
10-day MA prediction after 5 days:,5.6776524,,,,
Standard Deviation:,0,,,,
,,,,,
BYND_10_day_MA_20240510.csv,200,0.2,0.2,150,0.001
10-day MA prediction after 5 days:,6.6623907,,,,
Standard Deviation:,0,,,,
,,,,,
BYND_10_day_MA_20240510.csv,200,0.2,0.2,150,0.01
10-day MA prediction after 5 days:,7.0638113,,,,
Standard Deviation:,0,,,,
,,,,,
BYND_10_day_MA_20240510.csv,200,0.2,0.2,150,0.1
10-day MA prediction after 5 days:,5.903064,,,,
Standard Deviation:,0,,,,
,,,,,
BYND_10_day_MA_20240510.csv,200,0.2,0.2,200,0.001
10-day MA prediction after 5 days:,6.598322,,,,
Standard Deviation:,0,,,,
,,,,,
BYND_10_day_MA_20240510.csv,200,0.2,0.2,200,0.01
10-day MA prediction after 5 days:,6.908453,,,,
Standard Deviation:,0,,,,
,,,,,
BYND_10_day_MA_20240510.csv,200,0.2,0.2,200,0.1
10-day MA prediction after 5 days:,7.784758,,,,
Standard Deviation:,0,,,,
,,,,,
BYND_10_day_MA_20240510.csv,200,0.2,0.3,50,0.001
10-day MA prediction after 5 days:,6.8646083,,,,
Standard Deviation:,0,,,,
,,,,,
BYND_10_day_MA_20240510.csv,200,0.2,0.3,50,0.01
10-day MA prediction after 5 days:,7.0002594,,,,
Standard Deviation:,0,,,,
,,,,,
BYND_10_day_MA_20240510.csv,200,0.2,0.3,50,0.1
10-day MA prediction after 5 days:,7.4704,,,,
Standard Deviation:,0,,,,
,,,,,
BYND_10_day_MA_20240510.csv,200,0.2,0.3,100,0.001
10-day MA prediction after 5 days:,6.709673,,,,
Standard Deviation:,0,,,,
,,,,,
BYND_10_day_MA_20240510.csv,200,0.2,0.3,100,0.01
10-day MA prediction after 5 days:,7.0993986,,,,
Standard Deviation:,0,,,,
,,,,,
BYND_10_day_MA_20240510.csv,200,0.2,0.3,100,0.1
10-day MA prediction after 5 days:,6.6622863,,,,
Standard Deviation:,0,,,,
,,,,,
BYND_10_day_MA_20240510.csv,200,0.2,0.3,150,0.001
10-day MA prediction after 5 days:,6.645531,,,,
Standard Deviation:,0,,,,
,,,,,
BYND_10_day_MA_20240510.csv,200,0.2,0.3,150,0.01
10-day MA prediction after 5 days:,7.09821,,,,
Standard Deviation:,0,,,,
,,,,,
BYND_10_day_MA_20240510.csv,200,0.2,0.3,150,0.1
10-day MA prediction after 5 days:,nan,,,,
Standard Deviation:,nan,,,,
,,,,,
BYND_10_day_MA_20240510.csv,200,0.2,0.3,200,0.001
10-day MA prediction after 5 days:,6.6425786,,,,
Standard Deviation:,0,,,,
,,,,,
BYND_10_day_MA_20240510.csv,200,0.2,0.3,200,0.01
10-day MA prediction after 5 days:,6.8261523,,,,
Standard Deviation:,0,,,,
,,,,,
BYND_10_day_MA_20240510.csv,200,0.2,0.3,200,0.1
10-day MA prediction after 5 days:,4.2729406,,,,
Standard Deviation:,0,,,,
,,,,,
BYND_10_day_MA_20240510.csv,200,0.2,0.5,50,0.001
10-day MA prediction after 5 days:,6.8983493,,,,
Standard Deviation:,0,,,,
,,,,,
BYND_10_day_MA_20240510.csv,200,0.2,0.5,50,0.01
10-day MA prediction after 5 days:,7.0349045,,,,
Standard Deviation:,0,,,,
,,,,,
BYND_10_day_MA_20240510.csv,200,0.2,0.5,50,0.1
10-day MA prediction after 5 days:,7.634014,,,,
Standard Deviation:,0,,,,
,,,,,
BYND_10_day_MA_20240510.csv,200,0.2,0.5,100,0.001
10-day MA prediction after 5 days:,6.705846,,,,
Standard Deviation:,0,,,,
,,,,,
BYND_10_day_MA_20240510.csv,200,0.2,0.5,100,0.01
10-day MA prediction after 5 days:,7.0876827,,,,
Standard Deviation:,0,,,,
,,,,,
BYND_10_day_MA_20240510.csv,200,0.2,0.5,100,0.1
10-day MA prediction after 5 days:,7.6119466,,,,
Standard Deviation:,0,,,,
,,,,,
BYND_10_day_MA_20240510.csv,200,0.2,0.5,150,0.001
10-day MA prediction after 5 days:,6.7069283,,,,
Standard Deviation:,0,,,,
,,,,,
BYND_10_day_MA_20240510.csv,200,0.2,0.5,150,0.01
10-day MA prediction after 5 days:,7.102345,,,,
Standard Deviation:,0,,,,
,,,,,
BYND_10_day_MA_20240510.csv,200,0.2,0.5,150,0.1
10-day MA prediction after 5 days:,4.703466,,,,
Standard Deviation:,0,,,,
,,,,,
BYND_10_day_MA_20240510.csv,200,0.2,0.5,200,0.001
10-day MA prediction after 5 days:,6.6108737,,,,
Standard Deviation:,0,,,,
,,,,,
BYND_10_day_MA_20240510.csv,200,0.2,0.5,200,0.01
10-day MA prediction after 5 days:,5.993258,,,,
Standard Deviation:,0,,,,
,,,,,
BYND_10_day_MA_20240510.csv,200,0.2,0.5,200,0.1
10-day MA prediction after 5 days:,nan,,,,
Standard Deviation:,nan,,,,
,,,,,
BYND_10_day_MA_20240510.csv,200,0.3,0.1,50,0.001
10-day MA prediction after 5 days:,6.8131,,,,
Standard Deviation:,0,,,,
,,,,,
BYND_10_day_MA_20240510.csv,200,0.3,0.1,50,0.01
10-day MA prediction after 5 days:,6.905568,,,,
Standard Deviation:,0,,,,
,,,,,
BYND_10_day_MA_20240510.csv,200,0.3,0.1,50,0.1
10-day MA prediction after 5 days:,8.046983,,,,
Standard Deviation:,0,,,,
,,,,,
BYND_10_day_MA_20240510.csv,200,0.3,0.1,100,0.001
10-day MA prediction after 5 days:,6.7471304,,,,
Standard Deviation:,0,,,,
,,,,,
BYND_10_day_MA_20240510.csv,200,0.3,0.1,100,0.01
10-day MA prediction after 5 days:,7.107019,,,,
Standard Deviation:,0,,,,
,,,,,
BYND_10_day_MA_20240510.csv,200,0.3,0.1,100,0.1
10-day MA prediction after 5 days:,7.1372805,,,,
Standard Deviation:,0,,,,
,,,,,
BYND_10_day_MA_20240510.csv,200,0.3,0.1,150,0.001
10-day MA prediction after 5 days:,6.694064,,,,
Standard Deviation:,0,,,,
,,,,,
BYND_10_day_MA_20240510.csv,200,0.3,0.1,150,0.01
10-day MA prediction after 5 days:,7.1474204,,,,
Standard Deviation:,0,,,,
,,,,,
BYND_10_day_MA_20240510.csv,200,0.3,0.1,150,0.1
10-day MA prediction after 5 days:,nan,,,,
Standard Deviation:,nan,,,,
,,,,,
BYND_10_day_MA_20240510.csv,200,0.3,0.1,200,0.001
10-day MA prediction after 5 days:,6.6738954,,,,
Standard Deviation:,0,,,,
,,,,,
BYND_10_day_MA_20240510.csv,200,0.3,0.1,200,0.01
10-day MA prediction after 5 days:,7.808361,,,,
Standard Deviation:,0,,,,
,,,,,
BYND_10_day_MA_20240510.csv,200,0.3,0.1,200,0.1
10-day MA prediction after 5 days:,nan,,,,
Standard Deviation:,nan,,,,
,,,,,
BYND_10_day_MA_20240510.csv,200,0.3,0.2,50,0.001
10-day MA prediction after 5 days:,6.8701353,,,,
Standard Deviation:,0,,,,
,,,,,
BYND_10_day_MA_20240510.csv,200,0.3,0.2,50,0.01
10-day MA prediction after 5 days:,6.7040257,,,,
Standard Deviation:,0,,,,
,,,,,
BYND_10_day_MA_20240510.csv,200,0.3,0.2,50,0.1
10-day MA prediction after 5 days:,8.12625,,,,
Standard Deviation:,0,,,,
,,,,,
BYND_10_day_MA_20240510.csv,200,0.3,0.2,100,0.001
10-day MA prediction after 5 days:,6.76067,,,,
Standard Deviation:,0,,,,
,,,,,
BYND_10_day_MA_20240510.csv,200,0.3,0.2,100,0.01
10-day MA prediction after 5 days:,7.0898385,,,,
Standard Deviation:,0,,,,
,,,,,
BYND_10_day_MA_20240510.csv,200,0.3,0.2,100,0.1
10-day MA prediction after 5 days:,7.796495,,,,
Standard Deviation:,0,,,,
,,,,,
BYND_10_day_MA_20240510.csv,200,0.3,0.2,150,0.001
10-day MA prediction after 5 days:,6.6891904,,,,
Standard Deviation:,0,,,,
,,,,,
BYND_10_day_MA_20240510.csv,200,0.3,0.2,150,0.01
10-day MA prediction after 5 days:,7.1153536,,,,
Standard Deviation:,0,,,,
,,,,,
BYND_10_day_MA_20240510.csv,200,0.3,0.2,150,0.1
10-day MA prediction after 5 days:,4.900087,,,,
Standard Deviation:,0,,,,
,,,,,
BYND_10_day_MA_20240510.csv,200,0.3,0.2,200,0.001
10-day MA prediction after 5 days:,6.693678,,,,
Standard Deviation:,0,,,,
,,,,,
BYND_10_day_MA_20240510.csv,200,0.3,0.2,200,0.01
10-day MA prediction after 5 days:,7.2412148,,,,
Standard Deviation:,0,,,,
,,,,,
BYND_10_day_MA_20240510.csv,200,0.3,0.2,200,0.1
10-day MA prediction after 5 days:,nan,,,,
Standard Deviation:,nan,,,,
,,,,,
BYND_10_day_MA_20240510.csv,200,0.3,0.3,50,0.001
10-day MA prediction after 5 days:,6.877587,,,,
Standard Deviation:,0,,,,
,,,,,
BYND_10_day_MA_20240510.csv,200,0.3,0.3,50,0.01
10-day MA prediction after 5 days:,6.7632117,,,,
Standard Deviation:,0,,,,
,,,,,
BYND_10_day_MA_20240510.csv,200,0.3,0.3,50,0.1
10-day MA prediction after 5 days:,7.788701,,,,
Standard Deviation:,0,,,,
,,,,,
BYND_10_day_MA_20240510.csv,200,0.3,0.3,100,0.001
10-day MA prediction after 5 days:,6.7050066,,,,
Standard Deviation:,0,,,,
,,,,,
BYND_10_day_MA_20240510.csv,200,0.3,0.3,100,0.01
10-day MA prediction after 5 days:,7.0587397,,,,
Standard Deviation:,0,,,,
,,,,,
BYND_10_day_MA_20240510.csv,200,0.3,0.3,100,0.1
10-day MA prediction after 5 days:,7.671721,,,,
Standard Deviation:,0,,,,
,,,,,
BYND_10_day_MA_20240510.csv,200,0.3,0.3,150,0.001
10-day MA prediction after 5 days:,6.653513,,,,
Standard Deviation:,0,,,,
,,,,,
BYND_10_day_MA_20240510.csv,200,0.3,0.3,150,0.01
10-day MA prediction after 5 days:,7.0601745,,,,
Standard Deviation:,0,,,,
,,,,,
BYND_10_day_MA_20240510.csv,200,0.3,0.3,150,0.1
10-day MA prediction after 5 days:,nan,,,,
Standard Deviation:,nan,,,,
,,,,,
BYND_10_day_MA_20240510.csv,200,0.3,0.3,200,0.001
10-day MA prediction after 5 days:,6.6204147,,,,
Standard Deviation:,0,,,,
,,,,,
BYND_10_day_MA_20240510.csv,200,0.3,0.3,200,0.01
10-day MA prediction after 5 days:,7.1016254,,,,
Standard Deviation:,0,,,,
,,,,,
BYND_10_day_MA_20240510.csv,200,0.3,0.3,200,0.1
10-day MA prediction after 5 days:,5.622787,,,,
Standard Deviation:,0,,,,
,,,,,
BYND_10_day_MA_20240510.csv,200,0.3,0.5,50,0.001
10-day MA prediction after 5 days:,6.912802,,,,
Standard Deviation:,0,,,,
,,,,,
BYND_10_day_MA_20240510.csv,200,0.3,0.5,50,0.01
10-day MA prediction after 5 days:,7.0537243,,,,
Standard Deviation:,0,,,,
,,,,,
BYND_10_day_MA_20240510.csv,200,0.3,0.5,50,0.1
10-day MA prediction after 5 days:,6.869335,,,,
Standard Deviation:,0,,,,
,,,,,
BYND_10_day_MA_20240510.csv,200,0.3,0.5,100,0.001
10-day MA prediction after 5 days:,6.694187,,,,
Standard Deviation:,0,,,,
,,,,,
BYND_10_day_MA_20240510.csv,200,0.3,0.5,100,0.01
10-day MA prediction after 5 days:,7.068175,,,,
Standard Deviation:,0,,,,
,,,,,
BYND_10_day_MA_20240510.csv,200,0.3,0.5,100,0.1
10-day MA prediction after 5 days:,8.477831,,,,
Standard Deviation:,0,,,,
,,,,,
BYND_10_day_MA_20240510.csv,200,0.3,0.5,150,0.001
10-day MA prediction after 5 days:,6.666081,,,,
Standard Deviation:,0,,,,
,,,,,
BYND_10_day_MA_20240510.csv,200,0.3,0.5,150,0.01
10-day MA prediction after 5 days:,7.0551414,,,,
Standard Deviation:,0,,,,
,,,,,
BYND_10_day_MA_20240510.csv,200,0.3,0.5,150,0.1
10-day MA prediction after 5 days:,6.633348,,,,
Standard Deviation:,0,,,,
,,,,,
BYND_10_day_MA_20240510.csv,200,0.3,0.5,200,0.001
10-day MA prediction after 5 days:,6.6592035,,,,
Standard Deviation:,0,,,,
,,,,,
BYND_10_day_MA_20240510.csv,200,0.3,0.5,200,0.01
10-day MA prediction after 5 days:,7.4838395,,,,
Standard Deviation:,0,,,,
,,,,,
BYND_10_day_MA_20240510.csv,200,0.3,0.5,200,0.1
10-day MA prediction after 5 days:,2.5087233,,,,
Standard Deviation:,0,,,,