KO_10_day_MA_20240329.csv,30,0.1,0.1,50,0.001
10-day MA prediction after 5 days:,59.6601,,,,
Standard Deviation:,0,,,,
,,,,,
KO_10_day_MA_20240329.csv,30,0.1,0.1,50,0.01
10-day MA prediction after 5 days:,60.209553,,,,
Standard Deviation:,0,,,,
,,,,,
KO_10_day_MA_20240329.csv,30,0.1,0.1,50,0.1
10-day MA prediction after 5 days:,59.149532,,,,
Standard Deviation:,0,,,,
,,,,,
KO_10_day_MA_20240329.csv,30,0.1,0.1,100,0.001
10-day MA prediction after 5 days:,59.689762,,,,
Standard Deviation:,0,,,,
,,,,,
KO_10_day_MA_20240329.csv,30,0.1,0.1,100,0.01
10-day MA prediction after 5 days:,59.721107,,,,
Standard Deviation:,0,,,,
,,,,,
KO_10_day_MA_20240329.csv,30,0.1,0.1,100,0.1
10-day MA prediction after 5 days:,59.155888,,,,
Standard Deviation:,0,,,,
,,,,,
KO_10_day_MA_20240329.csv,30,0.1,0.1,150,0.001
10-day MA prediction after 5 days:,59.69804,,,,
Standard Deviation:,0,,,,
,,,,,
KO_10_day_MA_20240329.csv,30,0.1,0.1,150,0.01
10-day MA prediction after 5 days:,59.70605,,,,
Standard Deviation:,0,,,,
,,,,,
KO_10_day_MA_20240329.csv,30,0.1,0.1,150,0.1
10-day MA prediction after 5 days:,59.34912,,,,
Standard Deviation:,0,,,,
,,,,,
KO_10_day_MA_20240329.csv,30,0.1,0.1,200,0.001
10-day MA prediction after 5 days:,59.71186,,,,
Standard Deviation:,0,,,,
,,,,,
KO_10_day_MA_20240329.csv,30,0.1,0.1,200,0.01
10-day MA prediction after 5 days:,59.606766,,,,
Standard Deviation:,0,,,,
,,,,,
KO_10_day_MA_20240329.csv,30,0.1,0.1,200,0.1
10-day MA prediction after 5 days:,59.196106,,,,
Standard Deviation:,0,,,,
,,,,,
KO_10_day_MA_20240329.csv,30,0.1,0.2,50,0.001
10-day MA prediction after 5 days:,59.636494,,,,
Standard Deviation:,0,,,,
,,,,,
KO_10_day_MA_20240329.csv,30,0.1,0.2,50,0.01
10-day MA prediction after 5 days:,59.909416,,,,
Standard Deviation:,0,,,,
,,,,,
KO_10_day_MA_20240329.csv,30,0.1,0.2,50,0.1
10-day MA prediction after 5 days:,59.03544,,,,
Standard Deviation:,0,,,,
,,,,,
KO_10_day_MA_20240329.csv,30,0.1,0.2,100,0.001
10-day MA prediction after 5 days:,59.68736,,,,
Standard Deviation:,0,,,,
,,,,,
KO_10_day_MA_20240329.csv,30,0.1,0.2,100,0.01
10-day MA prediction after 5 days:,59.807434,,,,
Standard Deviation:,0,,,,
,,,,,
KO_10_day_MA_20240329.csv,30,0.1,0.2,100,0.1
10-day MA prediction after 5 days:,59.004574,,,,
Standard Deviation:,0,,,,
,,,,,
KO_10_day_MA_20240329.csv,30,0.1,0.2,150,0.001
10-day MA prediction after 5 days:,59.703484,,,,
Standard Deviation:,0,,,,
,,,,,
KO_10_day_MA_20240329.csv,30,0.1,0.2,150,0.01
10-day MA prediction after 5 days:,59.704845,,,,
Standard Deviation:,0,,,,
,,,,,
KO_10_day_MA_20240329.csv,30,0.1,0.2,150,0.1
10-day MA prediction after 5 days:,59.176468,,,,
Standard Deviation:,0,,,,
,,,,,
KO_10_day_MA_20240329.csv,30,0.1,0.2,200,0.001
10-day MA prediction after 5 days:,59.70283,,,,
Standard Deviation:,0,,,,
,,,,,
KO_10_day_MA_20240329.csv,30,0.1,0.2,200,0.01
10-day MA prediction after 5 days:,59.70295,,,,
Standard Deviation:,0,,,,
,,,,,
KO_10_day_MA_20240329.csv,30,0.1,0.2,200,0.1
10-day MA prediction after 5 days:,59.047306,,,,
Standard Deviation:,0,,,,
,,,,,
KO_10_day_MA_20240329.csv,30,0.1,0.3,50,0.001
10-day MA prediction after 5 days:,59.627975,,,,
Standard Deviation:,0,,,,
,,,,,
KO_10_day_MA_20240329.csv,30,0.1,0.3,50,0.01
10-day MA prediction after 5 days:,59.680885,,,,
Standard Deviation:,0,,,,
,,,,,
KO_10_day_MA_20240329.csv,30,0.1,0.3,50,0.1
10-day MA prediction after 5 days:,58.99932,,,,
Standard Deviation:,0,,,,
,,,,,
KO_10_day_MA_20240329.csv,30,0.1,0.3,100,0.001
10-day MA prediction after 5 days:,59.688835,,,,
Standard Deviation:,0,,,,
,,,,,
KO_10_day_MA_20240329.csv,30,0.1,0.3,100,0.01
10-day MA prediction after 5 days:,59.753727,,,,
Standard Deviation:,0,,,,
,,,,,
KO_10_day_MA_20240329.csv,30,0.1,0.3,100,0.1
10-day MA prediction after 5 days:,58.95867,,,,
Standard Deviation:,0,,,,
,,,,,
KO_10_day_MA_20240329.csv,30,0.1,0.3,150,0.001
10-day MA prediction after 5 days:,59.686726,,,,
Standard Deviation:,0,,,,
,,,,,
KO_10_day_MA_20240329.csv,30,0.1,0.3,150,0.01
10-day MA prediction after 5 days:,59.681343,,,,
Standard Deviation:,0,,,,
,,,,,
KO_10_day_MA_20240329.csv,30,0.1,0.3,150,0.1
10-day MA prediction after 5 days:,59.070183,,,,
Standard Deviation:,0,,,,
,,,,,
KO_10_day_MA_20240329.csv,30,0.1,0.3,200,0.001
10-day MA prediction after 5 days:,59.686832,,,,
Standard Deviation:,0,,,,
,,,,,
KO_10_day_MA_20240329.csv,30,0.1,0.3,200,0.01
10-day MA prediction after 5 days:,59.709526,,,,
Standard Deviation:,0,,,,
,,,,,
KO_10_day_MA_20240329.csv,30,0.1,0.3,200,0.1
10-day MA prediction after 5 days:,59.07851,,,,
Standard Deviation:,0,,,,
,,,,,
KO_10_day_MA_20240329.csv,30,0.1,0.5,50,0.001
10-day MA prediction after 5 days:,59.592937,,,,
Standard Deviation:,0,,,,
,,,,,
KO_10_day_MA_20240329.csv,30,0.1,0.5,50,0.01
10-day MA prediction after 5 days:,59.592495,,,,
Standard Deviation:,0,,,,
,,,,,
KO_10_day_MA_20240329.csv,30,0.1,0.5,50,0.1
10-day MA prediction after 5 days:,59.036655,,,,
Standard Deviation:,0,,,,
,,,,,
KO_10_day_MA_20240329.csv,30,0.1,0.5,100,0.001
10-day MA prediction after 5 days:,59.649277,,,,
Standard Deviation:,0,,,,
,,,,,
KO_10_day_MA_20240329.csv,30,0.1,0.5,100,0.01
10-day MA prediction after 5 days:,59.66452,,,,
Standard Deviation:,0,,,,
,,,,,
KO_10_day_MA_20240329.csv,30,0.1,0.5,100,0.1
10-day MA prediction after 5 days:,58.88847,,,,
Standard Deviation:,0,,,,
,,,,,
KO_10_day_MA_20240329.csv,30,0.1,0.5,150,0.001
10-day MA prediction after 5 days:,59.6779,,,,
Standard Deviation:,0,,,,
,,,,,
KO_10_day_MA_20240329.csv,30,0.1,0.5,150,0.01
10-day MA prediction after 5 days:,59.595234,,,,
Standard Deviation:,0,,,,
,,,,,
KO_10_day_MA_20240329.csv,30,0.1,0.5,150,0.1
10-day MA prediction after 5 days:,58.992218,,,,
Standard Deviation:,0,,,,
,,,,,
KO_10_day_MA_20240329.csv,30,0.1,0.5,200,0.001
10-day MA prediction after 5 days:,59.649437,,,,
Standard Deviation:,0,,,,
,,,,,
KO_10_day_MA_20240329.csv,30,0.1,0.5,200,0.01
10-day MA prediction after 5 days:,59.596878,,,,
Standard Deviation:,0,,,,
,,,,,
KO_10_day_MA_20240329.csv,30,0.1,0.5,200,0.1
10-day MA prediction after 5 days:,59.060364,,,,
Standard Deviation:,0,,,,
,,,,,
KO_10_day_MA_20240329.csv,30,0.2,0.1,50,0.001
10-day MA prediction after 5 days:,59.648876,,,,
Standard Deviation:,0,,,,
,,,,,
KO_10_day_MA_20240329.csv,30,0.2,0.1,50,0.01
10-day MA prediction after 5 days:,60.004982,,,,
Standard Deviation:,0,,,,
,,,,,
KO_10_day_MA_20240329.csv,30,0.2,0.1,50,0.1
10-day MA prediction after 5 days:,59.00857,,,,
Standard Deviation:,0,,,,
,,,,,
KO_10_day_MA_20240329.csv,30,0.2,0.1,100,0.001
10-day MA prediction after 5 days:,59.66466,,,,
Standard Deviation:,0,,,,
,,,,,
KO_10_day_MA_20240329.csv,30,0.2,0.1,100,0.01
10-day MA prediction after 5 days:,59.776123,,,,
Standard Deviation:,0,,,,
,,,,,
KO_10_day_MA_20240329.csv,30,0.2,0.1,100,0.1
10-day MA prediction after 5 days:,59.115772,,,,
Standard Deviation:,0,,,,
,,,,,
KO_10_day_MA_20240329.csv,30,0.2,0.1,150,0.001
10-day MA prediction after 5 days:,59.680576,,,,
Standard Deviation:,0,,,,
,,,,,
KO_10_day_MA_20240329.csv,30,0.2,0.1,150,0.01
10-day MA prediction after 5 days:,59.129528,,,,
Standard Deviation:,0,,,,
,,,,,
KO_10_day_MA_20240329.csv,30,0.2,0.1,150,0.1
10-day MA prediction after 5 days:,59.042522,,,,
Standard Deviation:,0,,,,
,,,,,
KO_10_day_MA_20240329.csv,30,0.2,0.1,200,0.001
10-day MA prediction after 5 days:,59.657143,,,,
Standard Deviation:,0,,,,
,,,,,
KO_10_day_MA_20240329.csv,30,0.2,0.1,200,0.01
10-day MA prediction after 5 days:,59.62665,,,,
Standard Deviation:,0,,,,
,,,,,
KO_10_day_MA_20240329.csv,30,0.2,0.1,200,0.1
10-day MA prediction after 5 days:,59.18807,,,,
Standard Deviation:,0,,,,
,,,,,
KO_10_day_MA_20240329.csv,30,0.2,0.2,50,0.001
10-day MA prediction after 5 days:,59.61193,,,,
Standard Deviation:,0,,,,
,,,,,
KO_10_day_MA_20240329.csv,30,0.2,0.2,50,0.01
10-day MA prediction after 5 days:,59.801376,,,,
Standard Deviation:,0,,,,
,,,,,
KO_10_day_MA_20240329.csv,30,0.2,0.2,50,0.1
10-day MA prediction after 5 days:,58.85286,,,,
Standard Deviation:,0,,,,
,,,,,
KO_10_day_MA_20240329.csv,30,0.2,0.2,100,0.001
10-day MA prediction after 5 days:,59.671146,,,,
Standard Deviation:,0,,,,
,,,,,
KO_10_day_MA_20240329.csv,30,0.2,0.2,100,0.01
10-day MA prediction after 5 days:,59.670155,,,,
Standard Deviation:,0,,,,
,,,,,
KO_10_day_MA_20240329.csv,30,0.2,0.2,100,0.1
10-day MA prediction after 5 days:,59.048565,,,,
Standard Deviation:,0,,,,
,,,,,
KO_10_day_MA_20240329.csv,30,0.2,0.2,150,0.001
10-day MA prediction after 5 days:,59.690186,,,,
Standard Deviation:,0,,,,
,,,,,
KO_10_day_MA_20240329.csv,30,0.2,0.2,150,0.01
10-day MA prediction after 5 days:,59.66944,,,,
Standard Deviation:,0,,,,
,,,,,
KO_10_day_MA_20240329.csv,30,0.2,0.2,150,0.1
10-day MA prediction after 5 days:,58.95571,,,,
Standard Deviation:,0,,,,
,,,,,
KO_10_day_MA_20240329.csv,30,0.2,0.2,200,0.001
10-day MA prediction after 5 days:,59.683865,,,,
Standard Deviation:,0,,,,
,,,,,
KO_10_day_MA_20240329.csv,30,0.2,0.2,200,0.01
10-day MA prediction after 5 days:,59.69903,,,,
Standard Deviation:,0,,,,
,,,,,
KO_10_day_MA_20240329.csv,30,0.2,0.2,200,0.1
10-day MA prediction after 5 days:,59.08627,,,,
Standard Deviation:,0,,,,
,,,,,
KO_10_day_MA_20240329.csv,30,0.2,0.3,50,0.001
10-day MA prediction after 5 days:,59.599537,,,,
Standard Deviation:,0,,,,
,,,,,
KO_10_day_MA_20240329.csv,30,0.2,0.3,50,0.01
10-day MA prediction after 5 days:,59.672012,,,,
Standard Deviation:,0,,,,
,,,,,
KO_10_day_MA_20240329.csv,30,0.2,0.3,50,0.1
10-day MA prediction after 5 days:,59.459705,,,,
Standard Deviation:,0,,,,
,,,,,
KO_10_day_MA_20240329.csv,30,0.2,0.3,100,0.001
10-day MA prediction after 5 days:,59.65255,,,,
Standard Deviation:,0,,,,
,,,,,
KO_10_day_MA_20240329.csv,30,0.2,0.3,100,0.01
10-day MA prediction after 5 days:,59.685715,,,,
Standard Deviation:,0,,,,
,,,,,
KO_10_day_MA_20240329.csv,30,0.2,0.3,100,0.1
10-day MA prediction after 5 days:,58.926384,,,,
Standard Deviation:,0,,,,
,,,,,
KO_10_day_MA_20240329.csv,30,0.2,0.3,150,0.001
10-day MA prediction after 5 days:,59.64471,,,,
Standard Deviation:,0,,,,
,,,,,
KO_10_day_MA_20240329.csv,30,0.2,0.3,150,0.01
10-day MA prediction after 5 days:,59.64759,,,,
Standard Deviation:,0,,,,
,,,,,
KO_10_day_MA_20240329.csv,30,0.2,0.3,150,0.1
10-day MA prediction after 5 days:,59.185017,,,,
Standard Deviation:,0,,,,
,,,,,
KO_10_day_MA_20240329.csv,30,0.2,0.3,200,0.001
10-day MA prediction after 5 days:,59.619034,,,,
Standard Deviation:,0,,,,
,,,,,
KO_10_day_MA_20240329.csv,30,0.2,0.3,200,0.01
10-day MA prediction after 5 days:,59.557903,,,,
Standard Deviation:,0,,,,
,,,,,
KO_10_day_MA_20240329.csv,30,0.2,0.3,200,0.1
10-day MA prediction after 5 days:,58.7962,,,,
Standard Deviation:,0,,,,
,,,,,
KO_10_day_MA_20240329.csv,30,0.2,0.5,50,0.001
10-day MA prediction after 5 days:,59.51579,,,,
Standard Deviation:,0,,,,
,,,,,
KO_10_day_MA_20240329.csv,30,0.2,0.5,50,0.01
10-day MA prediction after 5 days:,59.72114,,,,
Standard Deviation:,0,,,,
,,,,,
KO_10_day_MA_20240329.csv,30,0.2,0.5,50,0.1
10-day MA prediction after 5 days:,58.927807,,,,
Standard Deviation:,0,,,,
,,,,,
KO_10_day_MA_20240329.csv,30,0.2,0.5,100,0.001
10-day MA prediction after 5 days:,59.62589,,,,
Standard Deviation:,0,,,,
,,,,,
KO_10_day_MA_20240329.csv,30,0.2,0.5,100,0.01
10-day MA prediction after 5 days:,59.572987,,,,
Standard Deviation:,0,,,,
,,,,,
KO_10_day_MA_20240329.csv,30,0.2,0.5,100,0.1
10-day MA prediction after 5 days:,58.96583,,,,
Standard Deviation:,0,,,,
,,,,,
KO_10_day_MA_20240329.csv,30,0.2,0.5,150,0.001
10-day MA prediction after 5 days:,59.630535,,,,
Standard Deviation:,0,,,,
,,,,,
KO_10_day_MA_20240329.csv,30,0.2,0.5,150,0.01
10-day MA prediction after 5 days:,59.62324,,,,
Standard Deviation:,0,,,,
,,,,,
KO_10_day_MA_20240329.csv,30,0.2,0.5,150,0.1
10-day MA prediction after 5 days:,59.04147,,,,
Standard Deviation:,0,,,,
,,,,,
KO_10_day_MA_20240329.csv,30,0.2,0.5,200,0.001
10-day MA prediction after 5 days:,59.59541,,,,
Standard Deviation:,0,,,,
,,,,,
KO_10_day_MA_20240329.csv,30,0.2,0.5,200,0.01
10-day MA prediction after 5 days:,59.412167,,,,
Standard Deviation:,0,,,,
,,,,,
KO_10_day_MA_20240329.csv,30,0.2,0.5,200,0.1
10-day MA prediction after 5 days:,58.894493,,,,
Standard Deviation:,0,,,,
,,,,,
KO_10_day_MA_20240329.csv,30,0.3,0.1,50,0.001
10-day MA prediction after 5 days:,59.702457,,,,
Standard Deviation:,0,,,,
,,,,,
KO_10_day_MA_20240329.csv,30,0.3,0.1,50,0.01
10-day MA prediction after 5 days:,59.693806,,,,
Standard Deviation:,0,,,,
,,,,,
KO_10_day_MA_20240329.csv,30,0.3,0.1,50,0.1
10-day MA prediction after 5 days:,59.15389,,,,
Standard Deviation:,0,,,,
,,,,,
KO_10_day_MA_20240329.csv,30,0.3,0.1,100,0.001
10-day MA prediction after 5 days:,59.731514,,,,
Standard Deviation:,0,,,,
,,,,,
KO_10_day_MA_20240329.csv,30,0.3,0.1,100,0.01
10-day MA prediction after 5 days:,59.727867,,,,
Standard Deviation:,0,,,,
,,,,,
KO_10_day_MA_20240329.csv,30,0.3,0.1,100,0.1
10-day MA prediction after 5 days:,59.149193,,,,
Standard Deviation:,0,,,,
,,,,,
KO_10_day_MA_20240329.csv,30,0.3,0.1,150,0.001
10-day MA prediction after 5 days:,59.695965,,,,
Standard Deviation:,0,,,,
,,,,,
KO_10_day_MA_20240329.csv,30,0.3,0.1,150,0.01
10-day MA prediction after 5 days:,59.622723,,,,
Standard Deviation:,0,,,,
,,,,,
KO_10_day_MA_20240329.csv,30,0.3,0.1,150,0.1
10-day MA prediction after 5 days:,59.049904,,,,
Standard Deviation:,0,,,,
,,,,,
KO_10_day_MA_20240329.csv,30,0.3,0.1,200,0.001
10-day MA prediction after 5 days:,59.737797,,,,
Standard Deviation:,0,,,,
,,,,,
KO_10_day_MA_20240329.csv,30,0.3,0.1,200,0.01
10-day MA prediction after 5 days:,59.706917,,,,
Standard Deviation:,0,,,,
,,,,,
KO_10_day_MA_20240329.csv,30,0.3,0.1,200,0.1
10-day MA prediction after 5 days:,59.038113,,,,
Standard Deviation:,0,,,,
,,,,,
KO_10_day_MA_20240329.csv,30,0.3,0.2,50,0.001
10-day MA prediction after 5 days:,59.65812,,,,
Standard Deviation:,0,,,,
,,,,,
KO_10_day_MA_20240329.csv,30,0.3,0.2,50,0.01
10-day MA prediction after 5 days:,59.9615,,,,
Standard Deviation:,0,,,,
,,,,,
KO_10_day_MA_20240329.csv,30,0.3,0.2,50,0.1
10-day MA prediction after 5 days:,58.91254,,,,
Standard Deviation:,0,,,,
,,,,,
KO_10_day_MA_20240329.csv,30,0.3,0.2,100,0.001
10-day MA prediction after 5 days:,59.71787,,,,
Standard Deviation:,0,,,,
,,,,,
KO_10_day_MA_20240329.csv,30,0.3,0.2,100,0.01
10-day MA prediction after 5 days:,59.717224,,,,
Standard Deviation:,0,,,,
,,,,,
KO_10_day_MA_20240329.csv,30,0.3,0.2,100,0.1
10-day MA prediction after 5 days:,58.93402,,,,
Standard Deviation:,0,,,,
,,,,,
KO_10_day_MA_20240329.csv,30,0.3,0.2,150,0.001
10-day MA prediction after 5 days:,59.687355,,,,
Standard Deviation:,0,,,,
,,,,,
KO_10_day_MA_20240329.csv,30,0.3,0.2,150,0.01
10-day MA prediction after 5 days:,59.709328,,,,
Standard Deviation:,0,,,,
,,,,,
KO_10_day_MA_20240329.csv,30,0.3,0.2,150,0.1
10-day MA prediction after 5 days:,58.99459,,,,
Standard Deviation:,0,,,,
,,,,,
KO_10_day_MA_20240329.csv,30,0.3,0.2,200,0.001
10-day MA prediction after 5 days:,59.74782,,,,
Standard Deviation:,0,,,,
,,,,,
KO_10_day_MA_20240329.csv,30,0.3,0.2,200,0.01
10-day MA prediction after 5 days:,59.27699,,,,
Standard Deviation:,0,,,,
,,,,,
KO_10_day_MA_20240329.csv,30,0.3,0.2,200,0.1
10-day MA prediction after 5 days:,59.26712,,,,
Standard Deviation:,0,,,,
,,,,,
KO_10_day_MA_20240329.csv,30,0.3,0.3,50,0.001
10-day MA prediction after 5 days:,59.647892,,,,
Standard Deviation:,0,,,,
,,,,,
KO_10_day_MA_20240329.csv,30,0.3,0.3,50,0.01
10-day MA prediction after 5 days:,59.773228,,,,
Standard Deviation:,0,,,,
,,,,,
KO_10_day_MA_20240329.csv,30,0.3,0.3,50,0.1
10-day MA prediction after 5 days:,58.951954,,,,
Standard Deviation:,0,,,,
,,,,,
KO_10_day_MA_20240329.csv,30,0.3,0.3,100,0.001
10-day MA prediction after 5 days:,59.677654,,,,
Standard Deviation:,0,,,,
,,,,,
KO_10_day_MA_20240329.csv,30,0.3,0.3,100,0.01
10-day MA prediction after 5 days:,59.668736,,,,
Standard Deviation:,0,,,,
,,,,,
KO_10_day_MA_20240329.csv,30,0.3,0.3,100,0.1
10-day MA prediction after 5 days:,58.806614,,,,
Standard Deviation:,0,,,,
,,,,,
KO_10_day_MA_20240329.csv,30,0.3,0.3,150,0.001
10-day MA prediction after 5 days:,59.668716,,,,
Standard Deviation:,0,,,,
,,,,,
KO_10_day_MA_20240329.csv,30,0.3,0.3,150,0.01
10-day MA prediction after 5 days:,59.67951,,,,
Standard Deviation:,0,,,,
,,,,,
KO_10_day_MA_20240329.csv,30,0.3,0.3,150,0.1
10-day MA prediction after 5 days:,58.871666,,,,
Standard Deviation:,0,,,,
,,,,,
KO_10_day_MA_20240329.csv,30,0.3,0.3,200,0.001
10-day MA prediction after 5 days:,59.68221,,,,
Standard Deviation:,0,,,,
,,,,,
KO_10_day_MA_20240329.csv,30,0.3,0.3,200,0.01
10-day MA prediction after 5 days:,59.682575,,,,
Standard Deviation:,0,,,,
,,,,,
KO_10_day_MA_20240329.csv,30,0.3,0.3,200,0.1
10-day MA prediction after 5 days:,59.222717,,,,
Standard Deviation:,0,,,,
,,,,,
KO_10_day_MA_20240329.csv,30,0.3,0.5,50,0.001
10-day MA prediction after 5 days:,59.587284,,,,
Standard Deviation:,0,,,,
,,,,,
KO_10_day_MA_20240329.csv,30,0.3,0.5,50,0.01
10-day MA prediction after 5 days:,59.83349,,,,
Standard Deviation:,0,,,,
,,,,,
KO_10_day_MA_20240329.csv,30,0.3,0.5,50,0.1
10-day MA prediction after 5 days:,59.02781,,,,
Standard Deviation:,0,,,,
,,,,,
KO_10_day_MA_20240329.csv,30,0.3,0.5,100,0.001
10-day MA prediction after 5 days:,59.619854,,,,
Standard Deviation:,0,,,,
,,,,,
KO_10_day_MA_20240329.csv,30,0.3,0.5,100,0.01
10-day MA prediction after 5 days:,59.64697,,,,
Standard Deviation:,0,,,,
,,,,,
KO_10_day_MA_20240329.csv,30,0.3,0.5,100,0.1
10-day MA prediction after 5 days:,58.868843,,,,
Standard Deviation:,0,,,,
,,,,,
KO_10_day_MA_20240329.csv,30,0.3,0.5,150,0.001
10-day MA prediction after 5 days:,59.676586,,,,
Standard Deviation:,0,,,,
,,,,,
KO_10_day_MA_20240329.csv,30,0.3,0.5,150,0.01
10-day MA prediction after 5 days:,59.586998,,,,
Standard Deviation:,0,,,,
,,,,,
KO_10_day_MA_20240329.csv,30,0.3,0.5,150,0.1
10-day MA prediction after 5 days:,58.997227,,,,
Standard Deviation:,0,,,,
,,,,,
KO_10_day_MA_20240329.csv,30,0.3,0.5,200,0.001
10-day MA prediction after 5 days:,59.73049,,,,
Standard Deviation:,0,,,,
,,,,,
KO_10_day_MA_20240329.csv,30,0.3,0.5,200,0.01
10-day MA prediction after 5 days:,59.42076,,,,
Standard Deviation:,0,,,,
,,,,,
KO_10_day_MA_20240329.csv,30,0.3,0.5,200,0.1
10-day MA prediction after 5 days:,59.056683,,,,
Standard Deviation:,0,,,,
,,,,,
KO_10_day_MA_20240329.csv,60,0.1,0.1,50,0.001
10-day MA prediction after 5 days:,59.62812,,,,
Standard Deviation:,0,,,,
,,,,,
KO_10_day_MA_20240329.csv,60,0.1,0.1,50,0.01
10-day MA prediction after 5 days:,59.686993,,,,
Standard Deviation:,0,,,,
,,,,,
KO_10_day_MA_20240329.csv,60,0.1,0.1,50,0.1
10-day MA prediction after 5 days:,58.739456,,,,
Standard Deviation:,0,,,,
,,,,,
KO_10_day_MA_20240329.csv,60,0.1,0.1,100,0.001
10-day MA prediction after 5 days:,59.704556,,,,
Standard Deviation:,0,,,,
,,,,,
KO_10_day_MA_20240329.csv,60,0.1,0.1,100,0.01
10-day MA prediction after 5 days:,59.722702,,,,
Standard Deviation:,0,,,,
,,,,,
KO_10_day_MA_20240329.csv,60,0.1,0.1,100,0.1
10-day MA prediction after 5 days:,58.712883,,,,
Standard Deviation:,0,,,,
,,,,,
KO_10_day_MA_20240329.csv,60,0.1,0.1,150,0.001
10-day MA prediction after 5 days:,59.713623,,,,
Standard Deviation:,0,,,,
,,,,,
KO_10_day_MA_20240329.csv,60,0.1,0.1,150,0.01
10-day MA prediction after 5 days:,59.832375,,,,
Standard Deviation:,0,,,,
,,,,,
KO_10_day_MA_20240329.csv,60,0.1,0.1,150,0.1
10-day MA prediction after 5 days:,58.782185,,,,
Standard Deviation:,0,,,,
,,,,,
KO_10_day_MA_20240329.csv,60,0.1,0.1,200,0.001
10-day MA prediction after 5 days:,59.701656,,,,
Standard Deviation:,0,,,,
,,,,,
KO_10_day_MA_20240329.csv,60,0.1,0.1,200,0.01
10-day MA prediction after 5 days:,59.80978,,,,
Standard Deviation:,0,,,,
,,,,,
KO_10_day_MA_20240329.csv,60,0.1,0.1,200,0.1
10-day MA prediction after 5 days:,58.6945,,,,
Standard Deviation:,0,,,,
,,,,,
KO_10_day_MA_20240329.csv,60,0.1,0.2,50,0.001
10-day MA prediction after 5 days:,59.662094,,,,
Standard Deviation:,0,,,,
,,,,,
KO_10_day_MA_20240329.csv,60,0.1,0.2,50,0.01
10-day MA prediction after 5 days:,59.78044,,,,
Standard Deviation:,0,,,,
,,,,,
KO_10_day_MA_20240329.csv,60,0.1,0.2,50,0.1
10-day MA prediction after 5 days:,58.620205,,,,
Standard Deviation:,0,,,,
,,,,,
KO_10_day_MA_20240329.csv,60,0.1,0.2,100,0.001
10-day MA prediction after 5 days:,59.71466,,,,
Standard Deviation:,0,,,,
,,,,,
KO_10_day_MA_20240329.csv,60,0.1,0.2,100,0.01
10-day MA prediction after 5 days:,59.67651,,,,
Standard Deviation:,0,,,,
,,,,,
KO_10_day_MA_20240329.csv,60,0.1,0.2,100,0.1
10-day MA prediction after 5 days:,58.586044,,,,
Standard Deviation:,0,,,,
,,,,,
KO_10_day_MA_20240329.csv,60,0.1,0.2,150,0.001
10-day MA prediction after 5 days:,59.65598,,,,
Standard Deviation:,0,,,,
,,,,,
KO_10_day_MA_20240329.csv,60,0.1,0.2,150,0.01
10-day MA prediction after 5 days:,59.681652,,,,
Standard Deviation:,0,,,,
,,,,,
KO_10_day_MA_20240329.csv,60,0.1,0.2,150,0.1
10-day MA prediction after 5 days:,58.79199,,,,
Standard Deviation:,0,,,,
,,,,,
KO_10_day_MA_20240329.csv,60,0.1,0.2,200,0.001
10-day MA prediction after 5 days:,59.681957,,,,
Standard Deviation:,0,,,,
,,,,,
KO_10_day_MA_20240329.csv,60,0.1,0.2,200,0.01
10-day MA prediction after 5 days:,58.797405,,,,
Standard Deviation:,0,,,,
,,,,,
KO_10_day_MA_20240329.csv,60,0.1,0.2,200,0.1
10-day MA prediction after 5 days:,58.76712,,,,
Standard Deviation:,0,,,,
,,,,,
KO_10_day_MA_20240329.csv,60,0.1,0.3,50,0.001
10-day MA prediction after 5 days:,59.620884,,,,
Standard Deviation:,0,,,,
,,,,,
KO_10_day_MA_20240329.csv,60,0.1,0.3,50,0.01
10-day MA prediction after 5 days:,59.72913,,,,
Standard Deviation:,0,,,,
,,,,,
KO_10_day_MA_20240329.csv,60,0.1,0.3,50,0.1
10-day MA prediction after 5 days:,58.330154,,,,
Standard Deviation:,0,,,,
,,,,,
KO_10_day_MA_20240329.csv,60,0.1,0.3,100,0.001
10-day MA prediction after 5 days:,59.6231,,,,
Standard Deviation:,0,,,,
,,,,,
KO_10_day_MA_20240329.csv,60,0.1,0.3,100,0.01
10-day MA prediction after 5 days:,59.651627,,,,
Standard Deviation:,0,,,,
,,,,,
KO_10_day_MA_20240329.csv,60,0.1,0.3,100,0.1
10-day MA prediction after 5 days:,58.47725,,,,
Standard Deviation:,0,,,,
,,,,,
KO_10_day_MA_20240329.csv,60,0.1,0.3,150,0.001
10-day MA prediction after 5 days:,59.67094,,,,
Standard Deviation:,0,,,,
,,,,,
KO_10_day_MA_20240329.csv,60,0.1,0.3,150,0.01
10-day MA prediction after 5 days:,59.77374,,,,
Standard Deviation:,0,,,,
,,,,,
KO_10_day_MA_20240329.csv,60,0.1,0.3,150,0.1
10-day MA prediction after 5 days:,58.794525,,,,
Standard Deviation:,0,,,,
,,,,,
KO_10_day_MA_20240329.csv,60,0.1,0.3,200,0.001
10-day MA prediction after 5 days:,59.673336,,,,
Standard Deviation:,0,,,,
,,,,,
KO_10_day_MA_20240329.csv,60,0.1,0.3,200,0.01
10-day MA prediction after 5 days:,59.719402,,,,
Standard Deviation:,0,,,,
,,,,,
KO_10_day_MA_20240329.csv,60,0.1,0.3,200,0.1
10-day MA prediction after 5 days:,58.836506,,,,
Standard Deviation:,0,,,,
,,,,,
KO_10_day_MA_20240329.csv,60,0.1,0.5,50,0.001
10-day MA prediction after 5 days:,59.576572,,,,
Standard Deviation:,0,,,,
,,,,,
KO_10_day_MA_20240329.csv,60,0.1,0.5,50,0.01
10-day MA prediction after 5 days:,59.65595,,,,
Standard Deviation:,0,,,,
,,,,,
KO_10_day_MA_20240329.csv,60,0.1,0.5,50,0.1
10-day MA prediction after 5 days:,58.709995,,,,
Standard Deviation:,0,,,,
,,,,,
KO_10_day_MA_20240329.csv,60,0.1,0.5,100,0.001
10-day MA prediction after 5 days:,59.60805,,,,
Standard Deviation:,0,,,,
,,,,,
KO_10_day_MA_20240329.csv,60,0.1,0.5,100,0.01
10-day MA prediction after 5 days:,59.68448,,,,
Standard Deviation:,0,,,,
,,,,,
KO_10_day_MA_20240329.csv,60,0.1,0.5,100,0.1
10-day MA prediction after 5 days:,58.59842,,,,
Standard Deviation:,0,,,,
,,,,,
KO_10_day_MA_20240329.csv,60,0.1,0.5,150,0.001
10-day MA prediction after 5 days:,59.713436,,,,
Standard Deviation:,0,,,,
,,,,,
KO_10_day_MA_20240329.csv,60,0.1,0.5,150,0.01
10-day MA prediction after 5 days:,59.627975,,,,
Standard Deviation:,0,,,,
,,,,,
KO_10_day_MA_20240329.csv,60,0.1,0.5,150,0.1
10-day MA prediction after 5 days:,58.632427,,,,
Standard Deviation:,0,,,,
,,,,,
KO_10_day_MA_20240329.csv,60,0.1,0.5,200,0.001
10-day MA prediction after 5 days:,59.617706,,,,
Standard Deviation:,0,,,,
,,,,,
KO_10_day_MA_20240329.csv,60,0.1,0.5,200,0.01
10-day MA prediction after 5 days:,59.533016,,,,
Standard Deviation:,0,,,,
,,,,,
KO_10_day_MA_20240329.csv,60,0.1,0.5,200,0.1
10-day MA prediction after 5 days:,58.682602,,,,
Standard Deviation:,0,,,,
,,,,,
KO_10_day_MA_20240329.csv,60,0.2,0.1,50,0.001
10-day MA prediction after 5 days:,59.69593,,,,
Standard Deviation:,0,,,,
,,,,,
KO_10_day_MA_20240329.csv,60,0.2,0.1,50,0.01
10-day MA prediction after 5 days:,60.21024,,,,
Standard Deviation:,0,,,,
,,,,,
KO_10_day_MA_20240329.csv,60,0.2,0.1,50,0.1
10-day MA prediction after 5 days:,59.70106,,,,
Standard Deviation:,0,,,,
,,,,,
KO_10_day_MA_20240329.csv,60,0.2,0.1,100,0.001
10-day MA prediction after 5 days:,59.69397,,,,
Standard Deviation:,0,,,,
,,,,,
KO_10_day_MA_20240329.csv,60,0.2,0.1,100,0.01
10-day MA prediction after 5 days:,59.77266,,,,
Standard Deviation:,0,,,,
,,,,,
KO_10_day_MA_20240329.csv,60,0.2,0.1,100,0.1
10-day MA prediction after 5 days:,58.772038,,,,
Standard Deviation:,0,,,,
,,,,,
KO_10_day_MA_20240329.csv,60,0.2,0.1,150,0.001
10-day MA prediction after 5 days:,59.685783,,,,
Standard Deviation:,0,,,,
,,,,,
KO_10_day_MA_20240329.csv,60,0.2,0.1,150,0.01
10-day MA prediction after 5 days:,59.48028,,,,
Standard Deviation:,0,,,,
,,,,,
KO_10_day_MA_20240329.csv,60,0.2,0.1,150,0.1
10-day MA prediction after 5 days:,58.560028,,,,
Standard Deviation:,0,,,,
,,,,,
KO_10_day_MA_20240329.csv,60,0.2,0.1,200,0.001
10-day MA prediction after 5 days:,59.650852,,,,
Standard Deviation:,0,,,,
,,,,,
KO_10_day_MA_20240329.csv,60,0.2,0.1,200,0.01
10-day MA prediction after 5 days:,59.668526,,,,
Standard Deviation:,0,,,,
,,,,,
KO_10_day_MA_20240329.csv,60,0.2,0.1,200,0.1
10-day MA prediction after 5 days:,58.549393,,,,
Standard Deviation:,0,,,,
,,,,,
KO_10_day_MA_20240329.csv,60,0.2,0.2,50,0.001
10-day MA prediction after 5 days:,59.702625,,,,
Standard Deviation:,0,,,,
,,,,,
KO_10_day_MA_20240329.csv,60,0.2,0.2,50,0.01
10-day MA prediction after 5 days:,60.058556,,,,
Standard Deviation:,0,,,,
,,,,,
KO_10_day_MA_20240329.csv,60,0.2,0.2,50,0.1
10-day MA prediction after 5 days:,59.205357,,,,
Standard Deviation:,0,,,,
,,,,,
KO_10_day_MA_20240329.csv,60,0.2,0.2,100,0.001
10-day MA prediction after 5 days:,59.717773,,,,
Standard Deviation:,0,,,,
,,,,,
KO_10_day_MA_20240329.csv,60,0.2,0.2,100,0.01
10-day MA prediction after 5 days:,59.69636,,,,
Standard Deviation:,0,,,,
,,,,,
KO_10_day_MA_20240329.csv,60,0.2,0.2,100,0.1
10-day MA prediction after 5 days:,58.93582,,,,
Standard Deviation:,0,,,,
,,,,,
KO_10_day_MA_20240329.csv,60,0.2,0.2,150,0.001
10-day MA prediction after 5 days:,59.6423,,,,
Standard Deviation:,0,,,,
,,,,,
KO_10_day_MA_20240329.csv,60,0.2,0.2,150,0.01
10-day MA prediction after 5 days:,59.21911,,,,
Standard Deviation:,0,,,,
,,,,,
KO_10_day_MA_20240329.csv,60,0.2,0.2,150,0.1
10-day MA prediction after 5 days:,58.70987,,,,
Standard Deviation:,0,,,,
,,,,,
KO_10_day_MA_20240329.csv,60,0.2,0.2,200,0.001
10-day MA prediction after 5 days:,59.651707,,,,
Standard Deviation:,0,,,,
,,,,,
KO_10_day_MA_20240329.csv,60,0.2,0.2,200,0.01
10-day MA prediction after 5 days:,58.75744,,,,
Standard Deviation:,0,,,,
,,,,,
KO_10_day_MA_20240329.csv,60,0.2,0.2,200,0.1
10-day MA prediction after 5 days:,58.636353,,,,
Standard Deviation:,0,,,,
,,,,,
KO_10_day_MA_20240329.csv,60,0.2,0.3,50,0.001
10-day MA prediction after 5 days:,59.618187,,,,
Standard Deviation:,0,,,,
,,,,,
KO_10_day_MA_20240329.csv,60,0.2,0.3,50,0.01
10-day MA prediction after 5 days:,59.57413,,,,
Standard Deviation:,0,,,,
,,,,,
KO_10_day_MA_20240329.csv,60,0.2,0.3,50,0.1
10-day MA prediction after 5 days:,58.23334,,,,
Standard Deviation:,0,,,,
,,,,,
KO_10_day_MA_20240329.csv,60,0.2,0.3,100,0.001
10-day MA prediction after 5 days:,59.668945,,,,
Standard Deviation:,0,,,,
,,,,,
KO_10_day_MA_20240329.csv,60,0.2,0.3,100,0.01
10-day MA prediction after 5 days:,59.86111,,,,
Standard Deviation:,0,,,,
,,,,,
KO_10_day_MA_20240329.csv,60,0.2,0.3,100,0.1
10-day MA prediction after 5 days:,58.745354,,,,
Standard Deviation:,0,,,,
,,,,,
KO_10_day_MA_20240329.csv,60,0.2,0.3,150,0.001
10-day MA prediction after 5 days:,59.663136,,,,
Standard Deviation:,0,,,,
,,,,,
KO_10_day_MA_20240329.csv,60,0.2,0.3,150,0.01
10-day MA prediction after 5 days:,59.484966,,,,
Standard Deviation:,0,,,,
,,,,,
KO_10_day_MA_20240329.csv,60,0.2,0.3,150,0.1
10-day MA prediction after 5 days:,58.665443,,,,
Standard Deviation:,0,,,,
,,,,,
KO_10_day_MA_20240329.csv,60,0.2,0.3,200,0.001
10-day MA prediction after 5 days:,59.59944,,,,
Standard Deviation:,0,,,,
,,,,,
KO_10_day_MA_20240329.csv,60,0.2,0.3,200,0.01
10-day MA prediction after 5 days:,59.566696,,,,
Standard Deviation:,0,,,,
,,,,,
KO_10_day_MA_20240329.csv,60,0.2,0.3,200,0.1
10-day MA prediction after 5 days:,58.6935,,,,
Standard Deviation:,0,,,,
,,,,,
KO_10_day_MA_20240329.csv,60,0.2,0.5,50,0.001
10-day MA prediction after 5 days:,59.55215,,,,
Standard Deviation:,0,,,,
,,,,,
KO_10_day_MA_20240329.csv,60,0.2,0.5,50,0.01
10-day MA prediction after 5 days:,59.59157,,,,
Standard Deviation:,0,,,,
,,,,,
KO_10_day_MA_20240329.csv,60,0.2,0.5,50,0.1
10-day MA prediction after 5 days:,58.752613,,,,
Standard Deviation:,0,,,,
,,,,,
KO_10_day_MA_20240329.csv,60,0.2,0.5,100,0.001
10-day MA prediction after 5 days:,59.646248,,,,
Standard Deviation:,0,,,,
,,,,,
KO_10_day_MA_20240329.csv,60,0.2,0.5,100,0.01
10-day MA prediction after 5 days:,59.58722,,,,
Standard Deviation:,0,,,,
,,,,,
KO_10_day_MA_20240329.csv,60,0.2,0.5,100,0.1
10-day MA prediction after 5 days:,58.492474,,,,
Standard Deviation:,0,,,,
,,,,,
KO_10_day_MA_20240329.csv,60,0.2,0.5,150,0.001
10-day MA prediction after 5 days:,59.672363,,,,
Standard Deviation:,0,,,,
,,,,,
KO_10_day_MA_20240329.csv,60,0.2,0.5,150,0.01
10-day MA prediction after 5 days:,59.6601,,,,
Standard Deviation:,0,,,,
,,,,,
KO_10_day_MA_20240329.csv,60,0.2,0.5,150,0.1
10-day MA prediction after 5 days:,58.78144,,,,
Standard Deviation:,0,,,,
,,,,,
KO_10_day_MA_20240329.csv,60,0.2,0.5,200,0.001
10-day MA prediction after 5 days:,59.623966,,,,
Standard Deviation:,0,,,,
,,,,,
KO_10_day_MA_20240329.csv,60,0.2,0.5,200,0.01
10-day MA prediction after 5 days:,59.66454,,,,
Standard Deviation:,0,,,,
,,,,,
KO_10_day_MA_20240329.csv,60,0.2,0.5,200,0.1
10-day MA prediction after 5 days:,58.680256,,,,
Standard Deviation:,0,,,,
,,,,,
KO_10_day_MA_20240329.csv,60,0.3,0.1,50,0.001
10-day MA prediction after 5 days:,59.747692,,,,
Standard Deviation:,0,,,,
,,,,,
KO_10_day_MA_20240329.csv,60,0.3,0.1,50,0.01
10-day MA prediction after 5 days:,59.98521,,,,
Standard Deviation:,0,,,,
,,,,,
KO_10_day_MA_20240329.csv,60,0.3,0.1,50,0.1
10-day MA prediction after 5 days:,58.786983,,,,
Standard Deviation:,0,,,,
,,,,,
KO_10_day_MA_20240329.csv,60,0.3,0.1,100,0.001
10-day MA prediction after 5 days:,59.690247,,,,
Standard Deviation:,0,,,,
,,,,,
KO_10_day_MA_20240329.csv,60,0.3,0.1,100,0.01
10-day MA prediction after 5 days:,59.808136,,,,
Standard Deviation:,0,,,,
,,,,,
KO_10_day_MA_20240329.csv,60,0.3,0.1,100,0.1
10-day MA prediction after 5 days:,58.660057,,,,
Standard Deviation:,0,,,,
,,,,,
KO_10_day_MA_20240329.csv,60,0.3,0.1,150,0.001
10-day MA prediction after 5 days:,59.681816,,,,
Standard Deviation:,0,,,,
,,,,,
KO_10_day_MA_20240329.csv,60,0.3,0.1,150,0.01
10-day MA prediction after 5 days:,59.150322,,,,
Standard Deviation:,0,,,,
,,,,,
KO_10_day_MA_20240329.csv,60,0.3,0.1,150,0.1
10-day MA prediction after 5 days:,58.793148,,,,
Standard Deviation:,0,,,,
,,,,,
KO_10_day_MA_20240329.csv,60,0.3,0.1,200,0.001
10-day MA prediction after 5 days:,59.702454,,,,
Standard Deviation:,0,,,,
,,,,,
KO_10_day_MA_20240329.csv,60,0.3,0.1,200,0.01
10-day MA prediction after 5 days:,58.89362,,,,
Standard Deviation:,0,,,,
,,,,,
KO_10_day_MA_20240329.csv,60,0.3,0.1,200,0.1
10-day MA prediction after 5 days:,59.008217,,,,
Standard Deviation:,0,,,,
,,,,,
KO_10_day_MA_20240329.csv,60,0.3,0.2,50,0.001
10-day MA prediction after 5 days:,59.67034,,,,
Standard Deviation:,0,,,,
,,,,,
KO_10_day_MA_20240329.csv,60,0.3,0.2,50,0.01
10-day MA prediction after 5 days:,59.747536,,,,
Standard Deviation:,0,,,,
,,,,,
KO_10_day_MA_20240329.csv,60,0.3,0.2,50,0.1
10-day MA prediction after 5 days:,58.53858,,,,
Standard Deviation:,0,,,,
,,,,,
KO_10_day_MA_20240329.csv,60,0.3,0.2,100,0.001
10-day MA prediction after 5 days:,59.692802,,,,
Standard Deviation:,0,,,,
,,,,,
KO_10_day_MA_20240329.csv,60,0.3,0.2,100,0.01
10-day MA prediction after 5 days:,59.72428,,,,
Standard Deviation:,0,,,,
,,,,,
KO_10_day_MA_20240329.csv,60,0.3,0.2,100,0.1
10-day MA prediction after 5 days:,58.728348,,,,
Standard Deviation:,0,,,,
,,,,,
KO_10_day_MA_20240329.csv,60,0.3,0.2,150,0.001
10-day MA prediction after 5 days:,59.693027,,,,
Standard Deviation:,0,,,,
,,,,,
KO_10_day_MA_20240329.csv,60,0.3,0.2,150,0.01
10-day MA prediction after 5 days:,59.837067,,,,
Standard Deviation:,0,,,,
,,,,,
KO_10_day_MA_20240329.csv,60,0.3,0.2,150,0.1
10-day MA prediction after 5 days:,58.85152,,,,
Standard Deviation:,0,,,,
,,,,,
KO_10_day_MA_20240329.csv,60,0.3,0.2,200,0.001
10-day MA prediction after 5 days:,59.724754,,,,
Standard Deviation:,0,,,,
,,,,,
KO_10_day_MA_20240329.csv,60,0.3,0.2,200,0.01
10-day MA prediction after 5 days:,58.778168,,,,
Standard Deviation:,0,,,,
,,,,,
KO_10_day_MA_20240329.csv,60,0.3,0.2,200,0.1
10-day MA prediction after 5 days:,58.485943,,,,
Standard Deviation:,0,,,,
,,,,,
KO_10_day_MA_20240329.csv,60,0.3,0.3,50,0.001
10-day MA prediction after 5 days:,59.673283,,,,
Standard Deviation:,0,,,,
,,,,,
KO_10_day_MA_20240329.csv,60,0.3,0.3,50,0.01
10-day MA prediction after 5 days:,59.68139,,,,
Standard Deviation:,0,,,,
,,,,,
KO_10_day_MA_20240329.csv,60,0.3,0.3,50,0.1
10-day MA prediction after 5 days:,58.53965,,,,
Standard Deviation:,0,,,,
,,,,,
KO_10_day_MA_20240329.csv,60,0.3,0.3,100,0.001
10-day MA prediction after 5 days:,59.701405,,,,
Standard Deviation:,0,,,,
,,,,,
KO_10_day_MA_20240329.csv,60,0.3,0.3,100,0.01
10-day MA prediction after 5 days:,59.740665,,,,
Standard Deviation:,0,,,,
,,,,,
KO_10_day_MA_20240329.csv,60,0.3,0.3,100,0.1
10-day MA prediction after 5 days:,58.6881,,,,
Standard Deviation:,0,,,,
,,,,,
KO_10_day_MA_20240329.csv,60,0.3,0.3,150,0.001
10-day MA prediction after 5 days:,59.652443,,,,
Standard Deviation:,0,,,,
,,,,,
KO_10_day_MA_20240329.csv,60,0.3,0.3,150,0.01
10-day MA prediction after 5 days:,59.75135,,,,
Standard Deviation:,0,,,,
,,,,,
KO_10_day_MA_20240329.csv,60,0.3,0.3,150,0.1
10-day MA prediction after 5 days:,58.605827,,,,
Standard Deviation:,0,,,,
,,,,,
KO_10_day_MA_20240329.csv,60,0.3,0.3,200,0.001
10-day MA prediction after 5 days:,59.69473,,,,
Standard Deviation:,0,,,,
,,,,,
KO_10_day_MA_20240329.csv,60,0.3,0.3,200,0.01
10-day MA prediction after 5 days:,59.67725,,,,
Standard Deviation:,0,,,,
,,,,,
KO_10_day_MA_20240329.csv,60,0.3,0.3,200,0.1
10-day MA prediction after 5 days:,58.682938,,,,
Standard Deviation:,0,,,,
,,,,,
KO_10_day_MA_20240329.csv,60,0.3,0.5,50,0.001
10-day MA prediction after 5 days:,59.54965,,,,
Standard Deviation:,0,,,,
,,,,,
KO_10_day_MA_20240329.csv,60,0.3,0.5,50,0.01
10-day MA prediction after 5 days:,59.66778,,,,
Standard Deviation:,0,,,,
,,,,,
KO_10_day_MA_20240329.csv,60,0.3,0.5,50,0.1
10-day MA prediction after 5 days:,58.45925,,,,
Standard Deviation:,0,,,,
,,,,,
KO_10_day_MA_20240329.csv,60,0.3,0.5,100,0.001
10-day MA prediction after 5 days:,59.63647,,,,
Standard Deviation:,0,,,,
,,,,,
KO_10_day_MA_20240329.csv,60,0.3,0.5,100,0.01
10-day MA prediction after 5 days:,59.723404,,,,
Standard Deviation:,0,,,,
,,,,,
KO_10_day_MA_20240329.csv,60,0.3,0.5,100,0.1
10-day MA prediction after 5 days:,58.34824,,,,
Standard Deviation:,0,,,,
,,,,,
KO_10_day_MA_20240329.csv,60,0.3,0.5,150,0.001
10-day MA prediction after 5 days:,59.664597,,,,
Standard Deviation:,0,,,,
,,,,,
KO_10_day_MA_20240329.csv,60,0.3,0.5,150,0.01
10-day MA prediction after 5 days:,59.75483,,,,
Standard Deviation:,0,,,,
,,,,,
KO_10_day_MA_20240329.csv,60,0.3,0.5,150,0.1
10-day MA prediction after 5 days:,58.594826,,,,
Standard Deviation:,0,,,,
,,,,,
KO_10_day_MA_20240329.csv,60,0.3,0.5,200,0.001
10-day MA prediction after 5 days:,59.69605,,,,
Standard Deviation:,0,,,,
,,,,,
KO_10_day_MA_20240329.csv,60,0.3,0.5,200,0.01
10-day MA prediction after 5 days:,59.65213,,,,
Standard Deviation:,0,,,,
,,,,,
KO_10_day_MA_20240329.csv,60,0.3,0.5,200,0.1
10-day MA prediction after 5 days:,58.7024,,,,
Standard Deviation:,0,,,,
,,,,,
KO_10_day_MA_20240329.csv,90,0.1,0.1,50,0.001
10-day MA prediction after 5 days:,59.416016,,,,
Standard Deviation:,0,,,,
,,,,,
KO_10_day_MA_20240329.csv,90,0.1,0.1,50,0.01
10-day MA prediction after 5 days:,59.852455,,,,
Standard Deviation:,0,,,,
,,,,,
KO_10_day_MA_20240329.csv,90,0.1,0.1,50,0.1
10-day MA prediction after 5 days:,58.269775,,,,
Standard Deviation:,0,,,,
,,,,,
KO_10_day_MA_20240329.csv,90,0.1,0.1,100,0.001
10-day MA prediction after 5 days:,59.49391,,,,
Standard Deviation:,0,,,,
,,,,,
KO_10_day_MA_20240329.csv,90,0.1,0.1,100,0.01
10-day MA prediction after 5 days:,59.77471,,,,
Standard Deviation:,0,,,,
,,,,,
KO_10_day_MA_20240329.csv,90,0.1,0.1,100,0.1
10-day MA prediction after 5 days:,58.275196,,,,
Standard Deviation:,0,,,,
,,,,,
KO_10_day_MA_20240329.csv,90,0.1,0.1,150,0.001
10-day MA prediction after 5 days:,59.516464,,,,
Standard Deviation:,0,,,,
,,,,,
KO_10_day_MA_20240329.csv,90,0.1,0.1,150,0.01
10-day MA prediction after 5 days:,59.748474,,,,
Standard Deviation:,0,,,,
,,,,,
KO_10_day_MA_20240329.csv,90,0.1,0.1,150,0.1
10-day MA prediction after 5 days:,58.16035,,,,
Standard Deviation:,0,,,,
,,,,,
KO_10_day_MA_20240329.csv,90,0.1,0.1,200,0.001
10-day MA prediction after 5 days:,59.439972,,,,
Standard Deviation:,0,,,,
,,,,,
KO_10_day_MA_20240329.csv,90,0.1,0.1,200,0.01
10-day MA prediction after 5 days:,59.669403,,,,
Standard Deviation:,0,,,,
,,,,,
KO_10_day_MA_20240329.csv,90,0.1,0.1,200,0.1
10-day MA prediction after 5 days:,58.51932,,,,
Standard Deviation:,0,,,,
,,,,,
KO_10_day_MA_20240329.csv,90,0.1,0.2,50,0.001
10-day MA prediction after 5 days:,59.439026,,,,
Standard Deviation:,0,,,,
,,,,,
KO_10_day_MA_20240329.csv,90,0.1,0.2,50,0.01
10-day MA prediction after 5 days:,59.7213,,,,
Standard Deviation:,0,,,,
,,,,,
KO_10_day_MA_20240329.csv,90,0.1,0.2,50,0.1
10-day MA prediction after 5 days:,58.20123,,,,
Standard Deviation:,0,,,,
,,,,,
KO_10_day_MA_20240329.csv,90,0.1,0.2,100,0.001
10-day MA prediction after 5 days:,59.567303,,,,
Standard Deviation:,0,,,,
,,,,,
KO_10_day_MA_20240329.csv,90,0.1,0.2,100,0.01
10-day MA prediction after 5 days:,59.76038,,,,
Standard Deviation:,0,,,,
,,,,,
KO_10_day_MA_20240329.csv,90,0.1,0.2,100,0.1
10-day MA prediction after 5 days:,58.18701,,,,
Standard Deviation:,0,,,,
,,,,,
KO_10_day_MA_20240329.csv,90,0.1,0.2,150,0.001
10-day MA prediction after 5 days:,59.567802,,,,
Standard Deviation:,0,,,,
,,,,,
KO_10_day_MA_20240329.csv,90,0.1,0.2,150,0.01
10-day MA prediction after 5 days:,59.591824,,,,
Standard Deviation:,0,,,,
,,,,,
KO_10_day_MA_20240329.csv,90,0.1,0.2,150,0.1
10-day MA prediction after 5 days:,58.196495,,,,
Standard Deviation:,0,,,,
,,,,,
KO_10_day_MA_20240329.csv,90,0.1,0.2,200,0.001
10-day MA prediction after 5 days:,59.50254,,,,
Standard Deviation:,0,,,,
,,,,,
KO_10_day_MA_20240329.csv,90,0.1,0.2,200,0.01
10-day MA prediction after 5 days:,59.234722,,,,
Standard Deviation:,0,,,,
,,,,,
KO_10_day_MA_20240329.csv,90,0.1,0.2,200,0.1
10-day MA prediction after 5 days:,58.40434,,,,
Standard Deviation:,0,,,,
,,,,,
KO_10_day_MA_20240329.csv,90,0.1,0.3,50,0.001
10-day MA prediction after 5 days:,59.44074,,,,
Standard Deviation:,0,,,,
,,,,,
KO_10_day_MA_20240329.csv,90,0.1,0.3,50,0.01
10-day MA prediction after 5 days:,59.37814,,,,
Standard Deviation:,0,,,,
,,,,,
KO_10_day_MA_20240329.csv,90,0.1,0.3,50,0.1
10-day MA prediction after 5 days:,58.253777,,,,
Standard Deviation:,0,,,,
,,,,,
KO_10_day_MA_20240329.csv,90,0.1,0.3,100,0.001
10-day MA prediction after 5 days:,59.45725,,,,
Standard Deviation:,0,,,,
,,,,,
KO_10_day_MA_20240329.csv,90,0.1,0.3,100,0.01
10-day MA prediction after 5 days:,59.607372,,,,
Standard Deviation:,0,,,,
,,,,,
KO_10_day_MA_20240329.csv,90,0.1,0.3,100,0.1
10-day MA prediction after 5 days:,58.683533,,,,
Standard Deviation:,0,,,,
,,,,,
KO_10_day_MA_20240329.csv,90,0.1,0.3,150,0.001
10-day MA prediction after 5 days:,59.499924,,,,
Standard Deviation:,0,,,,
,,,,,
KO_10_day_MA_20240329.csv,90,0.1,0.3,150,0.01
10-day MA prediction after 5 days:,59.464626,,,,
Standard Deviation:,0,,,,
,,,,,
KO_10_day_MA_20240329.csv,90,0.1,0.3,150,0.1
10-day MA prediction after 5 days:,58.350887,,,,
Standard Deviation:,0,,,,
,,,,,
KO_10_day_MA_20240329.csv,90,0.1,0.3,200,0.001
10-day MA prediction after 5 days:,59.467888,,,,
Standard Deviation:,0,,,,
,,,,,
KO_10_day_MA_20240329.csv,90,0.1,0.3,200,0.01
10-day MA prediction after 5 days:,57.94843,,,,
Standard Deviation:,0,,,,
,,,,,
KO_10_day_MA_20240329.csv,90,0.1,0.3,200,0.1
10-day MA prediction after 5 days:,58.33837,,,,
Standard Deviation:,0,,,,
,,,,,
KO_10_day_MA_20240329.csv,90,0.1,0.5,50,0.001
10-day MA prediction after 5 days:,59.278507,,,,
Standard Deviation:,0,,,,
,,,,,
KO_10_day_MA_20240329.csv,90,0.1,0.5,50,0.01
10-day MA prediction after 5 days:,59.49395,,,,
Standard Deviation:,0,,,,
,,,,,
KO_10_day_MA_20240329.csv,90,0.1,0.5,50,0.1
10-day MA prediction after 5 days:,58.18557,,,,
Standard Deviation:,0,,,,
,,,,,
KO_10_day_MA_20240329.csv,90,0.1,0.5,100,0.001
10-day MA prediction after 5 days:,59.345276,,,,
Standard Deviation:,0,,,,
,,,,,
KO_10_day_MA_20240329.csv,90,0.1,0.5,100,0.01
10-day MA prediction after 5 days:,59.473366,,,,
Standard Deviation:,0,,,,
,,,,,
KO_10_day_MA_20240329.csv,90,0.1,0.5,100,0.1
10-day MA prediction after 5 days:,58.002987,,,,
Standard Deviation:,0,,,,
,,,,,
KO_10_day_MA_20240329.csv,90,0.1,0.5,150,0.001
10-day MA prediction after 5 days:,59.50074,,,,
Standard Deviation:,0,,,,
,,,,,
KO_10_day_MA_20240329.csv,90,0.1,0.5,150,0.01
10-day MA prediction after 5 days:,59.38606,,,,
Standard Deviation:,0,,,,
,,,,,
KO_10_day_MA_20240329.csv,90,0.1,0.5,150,0.1
10-day MA prediction after 5 days:,58.31706,,,,
Standard Deviation:,0,,,,
,,,,,
KO_10_day_MA_20240329.csv,90,0.1,0.5,200,0.001
10-day MA prediction after 5 days:,59.425365,,,,
Standard Deviation:,0,,,,
,,,,,
KO_10_day_MA_20240329.csv,90,0.1,0.5,200,0.01
10-day MA prediction after 5 days:,59.370438,,,,
Standard Deviation:,0,,,,
,,,,,
KO_10_day_MA_20240329.csv,90,0.1,0.5,200,0.1
10-day MA prediction after 5 days:,58.232933,,,,
Standard Deviation:,0,,,,
,,,,,
KO_10_day_MA_20240329.csv,90,0.2,0.1,50,0.001
10-day MA prediction after 5 days:,59.51423,,,,
Standard Deviation:,0,,,,
,,,,,
KO_10_day_MA_20240329.csv,90,0.2,0.1,50,0.01
10-day MA prediction after 5 days:,59.684303,,,,
Standard Deviation:,0,,,,
,,,,,
KO_10_day_MA_20240329.csv,90,0.2,0.1,50,0.1
10-day MA prediction after 5 days:,58.104927,,,,
Standard Deviation:,0,,,,
,,,,,
KO_10_day_MA_20240329.csv,90,0.2,0.1,100,0.001
10-day MA prediction after 5 days:,59.547558,,,,
Standard Deviation:,0,,,,
,,,,,
KO_10_day_MA_20240329.csv,90,0.2,0.1,100,0.01
10-day MA prediction after 5 days:,59.970623,,,,
Standard Deviation:,0,,,,
,,,,,
KO_10_day_MA_20240329.csv,90,0.2,0.1,100,0.1
10-day MA prediction after 5 days:,58.458935,,,,
Standard Deviation:,0,,,,
,,,,,
KO_10_day_MA_20240329.csv,90,0.2,0.1,150,0.001
10-day MA prediction after 5 days:,59.609978,,,,
Standard Deviation:,0,,,,
,,,,,
KO_10_day_MA_20240329.csv,90,0.2,0.1,150,0.01
10-day MA prediction after 5 days:,60.348515,,,,
Standard Deviation:,0,,,,
,,,,,
KO_10_day_MA_20240329.csv,90,0.2,0.1,150,0.1
10-day MA prediction after 5 days:,58.484276,,,,
Standard Deviation:,0,,,,
,,,,,
KO_10_day_MA_20240329.csv,90,0.2,0.1,200,0.001
10-day MA prediction after 5 days:,59.54898,,,,
Standard Deviation:,0,,,,
,,,,,
KO_10_day_MA_20240329.csv,90,0.2,0.1,200,0.01
10-day MA prediction after 5 days:,58.397907,,,,
Standard Deviation:,0,,,,
,,,,,
KO_10_day_MA_20240329.csv,90,0.2,0.1,200,0.1
10-day MA prediction after 5 days:,58.22364,,,,
Standard Deviation:,0,,,,
,,,,,
KO_10_day_MA_20240329.csv,90,0.2,0.2,50,0.001
10-day MA prediction after 5 days:,59.487373,,,,
Standard Deviation:,0,,,,
,,,,,
KO_10_day_MA_20240329.csv,90,0.2,0.2,50,0.01
10-day MA prediction after 5 days:,59.623623,,,,
Standard Deviation:,0,,,,
,,,,,
KO_10_day_MA_20240329.csv,90,0.2,0.2,50,0.1
10-day MA prediction after 5 days:,58.151367,,,,
Standard Deviation:,0,,,,
,,,,,
KO_10_day_MA_20240329.csv,90,0.2,0.2,100,0.001
10-day MA prediction after 5 days:,59.547665,,,,
Standard Deviation:,0,,,,
,,,,,
KO_10_day_MA_20240329.csv,90,0.2,0.2,100,0.01
10-day MA prediction after 5 days:,59.577057,,,,
Standard Deviation:,0,,,,
,,,,,
KO_10_day_MA_20240329.csv,90,0.2,0.2,100,0.1
10-day MA prediction after 5 days:,58.31327,,,,
Standard Deviation:,0,,,,
,,,,,
KO_10_day_MA_20240329.csv,90,0.2,0.2,150,0.001
10-day MA prediction after 5 days:,59.527344,,,,
Standard Deviation:,0,,,,
,,,,,
KO_10_day_MA_20240329.csv,90,0.2,0.2,150,0.01
10-day MA prediction after 5 days:,59.60865,,,,
Standard Deviation:,0,,,,
,,,,,
KO_10_day_MA_20240329.csv,90,0.2,0.2,150,0.1
10-day MA prediction after 5 days:,58.277912,,,,
Standard Deviation:,0,,,,
,,,,,
KO_10_day_MA_20240329.csv,90,0.2,0.2,200,0.001
10-day MA prediction after 5 days:,59.552937,,,,
Standard Deviation:,0,,,,
,,,,,
KO_10_day_MA_20240329.csv,90,0.2,0.2,200,0.01
10-day MA prediction after 5 days:,59.464203,,,,
Standard Deviation:,0,,,,
,,,,,
KO_10_day_MA_20240329.csv,90,0.2,0.2,200,0.1
10-day MA prediction after 5 days:,58.31151,,,,
Standard Deviation:,0,,,,
,,,,,
KO_10_day_MA_20240329.csv,90,0.2,0.3,50,0.001
10-day MA prediction after 5 days:,59.468426,,,,
Standard Deviation:,0,,,,
,,,,,
KO_10_day_MA_20240329.csv,90,0.2,0.3,50,0.01
10-day MA prediction after 5 days:,59.678757,,,,
Standard Deviation:,0,,,,
,,,,,
KO_10_day_MA_20240329.csv,90,0.2,0.3,50,0.1
10-day MA prediction after 5 days:,59.75023,,,,
Standard Deviation:,0,,,,
,,,,,
KO_10_day_MA_20240329.csv,90,0.2,0.3,100,0.001
10-day MA prediction after 5 days:,59.509785,,,,
Standard Deviation:,0,,,,
,,,,,
KO_10_day_MA_20240329.csv,90,0.2,0.3,100,0.01
10-day MA prediction after 5 days:,59.516655,,,,
Standard Deviation:,0,,,,
,,,,,
KO_10_day_MA_20240329.csv,90,0.2,0.3,100,0.1
10-day MA prediction after 5 days:,58.223377,,,,
Standard Deviation:,0,,,,
,,,,,
KO_10_day_MA_20240329.csv,90,0.2,0.3,150,0.001
10-day MA prediction after 5 days:,59.535458,,,,
Standard Deviation:,0,,,,
,,,,,
KO_10_day_MA_20240329.csv,90,0.2,0.3,150,0.01
10-day MA prediction after 5 days:,59.61702,,,,
Standard Deviation:,0,,,,
,,,,,
KO_10_day_MA_20240329.csv,90,0.2,0.3,150,0.1
10-day MA prediction after 5 days:,58.652428,,,,
Standard Deviation:,0,,,,
,,,,,
KO_10_day_MA_20240329.csv,90,0.2,0.3,200,0.001
10-day MA prediction after 5 days:,59.44325,,,,
Standard Deviation:,0,,,,
,,,,,
KO_10_day_MA_20240329.csv,90,0.2,0.3,200,0.01
10-day MA prediction after 5 days:,59.50507,,,,
Standard Deviation:,0,,,,
,,,,,
KO_10_day_MA_20240329.csv,90,0.2,0.3,200,0.1
10-day MA prediction after 5 days:,58.376537,,,,
Standard Deviation:,0,,,,
,,,,,
KO_10_day_MA_20240329.csv,90,0.2,0.5,50,0.001
10-day MA prediction after 5 days:,59.408504,,,,
Standard Deviation:,0,,,,
,,,,,
KO_10_day_MA_20240329.csv,90,0.2,0.5,50,0.01
10-day MA prediction after 5 days:,59.621586,,,,
Standard Deviation:,0,,,,
,,,,,
KO_10_day_MA_20240329.csv,90,0.2,0.5,50,0.1
10-day MA prediction after 5 days:,58.13958,,,,
Standard Deviation:,0,,,,
,,,,,
KO_10_day_MA_20240329.csv,90,0.2,0.5,100,0.001
10-day MA prediction after 5 days:,59.502926,,,,
Standard Deviation:,0,,,,
,,,,,
KO_10_day_MA_20240329.csv,90,0.2,0.5,100,0.01
10-day MA prediction after 5 days:,59.525215,,,,
Standard Deviation:,0,,,,
,,,,,
KO_10_day_MA_20240329.csv,90,0.2,0.5,100,0.1
10-day MA prediction after 5 days:,57.296223,,,,
Standard Deviation:,0,,,,
,,,,,
KO_10_day_MA_20240329.csv,90,0.2,0.5,150,0.001
10-day MA prediction after 5 days:,59.505413,,,,
Standard Deviation:,0,,,,
,,,,,
KO_10_day_MA_20240329.csv,90,0.2,0.5,150,0.01
10-day MA prediction after 5 days:,59.554665,,,,
Standard Deviation:,0,,,,
,,,,,
KO_10_day_MA_20240329.csv,90,0.2,0.5,150,0.1
10-day MA prediction after 5 days:,58.23452,,,,
Standard Deviation:,0,,,,
,,,,,
KO_10_day_MA_20240329.csv,90,0.2,0.5,200,0.001
10-day MA prediction after 5 days:,59.401234,,,,
Standard Deviation:,0,,,,
,,,,,
KO_10_day_MA_20240329.csv,90,0.2,0.5,200,0.01
10-day MA prediction after 5 days:,58.28492,,,,
Standard Deviation:,0,,,,
,,,,,
KO_10_day_MA_20240329.csv,90,0.2,0.5,200,0.1
10-day MA prediction after 5 days:,58.326702,,,,
Standard Deviation:,0,,,,
,,,,,
KO_10_day_MA_20240329.csv,90,0.3,0.1,50,0.001
10-day MA prediction after 5 days:,59.51837,,,,
Standard Deviation:,0,,,,
,,,,,
KO_10_day_MA_20240329.csv,90,0.3,0.1,50,0.01
10-day MA prediction after 5 days:,59.829624,,,,
Standard Deviation:,0,,,,
,,,,,
KO_10_day_MA_20240329.csv,90,0.3,0.1,50,0.1
10-day MA prediction after 5 days:,58.22554,,,,
Standard Deviation:,0,,,,
,,,,,
KO_10_day_MA_20240329.csv,90,0.3,0.1,100,0.001
10-day MA prediction after 5 days:,59.536545,,,,
Standard Deviation:,0,,,,
,,,,,
KO_10_day_MA_20240329.csv,90,0.3,0.1,100,0.01
10-day MA prediction after 5 days:,59.65582,,,,
Standard Deviation:,0,,,,
,,,,,
KO_10_day_MA_20240329.csv,90,0.3,0.1,100,0.1
10-day MA prediction after 5 days:,58.110764,,,,
Standard Deviation:,0,,,,
,,,,,
KO_10_day_MA_20240329.csv,90,0.3,0.1,150,0.001
10-day MA prediction after 5 days:,59.47767,,,,
Standard Deviation:,0,,,,
,,,,,
KO_10_day_MA_20240329.csv,90,0.3,0.1,150,0.01
10-day MA prediction after 5 days:,59.781406,,,,
Standard Deviation:,0,,,,
,,,,,
KO_10_day_MA_20240329.csv,90,0.3,0.1,150,0.1
10-day MA prediction after 5 days:,58.209023,,,,
Standard Deviation:,0,,,,
,,,,,
KO_10_day_MA_20240329.csv,90,0.3,0.1,200,0.001
10-day MA prediction after 5 days:,59.539696,,,,
Standard Deviation:,0,,,,
,,,,,
KO_10_day_MA_20240329.csv,90,0.3,0.1,200,0.01
10-day MA prediction after 5 days:,58.612495,,,,
Standard Deviation:,0,,,,
,,,,,
KO_10_day_MA_20240329.csv,90,0.3,0.1,200,0.1
10-day MA prediction after 5 days:,58.380787,,,,
Standard Deviation:,0,,,,
,,,,,
KO_10_day_MA_20240329.csv,90,0.3,0.2,50,0.001
10-day MA prediction after 5 days:,59.433563,,,,
Standard Deviation:,0,,,,
,,,,,
KO_10_day_MA_20240329.csv,90,0.3,0.2,50,0.01
10-day MA prediction after 5 days:,59.616333,,,,
Standard Deviation:,0,,,,
,,,,,
KO_10_day_MA_20240329.csv,90,0.3,0.2,50,0.1
10-day MA prediction after 5 days:,58.19443,,,,
Standard Deviation:,0,,,,
,,,,,
KO_10_day_MA_20240329.csv,90,0.3,0.2,100,0.001
10-day MA prediction after 5 days:,59.474216,,,,
Standard Deviation:,0,,,,
,,,,,
KO_10_day_MA_20240329.csv,90,0.3,0.2,100,0.01
10-day MA prediction after 5 days:,59.56156,,,,
Standard Deviation:,0,,,,
,,,,,
KO_10_day_MA_20240329.csv,90,0.3,0.2,100,0.1
10-day MA prediction after 5 days:,58.28727,,,,
Standard Deviation:,0,,,,
,,,,,
KO_10_day_MA_20240329.csv,90,0.3,0.2,150,0.001
10-day MA prediction after 5 days:,59.490532,,,,
Standard Deviation:,0,,,,
,,,,,
KO_10_day_MA_20240329.csv,90,0.3,0.2,150,0.01
10-day MA prediction after 5 days:,59.539375,,,,
Standard Deviation:,0,,,,
,,,,,
KO_10_day_MA_20240329.csv,90,0.3,0.2,150,0.1
10-day MA prediction after 5 days:,58.356956,,,,
Standard Deviation:,0,,,,
,,,,,
KO_10_day_MA_20240329.csv,90,0.3,0.2,200,0.001
10-day MA prediction after 5 days:,59.41562,,,,
Standard Deviation:,0,,,,
,,,,,
KO_10_day_MA_20240329.csv,90,0.3,0.2,200,0.01
10-day MA prediction after 5 days:,59.33107,,,,
Standard Deviation:,0,,,,
,,,,,
KO_10_day_MA_20240329.csv,90,0.3,0.2,200,0.1
10-day MA prediction after 5 days:,58.41947,,,,
Standard Deviation:,0,,,,
,,,,,
KO_10_day_MA_20240329.csv,90,0.3,0.3,50,0.001
10-day MA prediction after 5 days:,59.434944,,,,
Standard Deviation:,0,,,,
,,,,,
KO_10_day_MA_20240329.csv,90,0.3,0.3,50,0.01
10-day MA prediction after 5 days:,59.64706,,,,
Standard Deviation:,0,,,,
,,,,,
KO_10_day_MA_20240329.csv,90,0.3,0.3,50,0.1
10-day MA prediction after 5 days:,57.978676,,,,
Standard Deviation:,0,,,,
,,,,,
KO_10_day_MA_20240329.csv,90,0.3,0.3,100,0.001
10-day MA prediction after 5 days:,59.432575,,,,
Standard Deviation:,0,,,,
,,,,,
KO_10_day_MA_20240329.csv,90,0.3,0.3,100,0.01
10-day MA prediction after 5 days:,59.5744,,,,
Standard Deviation:,0,,,,
,,,,,
KO_10_day_MA_20240329.csv,90,0.3,0.3,100,0.1
10-day MA prediction after 5 days:,57.95194,,,,
Standard Deviation:,0,,,,
,,,,,
KO_10_day_MA_20240329.csv,90,0.3,0.3,150,0.001
10-day MA prediction after 5 days:,59.469555,,,,
Standard Deviation:,0,,,,
,,,,,
KO_10_day_MA_20240329.csv,90,0.3,0.3,150,0.01
10-day MA prediction after 5 days:,59.489628,,,,
Standard Deviation:,0,,,,
,,,,,
KO_10_day_MA_20240329.csv,90,0.3,0.3,150,0.1
10-day MA prediction after 5 days:,58.43201,,,,
Standard Deviation:,0,,,,
,,,,,
KO_10_day_MA_20240329.csv,90,0.3,0.3,200,0.001
10-day MA prediction after 5 days:,59.461914,,,,
Standard Deviation:,0,,,,
,,,,,
KO_10_day_MA_20240329.csv,90,0.3,0.3,200,0.01
10-day MA prediction after 5 days:,58.421425,,,,
Standard Deviation:,0,,,,
,,,,,
KO_10_day_MA_20240329.csv,90,0.3,0.3,200,0.1
10-day MA prediction after 5 days:,58.397976,,,,
Standard Deviation:,0,,,,
,,,,,
KO_10_day_MA_20240329.csv,90,0.3,0.5,50,0.001
10-day MA prediction after 5 days:,59.284073,,,,
Standard Deviation:,0,,,,
,,,,,
KO_10_day_MA_20240329.csv,90,0.3,0.5,50,0.01
10-day MA prediction after 5 days:,59.400448,,,,
Standard Deviation:,0,,,,
,,,,,
KO_10_day_MA_20240329.csv,90,0.3,0.5,50,0.1
10-day MA prediction after 5 days:,58.181263,,,,
Standard Deviation:,0,,,,
,,,,,
KO_10_day_MA_20240329.csv,90,0.3,0.5,100,0.001
10-day MA prediction after 5 days:,59.382545,,,,
Standard Deviation:,0,,,,
,,,,,
KO_10_day_MA_20240329.csv,90,0.3,0.5,100,0.01
10-day MA prediction after 5 days:,59.460087,,,,
Standard Deviation:,0,,,,
,,,,,
KO_10_day_MA_20240329.csv,90,0.3,0.5,100,0.1
10-day MA prediction after 5 days:,57.98058,,,,
Standard Deviation:,0,,,,
,,,,,
KO_10_day_MA_20240329.csv,90,0.3,0.5,150,0.001
10-day MA prediction after 5 days:,59.433903,,,,
Standard Deviation:,0,,,,
,,,,,
KO_10_day_MA_20240329.csv,90,0.3,0.5,150,0.01
10-day MA prediction after 5 days:,59.443924,,,,
Standard Deviation:,0,,,,
,,,,,
KO_10_day_MA_20240329.csv,90,0.3,0.5,150,0.1
10-day MA prediction after 5 days:,58.119503,,,,
Standard Deviation:,0,,,,
,,,,,
KO_10_day_MA_20240329.csv,90,0.3,0.5,200,0.001
10-day MA prediction after 5 days:,59.543262,,,,
Standard Deviation:,0,,,,
,,,,,
KO_10_day_MA_20240329.csv,90,0.3,0.5,200,0.01
10-day MA prediction after 5 days:,58.151676,,,,
Standard Deviation:,0,,,,
,,,,,
KO_10_day_MA_20240329.csv,90,0.3,0.5,200,0.1
10-day MA prediction after 5 days:,58.4688,,,,
Standard Deviation:,0,,,,
,,,,,
KO_10_day_MA_20240329.csv,120,0.1,0.1,50,0.001
10-day MA prediction after 5 days:,59.794262,,,,
Standard Deviation:,0,,,,
,,,,,
KO_10_day_MA_20240329.csv,120,0.1,0.1,50,0.01
10-day MA prediction after 5 days:,59.931446,,,,
Standard Deviation:,0,,,,
,,,,,
KO_10_day_MA_20240329.csv,120,0.1,0.1,50,0.1
10-day MA prediction after 5 days:,58.46833,,,,
Standard Deviation:,0,,,,
,,,,,
KO_10_day_MA_20240329.csv,120,0.1,0.1,100,0.001
10-day MA prediction after 5 days:,59.8072,,,,
Standard Deviation:,0,,,,
,,,,,
KO_10_day_MA_20240329.csv,120,0.1,0.1,100,0.01
10-day MA prediction after 5 days:,59.853207,,,,
Standard Deviation:,0,,,,
,,,,,
KO_10_day_MA_20240329.csv,120,0.1,0.1,100,0.1
10-day MA prediction after 5 days:,58.545372,,,,
Standard Deviation:,0,,,,
,,,,,
KO_10_day_MA_20240329.csv,120,0.1,0.1,150,0.001
10-day MA prediction after 5 days:,59.793926,,,,
Standard Deviation:,0,,,,
,,,,,
KO_10_day_MA_20240329.csv,120,0.1,0.1,150,0.01
10-day MA prediction after 5 days:,59.81564,,,,
Standard Deviation:,0,,,,
,,,,,
KO_10_day_MA_20240329.csv,120,0.1,0.1,150,0.1
10-day MA prediction after 5 days:,58.4285,,,,
Standard Deviation:,0,,,,
,,,,,
KO_10_day_MA_20240329.csv,120,0.1,0.1,200,0.001
10-day MA prediction after 5 days:,59.659653,,,,
Standard Deviation:,0,,,,
,,,,,
KO_10_day_MA_20240329.csv,120,0.1,0.1,200,0.01
10-day MA prediction after 5 days:,58.485508,,,,
Standard Deviation:,0,,,,
,,,,,
KO_10_day_MA_20240329.csv,120,0.1,0.1,200,0.1
10-day MA prediction after 5 days:,58.299145,,,,
Standard Deviation:,0,,,,
,,,,,
KO_10_day_MA_20240329.csv,120,0.1,0.2,50,0.001
10-day MA prediction after 5 days:,59.806747,,,,
Standard Deviation:,0,,,,
,,,,,
KO_10_day_MA_20240329.csv,120,0.1,0.2,50,0.01
10-day MA prediction after 5 days:,59.915863,,,,
Standard Deviation:,0,,,,
,,,,,
KO_10_day_MA_20240329.csv,120,0.1,0.2,50,0.1
10-day MA prediction after 5 days:,58.911346,,,,
Standard Deviation:,0,,,,
,,,,,
KO_10_day_MA_20240329.csv,120,0.1,0.2,100,0.001
10-day MA prediction after 5 days:,59.80898,,,,
Standard Deviation:,0,,,,
,,,,,
KO_10_day_MA_20240329.csv,120,0.1,0.2,100,0.01
10-day MA prediction after 5 days:,59.82136,,,,
Standard Deviation:,0,,,,
,,,,,
KO_10_day_MA_20240329.csv,120,0.1,0.2,100,0.1
10-day MA prediction after 5 days:,59.040768,,,,
Standard Deviation:,0,,,,
,,,,,
KO_10_day_MA_20240329.csv,120,0.1,0.2,150,0.001
10-day MA prediction after 5 days:,59.74233,,,,
Standard Deviation:,0,,,,
,,,,,
KO_10_day_MA_20240329.csv,120,0.1,0.2,150,0.01
10-day MA prediction after 5 days:,59.905865,,,,
Standard Deviation:,0,,,,
,,,,,
KO_10_day_MA_20240329.csv,120,0.1,0.2,150,0.1
10-day MA prediction after 5 days:,53.503822,,,,
Standard Deviation:,0,,,,
,,,,,
KO_10_day_MA_20240329.csv,120,0.1,0.2,200,0.001
10-day MA prediction after 5 days:,59.76468,,,,
Standard Deviation:,0,,,,
,,,,,
KO_10_day_MA_20240329.csv,120,0.1,0.2,200,0.01
10-day MA prediction after 5 days:,58.66203,,,,
Standard Deviation:,0,,,,
,,,,,
KO_10_day_MA_20240329.csv,120,0.1,0.2,200,0.1
10-day MA prediction after 5 days:,58.306087,,,,
Standard Deviation:,0,,,,
,,,,,
KO_10_day_MA_20240329.csv,120,0.1,0.3,50,0.001
10-day MA prediction after 5 days:,59.844147,,,,
Standard Deviation:,0,,,,
,,,,,
KO_10_day_MA_20240329.csv,120,0.1,0.3,50,0.01
10-day MA prediction after 5 days:,59.91077,,,,
Standard Deviation:,0,,,,
,,,,,
KO_10_day_MA_20240329.csv,120,0.1,0.3,50,0.1
10-day MA prediction after 5 days:,58.372673,,,,
Standard Deviation:,0,,,,
,,,,,
KO_10_day_MA_20240329.csv,120,0.1,0.3,100,0.001
10-day MA prediction after 5 days:,59.81031,,,,
Standard Deviation:,0,,,,
,,,,,
KO_10_day_MA_20240329.csv,120,0.1,0.3,100,0.01
10-day MA prediction after 5 days:,59.859917,,,,
Standard Deviation:,0,,,,
,,,,,
KO_10_day_MA_20240329.csv,120,0.1,0.3,100,0.1
10-day MA prediction after 5 days:,58.05837,,,,
Standard Deviation:,0,,,,
,,,,,
KO_10_day_MA_20240329.csv,120,0.1,0.3,150,0.001
10-day MA prediction after 5 days:,59.76899,,,,
Standard Deviation:,0,,,,
,,,,,
KO_10_day_MA_20240329.csv,120,0.1,0.3,150,0.01
10-day MA prediction after 5 days:,59.882404,,,,
Standard Deviation:,0,,,,
,,,,,
KO_10_day_MA_20240329.csv,120,0.1,0.3,150,0.1
10-day MA prediction after 5 days:,58.373318,,,,
Standard Deviation:,0,,,,
,,,,,
KO_10_day_MA_20240329.csv,120,0.1,0.3,200,0.001
10-day MA prediction after 5 days:,59.77651,,,,
Standard Deviation:,0,,,,
,,,,,
KO_10_day_MA_20240329.csv,120,0.1,0.3,200,0.01
10-day MA prediction after 5 days:,58.373035,,,,
Standard Deviation:,0,,,,
,,,,,
KO_10_day_MA_20240329.csv,120,0.1,0.3,200,0.1
10-day MA prediction after 5 days:,58.47618,,,,
Standard Deviation:,0,,,,
,,,,,
KO_10_day_MA_20240329.csv,120,0.1,0.5,50,0.001
10-day MA prediction after 5 days:,59.734535,,,,
Standard Deviation:,0,,,,
,,,,,
KO_10_day_MA_20240329.csv,120,0.1,0.5,50,0.01
10-day MA prediction after 5 days:,59.745983,,,,
Standard Deviation:,0,,,,
,,,,,
KO_10_day_MA_20240329.csv,120,0.1,0.5,50,0.1
10-day MA prediction after 5 days:,58.174435,,,,
Standard Deviation:,0,,,,
,,,,,
KO_10_day_MA_20240329.csv,120,0.1,0.5,100,0.001
10-day MA prediction after 5 days:,59.75303,,,,
Standard Deviation:,0,,,,
,,,,,
KO_10_day_MA_20240329.csv,120,0.1,0.5,100,0.01
10-day MA prediction after 5 days:,59.68928,,,,
Standard Deviation:,0,,,,
,,,,,
KO_10_day_MA_20240329.csv,120,0.1,0.5,100,0.1
10-day MA prediction after 5 days:,57.900345,,,,
Standard Deviation:,0,,,,
,,,,,
KO_10_day_MA_20240329.csv,120,0.1,0.5,150,0.001
10-day MA prediction after 5 days:,59.78182,,,,
Standard Deviation:,0,,,,
,,,,,
KO_10_day_MA_20240329.csv,120,0.1,0.5,150,0.01
10-day MA prediction after 5 days:,59.810497,,,,
Standard Deviation:,0,,,,
,,,,,
KO_10_day_MA_20240329.csv,120,0.1,0.5,150,0.1
10-day MA prediction after 5 days:,58.3815,,,,
Standard Deviation:,0,,,,
,,,,,
KO_10_day_MA_20240329.csv,120,0.1,0.5,200,0.001
10-day MA prediction after 5 days:,59.785023,,,,
Standard Deviation:,0,,,,
,,,,,
KO_10_day_MA_20240329.csv,120,0.1,0.5,200,0.01
10-day MA prediction after 5 days:,58.41567,,,,
Standard Deviation:,0,,,,
,,,,,
KO_10_day_MA_20240329.csv,120,0.1,0.5,200,0.1
10-day MA prediction after 5 days:,58.359592,,,,
Standard Deviation:,0,,,,
,,,,,
KO_10_day_MA_20240329.csv,120,0.2,0.1,50,0.001
10-day MA prediction after 5 days:,59.910458,,,,
Standard Deviation:,0,,,,
,,,,,
KO_10_day_MA_20240329.csv,120,0.2,0.1,50,0.01
10-day MA prediction after 5 days:,59.967384,,,,
Standard Deviation:,0,,,,
,,,,,
KO_10_day_MA_20240329.csv,120,0.2,0.1,50,0.1
10-day MA prediction after 5 days:,58.214188,,,,
Standard Deviation:,0,,,,
,,,,,
KO_10_day_MA_20240329.csv,120,0.2,0.1,100,0.001
10-day MA prediction after 5 days:,59.79336,,,,
Standard Deviation:,0,,,,
,,,,,
KO_10_day_MA_20240329.csv,120,0.2,0.1,100,0.01
10-day MA prediction after 5 days:,59.920525,,,,
Standard Deviation:,0,,,,
,,,,,
KO_10_day_MA_20240329.csv,120,0.2,0.1,100,0.1
10-day MA prediction after 5 days:,58.04103,,,,
Standard Deviation:,0,,,,
,,,,,
KO_10_day_MA_20240329.csv,120,0.2,0.1,150,0.001
10-day MA prediction after 5 days:,59.74855,,,,
Standard Deviation:,0,,,,
,,,,,
KO_10_day_MA_20240329.csv,120,0.2,0.1,150,0.01
10-day MA prediction after 5 days:,59.620476,,,,
Standard Deviation:,0,,,,
,,,,,
KO_10_day_MA_20240329.csv,120,0.2,0.1,150,0.1
10-day MA prediction after 5 days:,58.509846,,,,
Standard Deviation:,0,,,,
,,,,,
KO_10_day_MA_20240329.csv,120,0.2,0.1,200,0.001
10-day MA prediction after 5 days:,59.841545,,,,
Standard Deviation:,0,,,,
,,,,,
KO_10_day_MA_20240329.csv,120,0.2,0.1,200,0.01
10-day MA prediction after 5 days:,58.37989,,,,
Standard Deviation:,0,,,,
,,,,,
KO_10_day_MA_20240329.csv,120,0.2,0.1,200,0.1
10-day MA prediction after 5 days:,58.63554,,,,
Standard Deviation:,0,,,,
,,,,,
KO_10_day_MA_20240329.csv,120,0.2,0.2,50,0.001
10-day MA prediction after 5 days:,59.86965,,,,
Standard Deviation:,0,,,,
,,,,,
KO_10_day_MA_20240329.csv,120,0.2,0.2,50,0.01
10-day MA prediction after 5 days:,59.929485,,,,
Standard Deviation:,0,,,,
,,,,,
KO_10_day_MA_20240329.csv,120,0.2,0.2,50,0.1
10-day MA prediction after 5 days:,58.361233,,,,
Standard Deviation:,0,,,,
,,,,,
KO_10_day_MA_20240329.csv,120,0.2,0.2,100,0.001
10-day MA prediction after 5 days:,59.854843,,,,
Standard Deviation:,0,,,,
,,,,,
KO_10_day_MA_20240329.csv,120,0.2,0.2,100,0.01
10-day MA prediction after 5 days:,59.92074,,,,
Standard Deviation:,0,,,,
,,,,,
KO_10_day_MA_20240329.csv,120,0.2,0.2,100,0.1
10-day MA prediction after 5 days:,58.365143,,,,
Standard Deviation:,0,,,,
,,,,,
KO_10_day_MA_20240329.csv,120,0.2,0.2,150,0.001
10-day MA prediction after 5 days:,59.824944,,,,
Standard Deviation:,0,,,,
,,,,,
KO_10_day_MA_20240329.csv,120,0.2,0.2,150,0.01
10-day MA prediction after 5 days:,59.88492,,,,
Standard Deviation:,0,,,,
,,,,,
KO_10_day_MA_20240329.csv,120,0.2,0.2,150,0.1
10-day MA prediction after 5 days:,58.32191,,,,
Standard Deviation:,0,,,,
,,,,,
KO_10_day_MA_20240329.csv,120,0.2,0.2,200,0.001
10-day MA prediction after 5 days:,59.826088,,,,
Standard Deviation:,0,,,,
,,,,,
KO_10_day_MA_20240329.csv,120,0.2,0.2,200,0.01
10-day MA prediction after 5 days:,59.839657,,,,
Standard Deviation:,0,,,,
,,,,,
KO_10_day_MA_20240329.csv,120,0.2,0.2,200,0.1
10-day MA prediction after 5 days:,58.313267,,,,
Standard Deviation:,0,,,,
,,,,,
KO_10_day_MA_20240329.csv,120,0.2,0.3,50,0.001
10-day MA prediction after 5 days:,59.85892,,,,
Standard Deviation:,0,,,,
,,,,,
KO_10_day_MA_20240329.csv,120,0.2,0.3,50,0.01
10-day MA prediction after 5 days:,59.787003,,,,
Standard Deviation:,0,,,,
,,,,,
KO_10_day_MA_20240329.csv,120,0.2,0.3,50,0.1
10-day MA prediction after 5 days:,58.077198,,,,
Standard Deviation:,0,,,,
,,,,,
KO_10_day_MA_20240329.csv,120,0.2,0.3,100,0.001
10-day MA prediction after 5 days:,59.841755,,,,
Standard Deviation:,0,,,,
,,,,,
KO_10_day_MA_20240329.csv,120,0.2,0.3,100,0.01
10-day MA prediction after 5 days:,59.768845,,,,
Standard Deviation:,0,,,,
,,,,,
KO_10_day_MA_20240329.csv,120,0.2,0.3,100,0.1
10-day MA prediction after 5 days:,nan,,,,
Standard Deviation:,nan,,,,
,,,,,
KO_10_day_MA_20240329.csv,120,0.2,0.3,150,0.001
10-day MA prediction after 5 days:,59.811913,,,,
Standard Deviation:,0,,,,
,,,,,
KO_10_day_MA_20240329.csv,120,0.2,0.3,150,0.01
10-day MA prediction after 5 days:,59.85042,,,,
Standard Deviation:,0,,,,
,,,,,
KO_10_day_MA_20240329.csv,120,0.2,0.3,150,0.1
10-day MA prediction after 5 days:,58.388588,,,,
Standard Deviation:,0,,,,
,,,,,
KO_10_day_MA_20240329.csv,120,0.2,0.3,200,0.001
10-day MA prediction after 5 days:,59.835285,,,,
Standard Deviation:,0,,,,
,,,,,
KO_10_day_MA_20240329.csv,120,0.2,0.3,200,0.01
10-day MA prediction after 5 days:,59.552834,,,,
Standard Deviation:,0,,,,
,,,,,
KO_10_day_MA_20240329.csv,120,0.2,0.3,200,0.1
10-day MA prediction after 5 days:,58.84158,,,,
Standard Deviation:,0,,,,
,,,,,
KO_10_day_MA_20240329.csv,120,0.2,0.5,50,0.001
10-day MA prediction after 5 days:,59.722237,,,,
Standard Deviation:,0,,,,
,,,,,
KO_10_day_MA_20240329.csv,120,0.2,0.5,50,0.01
10-day MA prediction after 5 days:,59.7928,,,,
Standard Deviation:,0,,,,
,,,,,
KO_10_day_MA_20240329.csv,120,0.2,0.5,50,0.1
10-day MA prediction after 5 days:,58.062862,,,,
Standard Deviation:,0,,,,
,,,,,
KO_10_day_MA_20240329.csv,120,0.2,0.5,100,0.001
10-day MA prediction after 5 days:,59.80236,,,,
Standard Deviation:,0,,,,
,,,,,
KO_10_day_MA_20240329.csv,120,0.2,0.5,100,0.01
10-day MA prediction after 5 days:,59.82203,,,,
Standard Deviation:,0,,,,
,,,,,
KO_10_day_MA_20240329.csv,120,0.2,0.5,100,0.1
10-day MA prediction after 5 days:,58.086147,,,,
Standard Deviation:,0,,,,
,,,,,
KO_10_day_MA_20240329.csv,120,0.2,0.5,150,0.001
10-day MA prediction after 5 days:,59.790703,,,,
Standard Deviation:,0,,,,
,,,,,
KO_10_day_MA_20240329.csv,120,0.2,0.5,150,0.01
10-day MA prediction after 5 days:,59.63202,,,,
Standard Deviation:,0,,,,
,,,,,
KO_10_day_MA_20240329.csv,120,0.2,0.5,150,0.1
10-day MA prediction after 5 days:,58.081295,,,,
Standard Deviation:,0,,,,
,,,,,
KO_10_day_MA_20240329.csv,120,0.2,0.5,200,0.001
10-day MA prediction after 5 days:,59.85841,,,,
Standard Deviation:,0,,,,
,,,,,
KO_10_day_MA_20240329.csv,120,0.2,0.5,200,0.01
10-day MA prediction after 5 days:,59.29467,,,,
Standard Deviation:,0,,,,
,,,,,
KO_10_day_MA_20240329.csv,120,0.2,0.5,200,0.1
10-day MA prediction after 5 days:,58.375847,,,,
Standard Deviation:,0,,,,
,,,,,
KO_10_day_MA_20240329.csv,120,0.3,0.1,50,0.001
10-day MA prediction after 5 days:,59.853672,,,,
Standard Deviation:,0,,,,
,,,,,
KO_10_day_MA_20240329.csv,120,0.3,0.1,50,0.01
10-day MA prediction after 5 days:,59.98186,,,,
Standard Deviation:,0,,,,
,,,,,
KO_10_day_MA_20240329.csv,120,0.3,0.1,50,0.1
10-day MA prediction after 5 days:,59.399902,,,,
Standard Deviation:,0,,,,
,,,,,
KO_10_day_MA_20240329.csv,120,0.3,0.1,100,0.001
10-day MA prediction after 5 days:,59.783337,,,,
Standard Deviation:,0,,,,
,,,,,
KO_10_day_MA_20240329.csv,120,0.3,0.1,100,0.01
10-day MA prediction after 5 days:,59.74212,,,,
Standard Deviation:,0,,,,
,,,,,
KO_10_day_MA_20240329.csv,120,0.3,0.1,100,0.1
10-day MA prediction after 5 days:,58.258965,,,,
Standard Deviation:,0,,,,
,,,,,
KO_10_day_MA_20240329.csv,120,0.3,0.1,150,0.001
10-day MA prediction after 5 days:,59.77345,,,,
Standard Deviation:,0,,,,
,,,,,
KO_10_day_MA_20240329.csv,120,0.3,0.1,150,0.01
10-day MA prediction after 5 days:,58.49624,,,,
Standard Deviation:,0,,,,
,,,,,
KO_10_day_MA_20240329.csv,120,0.3,0.1,150,0.1
10-day MA prediction after 5 days:,58.22571,,,,
Standard Deviation:,0,,,,
,,,,,
KO_10_day_MA_20240329.csv,120,0.3,0.1,200,0.001
10-day MA prediction after 5 days:,59.80451,,,,
Standard Deviation:,0,,,,
,,,,,
KO_10_day_MA_20240329.csv,120,0.3,0.1,200,0.01
10-day MA prediction after 5 days:,59.443924,,,,
Standard Deviation:,0,,,,
,,,,,
KO_10_day_MA_20240329.csv,120,0.3,0.1,200,0.1
10-day MA prediction after 5 days:,58.354004,,,,
Standard Deviation:,0,,,,
,,,,,
KO_10_day_MA_20240329.csv,120,0.3,0.2,50,0.001
10-day MA prediction after 5 days:,59.77143,,,,
Standard Deviation:,0,,,,
,,,,,
KO_10_day_MA_20240329.csv,120,0.3,0.2,50,0.01
10-day MA prediction after 5 days:,59.841167,,,,
Standard Deviation:,0,,,,
,,,,,
KO_10_day_MA_20240329.csv,120,0.3,0.2,50,0.1
10-day MA prediction after 5 days:,58.269253,,,,
Standard Deviation:,0,,,,
,,,,,
KO_10_day_MA_20240329.csv,120,0.3,0.2,100,0.001
10-day MA prediction after 5 days:,59.797054,,,,
Standard Deviation:,0,,,,
,,,,,
KO_10_day_MA_20240329.csv,120,0.3,0.2,100,0.01
10-day MA prediction after 5 days:,59.922466,,,,
Standard Deviation:,0,,,,
,,,,,
KO_10_day_MA_20240329.csv,120,0.3,0.2,100,0.1
10-day MA prediction after 5 days:,59.744484,,,,
Standard Deviation:,0,,,,
,,,,,
KO_10_day_MA_20240329.csv,120,0.3,0.2,150,0.001
10-day MA prediction after 5 days:,59.775013,,,,
Standard Deviation:,0,,,,
,,,,,
KO_10_day_MA_20240329.csv,120,0.3,0.2,150,0.01
10-day MA prediction after 5 days:,59.766937,,,,
Standard Deviation:,0,,,,
,,,,,
KO_10_day_MA_20240329.csv,120,0.3,0.2,150,0.1
10-day MA prediction after 5 days:,58.271294,,,,
Standard Deviation:,0,,,,
,,,,,
KO_10_day_MA_20240329.csv,120,0.3,0.2,200,0.001
10-day MA prediction after 5 days:,59.750206,,,,
Standard Deviation:,0,,,,
,,,,,
KO_10_day_MA_20240329.csv,120,0.3,0.2,200,0.01
10-day MA prediction after 5 days:,59.05157,,,,
Standard Deviation:,0,,,,
,,,,,
KO_10_day_MA_20240329.csv,120,0.3,0.2,200,0.1
10-day MA prediction after 5 days:,58.546833,,,,
Standard Deviation:,0,,,,
,,,,,
KO_10_day_MA_20240329.csv,120,0.3,0.3,50,0.001
10-day MA prediction after 5 days:,59.80213,,,,
Standard Deviation:,0,,,,
,,,,,
KO_10_day_MA_20240329.csv,120,0.3,0.3,50,0.01
10-day MA prediction after 5 days:,59.894997,,,,
Standard Deviation:,0,,,,
,,,,,
KO_10_day_MA_20240329.csv,120,0.3,0.3,50,0.1
10-day MA prediction after 5 days:,58.10999,,,,
Standard Deviation:,0,,,,
,,,,,
KO_10_day_MA_20240329.csv,120,0.3,0.3,100,0.001
10-day MA prediction after 5 days:,59.790123,,,,
Standard Deviation:,0,,,,
,,,,,
KO_10_day_MA_20240329.csv,120,0.3,0.3,100,0.01
10-day MA prediction after 5 days:,59.733715,,,,
Standard Deviation:,0,,,,
,,,,,
KO_10_day_MA_20240329.csv,120,0.3,0.3,100,0.1
10-day MA prediction after 5 days:,58.69344,,,,
Standard Deviation:,0,,,,
,,,,,
KO_10_day_MA_20240329.csv,120,0.3,0.3,150,0.001
10-day MA prediction after 5 days:,59.812313,,,,
Standard Deviation:,0,,,,
,,,,,
KO_10_day_MA_20240329.csv,120,0.3,0.3,150,0.01
10-day MA prediction after 5 days:,59.88445,,,,
Standard Deviation:,0,,,,
,,,,,
KO_10_day_MA_20240329.csv,120,0.3,0.3,150,0.1
10-day MA prediction after 5 days:,58.253582,,,,
Standard Deviation:,0,,,,
,,,,,
KO_10_day_MA_20240329.csv,120,0.3,0.3,200,0.001
10-day MA prediction after 5 days:,59.771244,,,,
Standard Deviation:,0,,,,
,,,,,
KO_10_day_MA_20240329.csv,120,0.3,0.3,200,0.01
10-day MA prediction after 5 days:,59.65997,,,,
Standard Deviation:,0,,,,
,,,,,
KO_10_day_MA_20240329.csv,120,0.3,0.3,200,0.1
10-day MA prediction after 5 days:,58.214092,,,,
Standard Deviation:,0,,,,
,,,,,
KO_10_day_MA_20240329.csv,120,0.3,0.5,50,0.001
10-day MA prediction after 5 days:,59.616966,,,,
Standard Deviation:,0,,,,
,,,,,
KO_10_day_MA_20240329.csv,120,0.3,0.5,50,0.01
10-day MA prediction after 5 days:,59.719177,,,,
Standard Deviation:,0,,,,
,,,,,
KO_10_day_MA_20240329.csv,120,0.3,0.5,50,0.1
10-day MA prediction after 5 days:,58.188126,,,,
Standard Deviation:,0,,,,
,,,,,
KO_10_day_MA_20240329.csv,120,0.3,0.5,100,0.001
10-day MA prediction after 5 days:,59.74029,,,,
Standard Deviation:,0,,,,
,,,,,
KO_10_day_MA_20240329.csv,120,0.3,0.5,100,0.01
10-day MA prediction after 5 days:,59.676193,,,,
Standard Deviation:,0,,,,
,,,,,
KO_10_day_MA_20240329.csv,120,0.3,0.5,100,0.1
10-day MA prediction after 5 days:,58.072517,,,,
Standard Deviation:,0,,,,
,,,,,
KO_10_day_MA_20240329.csv,120,0.3,0.5,150,0.001
10-day MA prediction after 5 days:,59.7287,,,,
Standard Deviation:,0,,,,
,,,,,
KO_10_day_MA_20240329.csv,120,0.3,0.5,150,0.01
10-day MA prediction after 5 days:,59.777245,,,,
Standard Deviation:,0,,,,
,,,,,
KO_10_day_MA_20240329.csv,120,0.3,0.5,150,0.1
10-day MA prediction after 5 days:,58.089558,,,,
Standard Deviation:,0,,,,
,,,,,
KO_10_day_MA_20240329.csv,120,0.3,0.5,200,0.001
10-day MA prediction after 5 days:,59.779755,,,,
Standard Deviation:,0,,,,
,,,,,
KO_10_day_MA_20240329.csv,120,0.3,0.5,200,0.01
10-day MA prediction after 5 days:,59.589127,,,,
Standard Deviation:,0,,,,
,,,,,
KO_10_day_MA_20240329.csv,120,0.3,0.5,200,0.1
10-day MA prediction after 5 days:,58.185024,,,,
Standard Deviation:,0,,,,
,,,,,
KO_10_day_MA_20240329.csv,200,0.1,0.1,50,0.001
10-day MA prediction after 5 days:,60.113174,,,,
Standard Deviation:,0,,,,
,,,,,
KO_10_day_MA_20240329.csv,200,0.1,0.1,50,0.01
10-day MA prediction after 5 days:,60.075405,,,,
Standard Deviation:,0,,,,
,,,,,
KO_10_day_MA_20240329.csv,200,0.1,0.1,50,0.1
10-day MA prediction after 5 days:,59.961742,,,,
Standard Deviation:,0,,,,
,,,,,
KO_10_day_MA_20240329.csv,200,0.1,0.1,100,0.001
10-day MA prediction after 5 days:,60.171387,,,,
Standard Deviation:,0,,,,
,,,,,
KO_10_day_MA_20240329.csv,200,0.1,0.1,100,0.01
10-day MA prediction after 5 days:,60.121403,,,,
Standard Deviation:,0,,,,
,,,,,
KO_10_day_MA_20240329.csv,200,0.1,0.1,100,0.1
10-day MA prediction after 5 days:,59.561478,,,,
Standard Deviation:,0,,,,
,,,,,
KO_10_day_MA_20240329.csv,200,0.1,0.1,150,0.001
10-day MA prediction after 5 days:,60.23828,,,,
Standard Deviation:,0,,,,
,,,,,
KO_10_day_MA_20240329.csv,200,0.1,0.1,150,0.01
10-day MA prediction after 5 days:,60.03997,,,,
Standard Deviation:,0,,,,
,,,,,
KO_10_day_MA_20240329.csv,200,0.1,0.1,150,0.1
10-day MA prediction after 5 days:,59.961895,,,,
Standard Deviation:,0,,,,
,,,,,
KO_10_day_MA_20240329.csv,200,0.1,0.1,200,0.001
10-day MA prediction after 5 days:,60.18624,,,,
Standard Deviation:,0,,,,
,,,,,
KO_10_day_MA_20240329.csv,200,0.1,0.1,200,0.01
10-day MA prediction after 5 days:,60.327885,,,,
Standard Deviation:,0,,,,
,,,,,
KO_10_day_MA_20240329.csv,200,0.1,0.1,200,0.1
10-day MA prediction after 5 days:,60.0022,,,,
Standard Deviation:,0,,,,
,,,,,
KO_10_day_MA_20240329.csv,200,0.1,0.2,50,0.001
10-day MA prediction after 5 days:,60.108074,,,,
Standard Deviation:,0,,,,
,,,,,
KO_10_day_MA_20240329.csv,200,0.1,0.2,50,0.01
10-day MA prediction after 5 days:,59.95847,,,,
Standard Deviation:,0,,,,
,,,,,
KO_10_day_MA_20240329.csv,200,0.1,0.2,50,0.1
10-day MA prediction after 5 days:,59.67584,,,,
Standard Deviation:,0,,,,
,,,,,
KO_10_day_MA_20240329.csv,200,0.1,0.2,100,0.001
10-day MA prediction after 5 days:,60.165424,,,,
Standard Deviation:,0,,,,
,,,,,
KO_10_day_MA_20240329.csv,200,0.1,0.2,100,0.01
10-day MA prediction after 5 days:,59.913322,,,,
Standard Deviation:,0,,,,
,,,,,
KO_10_day_MA_20240329.csv,200,0.1,0.2,100,0.1
10-day MA prediction after 5 days:,60.29388,,,,
Standard Deviation:,0,,,,
,,,,,
KO_10_day_MA_20240329.csv,200,0.1,0.2,150,0.001
10-day MA prediction after 5 days:,60.198807,,,,
Standard Deviation:,0,,,,
,,,,,
KO_10_day_MA_20240329.csv,200,0.1,0.2,150,0.01
10-day MA prediction after 5 days:,60.34082,,,,
Standard Deviation:,0,,,,
,,,,,
KO_10_day_MA_20240329.csv,200,0.1,0.2,150,0.1
10-day MA prediction after 5 days:,58.70054,,,,
Standard Deviation:,0,,,,
,,,,,
KO_10_day_MA_20240329.csv,200,0.1,0.2,200,0.001
10-day MA prediction after 5 days:,60.11393,,,,
Standard Deviation:,0,,,,
,,,,,
KO_10_day_MA_20240329.csv,200,0.1,0.2,200,0.01
10-day MA prediction after 5 days:,60.134674,,,,
Standard Deviation:,0,,,,
,,,,,
KO_10_day_MA_20240329.csv,200,0.1,0.2,200,0.1
10-day MA prediction after 5 days:,60.33347,,,,
Standard Deviation:,0,,,,
,,,,,
KO_10_day_MA_20240329.csv,200,0.1,0.3,50,0.001
10-day MA prediction after 5 days:,59.849873,,,,
Standard Deviation:,0,,,,
,,,,,
KO_10_day_MA_20240329.csv,200,0.1,0.3,50,0.01
10-day MA prediction after 5 days:,60.002598,,,,
Standard Deviation:,0,,,,
,,,,,
KO_10_day_MA_20240329.csv,200,0.1,0.3,50,0.1
10-day MA prediction after 5 days:,59.372875,,,,
Standard Deviation:,0,,,,
,,,,,
KO_10_day_MA_20240329.csv,200,0.1,0.3,100,0.001
10-day MA prediction after 5 days:,60.21174,,,,
Standard Deviation:,0,,,,
,,,,,
KO_10_day_MA_20240329.csv,200,0.1,0.3,100,0.01
10-day MA prediction after 5 days:,60.073906,,,,
Standard Deviation:,0,,,,
,,,,,
KO_10_day_MA_20240329.csv,200,0.1,0.3,100,0.1
10-day MA prediction after 5 days:,60.685852,,,,
Standard Deviation:,0,,,,
,,,,,
KO_10_day_MA_20240329.csv,200,0.1,0.3,150,0.001
10-day MA prediction after 5 days:,60.197304,,,,
Standard Deviation:,0,,,,
,,,,,
KO_10_day_MA_20240329.csv,200,0.1,0.3,150,0.01
10-day MA prediction after 5 days:,60.133587,,,,
Standard Deviation:,0,,,,
,,,,,
KO_10_day_MA_20240329.csv,200,0.1,0.3,150,0.1
10-day MA prediction after 5 days:,58.135376,,,,
Standard Deviation:,0,,,,
,,,,,
KO_10_day_MA_20240329.csv,200,0.1,0.3,200,0.001
10-day MA prediction after 5 days:,60.17815,,,,
Standard Deviation:,0,,,,
,,,,,
KO_10_day_MA_20240329.csv,200,0.1,0.3,200,0.01
10-day MA prediction after 5 days:,59.784523,,,,
Standard Deviation:,0,,,,
,,,,,
KO_10_day_MA_20240329.csv,200,0.1,0.3,200,0.1
10-day MA prediction after 5 days:,61.899197,,,,
Standard Deviation:,0,,,,
,,,,,
KO_10_day_MA_20240329.csv,200,0.1,0.5,50,0.001
10-day MA prediction after 5 days:,59.738144,,,,
Standard Deviation:,0,,,,
,,,,,
KO_10_day_MA_20240329.csv,200,0.1,0.5,50,0.01
10-day MA prediction after 5 days:,59.55512,,,,
Standard Deviation:,0,,,,
,,,,,
KO_10_day_MA_20240329.csv,200,0.1,0.5,50,0.1
10-day MA prediction after 5 days:,58.71398,,,,
Standard Deviation:,0,,,,
,,,,,
KO_10_day_MA_20240329.csv,200,0.1,0.5,100,0.001
10-day MA prediction after 5 days:,60.14835,,,,
Standard Deviation:,0,,,,
,,,,,
KO_10_day_MA_20240329.csv,200,0.1,0.5,100,0.01
10-day MA prediction after 5 days:,60.066055,,,,
Standard Deviation:,0,,,,
,,,,,
KO_10_day_MA_20240329.csv,200,0.1,0.5,100,0.1
10-day MA prediction after 5 days:,nan,,,,
Standard Deviation:,nan,,,,
,,,,,
KO_10_day_MA_20240329.csv,200,0.1,0.5,150,0.001
10-day MA prediction after 5 days:,60.200928,,,,
Standard Deviation:,0,,,,
,,,,,
KO_10_day_MA_20240329.csv,200,0.1,0.5,150,0.01
10-day MA prediction after 5 days:,60.378124,,,,
Standard Deviation:,0,,,,
,,,,,
KO_10_day_MA_20240329.csv,200,0.1,0.5,150,0.1
10-day MA prediction after 5 days:,57.899014,,,,
Standard Deviation:,0,,,,
,,,,,
KO_10_day_MA_20240329.csv,200,0.1,0.5,200,0.001
10-day MA prediction after 5 days:,60.115925,,,,
Standard Deviation:,0,,,,
,,,,,
KO_10_day_MA_20240329.csv,200,0.1,0.5,200,0.01
10-day MA prediction after 5 days:,59.830063,,,,
Standard Deviation:,0,,,,
,,,,,
KO_10_day_MA_20240329.csv,200,0.1,0.5,200,0.1
10-day MA prediction after 5 days:,55.19995,,,,
Standard Deviation:,0,,,,
,,,,,
KO_10_day_MA_20240329.csv,200,0.2,0.1,50,0.001
10-day MA prediction after 5 days:,59.974525,,,,
Standard Deviation:,0,,,,
,,,,,
KO_10_day_MA_20240329.csv,200,0.2,0.1,50,0.01
10-day MA prediction after 5 days:,60.054447,,,,
Standard Deviation:,0,,,,
,,,,,
KO_10_day_MA_20240329.csv,200,0.2,0.1,50,0.1
10-day MA prediction after 5 days:,60.280983,,,,
Standard Deviation:,0,,,,
,,,,,
KO_10_day_MA_20240329.csv,200,0.2,0.1,100,0.001
10-day MA prediction after 5 days:,60.360367,,,,
Standard Deviation:,0,,,,
,,,,,
KO_10_day_MA_20240329.csv,200,0.2,0.1,100,0.01
10-day MA prediction after 5 days:,60.183105,,,,
Standard Deviation:,0,,,,
,,,,,
KO_10_day_MA_20240329.csv,200,0.2,0.1,100,0.1
10-day MA prediction after 5 days:,nan,,,,
Standard Deviation:,nan,,,,
,,,,,
KO_10_day_MA_20240329.csv,200,0.2,0.1,150,0.001
10-day MA prediction after 5 days:,60.081963,,,,
Standard Deviation:,0,,,,
,,,,,
KO_10_day_MA_20240329.csv,200,0.2,0.1,150,0.01
10-day MA prediction after 5 days:,60.193665,,,,
Standard Deviation:,0,,,,
,,,,,
KO_10_day_MA_20240329.csv,200,0.2,0.1,150,0.1
10-day MA prediction after 5 days:,57.74501,,,,
Standard Deviation:,0,,,,
,,,,,
KO_10_day_MA_20240329.csv,200,0.2,0.1,200,0.001
10-day MA prediction after 5 days:,60.213062,,,,
Standard Deviation:,0,,,,
,,,,,
KO_10_day_MA_20240329.csv,200,0.2,0.1,200,0.01
10-day MA prediction after 5 days:,60.123333,,,,
Standard Deviation:,0,,,,
,,,,,
KO_10_day_MA_20240329.csv,200,0.2,0.1,200,0.1
10-day MA prediction after 5 days:,62.97314,,,,
Standard Deviation:,0,,,,
,,,,,
KO_10_day_MA_20240329.csv,200,0.2,0.2,50,0.001
10-day MA prediction after 5 days:,59.989765,,,,
Standard Deviation:,0,,,,
,,,,,
KO_10_day_MA_20240329.csv,200,0.2,0.2,50,0.01
10-day MA prediction after 5 days:,60.24768,,,,
Standard Deviation:,0,,,,
,,,,,
KO_10_day_MA_20240329.csv,200,0.2,0.2,50,0.1
10-day MA prediction after 5 days:,59.625042,,,,
Standard Deviation:,0,,,,
,,,,,
KO_10_day_MA_20240329.csv,200,0.2,0.2,100,0.001
10-day MA prediction after 5 days:,60.250202,,,,
Standard Deviation:,0,,,,
,,,,,
KO_10_day_MA_20240329.csv,200,0.2,0.2,100,0.01
10-day MA prediction after 5 days:,60.187035,,,,
Standard Deviation:,0,,,,
,,,,,
KO_10_day_MA_20240329.csv,200,0.2,0.2,100,0.1
10-day MA prediction after 5 days:,60.598248,,,,
Standard Deviation:,0,,,,
,,,,,
KO_10_day_MA_20240329.csv,200,0.2,0.2,150,0.001
10-day MA prediction after 5 days:,60.03105,,,,
Standard Deviation:,0,,,,
,,,,,
KO_10_day_MA_20240329.csv,200,0.2,0.2,150,0.01
10-day MA prediction after 5 days:,59.99802,,,,
Standard Deviation:,0,,,,
,,,,,
KO_10_day_MA_20240329.csv,200,0.2,0.2,150,0.1
10-day MA prediction after 5 days:,56.97669,,,,
Standard Deviation:,0,,,,
,,,,,
KO_10_day_MA_20240329.csv,200,0.2,0.2,200,0.001
10-day MA prediction after 5 days:,60.25683,,,,
Standard Deviation:,0,,,,
,,,,,
KO_10_day_MA_20240329.csv,200,0.2,0.2,200,0.01
10-day MA prediction after 5 days:,60.915344,,,,
Standard Deviation:,0,,,,
,,,,,
KO_10_day_MA_20240329.csv,200,0.2,0.2,200,0.1
10-day MA prediction after 5 days:,58.864388,,,,
Standard Deviation:,0,,,,
,,,,,
KO_10_day_MA_20240329.csv,200,0.2,0.3,50,0.001
10-day MA prediction after 5 days:,60.203148,,,,
Standard Deviation:,0,,,,
,,,,,
KO_10_day_MA_20240329.csv,200,0.2,0.3,50,0.01
10-day MA prediction after 5 days:,60.010105,,,,
Standard Deviation:,0,,,,
,,,,,
KO_10_day_MA_20240329.csv,200,0.2,0.3,50,0.1
10-day MA prediction after 5 days:,59.421158,,,,
Standard Deviation:,0,,,,
,,,,,
KO_10_day_MA_20240329.csv,200,0.2,0.3,100,0.001
10-day MA prediction after 5 days:,60.271435,,,,
Standard Deviation:,0,,,,
,,,,,
KO_10_day_MA_20240329.csv,200,0.2,0.3,100,0.01
10-day MA prediction after 5 days:,59.956997,,,,
Standard Deviation:,0,,,,
,,,,,
KO_10_day_MA_20240329.csv,200,0.2,0.3,100,0.1
10-day MA prediction after 5 days:,59.26131,,,,
Standard Deviation:,0,,,,
,,,,,
KO_10_day_MA_20240329.csv,200,0.2,0.3,150,0.001
10-day MA prediction after 5 days:,60.050053,,,,
Standard Deviation:,0,,,,
,,,,,
KO_10_day_MA_20240329.csv,200,0.2,0.3,150,0.01
10-day MA prediction after 5 days:,60.16555,,,,
Standard Deviation:,0,,,,
,,,,,
KO_10_day_MA_20240329.csv,200,0.2,0.3,150,0.1
10-day MA prediction after 5 days:,58.56056,,,,
Standard Deviation:,0,,,,
,,,,,
KO_10_day_MA_20240329.csv,200,0.2,0.3,200,0.001
10-day MA prediction after 5 days:,59.977165,,,,
Standard Deviation:,0,,,,
,,,,,
KO_10_day_MA_20240329.csv,200,0.2,0.3,200,0.01
10-day MA prediction after 5 days:,61.651093,,,,
Standard Deviation:,0,,,,
,,,,,
KO_10_day_MA_20240329.csv,200,0.2,0.3,200,0.1
10-day MA prediction after 5 days:,59.269573,,,,
Standard Deviation:,0,,,,
,,,,,
KO_10_day_MA_20240329.csv,200,0.2,0.5,50,0.001
10-day MA prediction after 5 days:,59.73063,,,,
Standard Deviation:,0,,,,
,,,,,
KO_10_day_MA_20240329.csv,200,0.2,0.5,50,0.01
10-day MA prediction after 5 days:,60.10948,,,,
Standard Deviation:,0,,,,
,,,,,
KO_10_day_MA_20240329.csv,200,0.2,0.5,50,0.1
10-day MA prediction after 5 days:,61.722023,,,,
Standard Deviation:,0,,,,
,,,,,
KO_10_day_MA_20240329.csv,200,0.2,0.5,100,0.001
10-day MA prediction after 5 days:,60.217663,,,,
Standard Deviation:,0,,,,
,,,,,
KO_10_day_MA_20240329.csv,200,0.2,0.5,100,0.01
10-day MA prediction after 5 days:,59.98092,,,,
Standard Deviation:,0,,,,
,,,,,
KO_10_day_MA_20240329.csv,200,0.2,0.5,100,0.1
10-day MA prediction after 5 days:,59.00819,,,,
Standard Deviation:,0,,,,
,,,,,
KO_10_day_MA_20240329.csv,200,0.2,0.5,150,0.001
10-day MA prediction after 5 days:,59.968792,,,,
Standard Deviation:,0,,,,
,,,,,
KO_10_day_MA_20240329.csv,200,0.2,0.5,150,0.01
10-day MA prediction after 5 days:,60.021908,,,,
Standard Deviation:,0,,,,
,,,,,
KO_10_day_MA_20240329.csv,200,0.2,0.5,150,0.1
10-day MA prediction after 5 days:,57.652252,,,,
Standard Deviation:,0,,,,
,,,,,
KO_10_day_MA_20240329.csv,200,0.2,0.5,200,0.001
10-day MA prediction after 5 days:,60.000275,,,,
Standard Deviation:,0,,,,
,,,,,
KO_10_day_MA_20240329.csv,200,0.2,0.5,200,0.01
10-day MA prediction after 5 days:,61.773273,,,,
Standard Deviation:,0,,,,
,,,,,
KO_10_day_MA_20240329.csv,200,0.2,0.5,200,0.1
10-day MA prediction after 5 days:,62.24435,,,,
Standard Deviation:,0,,,,
,,,,,
KO_10_day_MA_20240329.csv,200,0.3,0.1,50,0.001
10-day MA prediction after 5 days:,59.89555,,,,
Standard Deviation:,0,,,,
,,,,,
KO_10_day_MA_20240329.csv,200,0.3,0.1,50,0.01
10-day MA prediction after 5 days:,60.007164,,,,
Standard Deviation:,0,,,,
,,,,,
KO_10_day_MA_20240329.csv,200,0.3,0.1,50,0.1
10-day MA prediction after 5 days:,60.08555,,,,
Standard Deviation:,0,,,,
,,,,,
KO_10_day_MA_20240329.csv,200,0.3,0.1,100,0.001
10-day MA prediction after 5 days:,60.305504,,,,
Standard Deviation:,0,,,,
,,,,,
KO_10_day_MA_20240329.csv,200,0.3,0.1,100,0.01
10-day MA prediction after 5 days:,60.21101,,,,
Standard Deviation:,0,,,,
,,,,,
KO_10_day_MA_20240329.csv,200,0.3,0.1,100,0.1
10-day MA prediction after 5 days:,nan,,,,
Standard Deviation:,nan,,,,
,,,,,
KO_10_day_MA_20240329.csv,200,0.3,0.1,150,0.001
10-day MA prediction after 5 days:,60.094246,,,,
Standard Deviation:,0,,,,
,,,,,
KO_10_day_MA_20240329.csv,200,0.3,0.1,150,0.01
10-day MA prediction after 5 days:,59.989872,,,,
Standard Deviation:,0,,,,
,,,,,
KO_10_day_MA_20240329.csv,200,0.3,0.1,150,0.1
10-day MA prediction after 5 days:,57.449715,,,,
Standard Deviation:,0,,,,
,,,,,
KO_10_day_MA_20240329.csv,200,0.3,0.1,200,0.001
10-day MA prediction after 5 days:,60.004158,,,,
Standard Deviation:,0,,,,
,,,,,
KO_10_day_MA_20240329.csv,200,0.3,0.1,200,0.01
10-day MA prediction after 5 days:,60.338203,,,,
Standard Deviation:,0,,,,
,,,,,
KO_10_day_MA_20240329.csv,200,0.3,0.1,200,0.1
10-day MA prediction after 5 days:,57.688656,,,,
Standard Deviation:,0,,,,
,,,,,
KO_10_day_MA_20240329.csv,200,0.3,0.2,50,0.001
10-day MA prediction after 5 days:,60.009296,,,,
Standard Deviation:,0,,,,
,,,,,
KO_10_day_MA_20240329.csv,200,0.3,0.2,50,0.01
10-day MA prediction after 5 days:,60.191692,,,,
Standard Deviation:,0,,,,
,,,,,
KO_10_day_MA_20240329.csv,200,0.3,0.2,50,0.1
10-day MA prediction after 5 days:,59.676014,,,,
Standard Deviation:,0,,,,
,,,,,
KO_10_day_MA_20240329.csv,200,0.3,0.2,100,0.001
10-day MA prediction after 5 days:,60.244606,,,,
Standard Deviation:,0,,,,
,,,,,
KO_10_day_MA_20240329.csv,200,0.3,0.2,100,0.01
10-day MA prediction after 5 days:,59.86659,,,,
Standard Deviation:,0,,,,
,,,,,
KO_10_day_MA_20240329.csv,200,0.3,0.2,100,0.1
10-day MA prediction after 5 days:,60.798172,,,,
Standard Deviation:,0,,,,
,,,,,
KO_10_day_MA_20240329.csv,200,0.3,0.2,150,0.001
10-day MA prediction after 5 days:,60.036392,,,,
Standard Deviation:,0,,,,
,,,,,
KO_10_day_MA_20240329.csv,200,0.3,0.2,150,0.01
10-day MA prediction after 5 days:,59.916607,,,,
Standard Deviation:,0,,,,
,,,,,
KO_10_day_MA_20240329.csv,200,0.3,0.2,150,0.1
10-day MA prediction after 5 days:,57.541836,,,,
Standard Deviation:,0,,,,
,,,,,
KO_10_day_MA_20240329.csv,200,0.3,0.2,200,0.001
10-day MA prediction after 5 days:,59.99648,,,,
Standard Deviation:,0,,,,
,,,,,
KO_10_day_MA_20240329.csv,200,0.3,0.2,200,0.01
10-day MA prediction after 5 days:,60.697124,,,,
Standard Deviation:,0,,,,
,,,,,
KO_10_day_MA_20240329.csv,200,0.3,0.2,200,0.1
10-day MA prediction after 5 days:,63.47099,,,,
Standard Deviation:,0,,,,
,,,,,
KO_10_day_MA_20240329.csv,200,0.3,0.3,50,0.001
10-day MA prediction after 5 days:,59.8948,,,,
Standard Deviation:,0,,,,
,,,,,
KO_10_day_MA_20240329.csv,200,0.3,0.3,50,0.01
10-day MA prediction after 5 days:,60.266872,,,,
Standard Deviation:,0,,,,
,,,,,
KO_10_day_MA_20240329.csv,200,0.3,0.3,50,0.1
10-day MA prediction after 5 days:,60.169556,,,,
Standard Deviation:,0,,,,
,,,,,
KO_10_day_MA_20240329.csv,200,0.3,0.3,100,0.001
10-day MA prediction after 5 days:,60.26308,,,,
Standard Deviation:,0,,,,
,,,,,
KO_10_day_MA_20240329.csv,200,0.3,0.3,100,0.01
10-day MA prediction after 5 days:,60.15985,,,,
Standard Deviation:,0,,,,
,,,,,
KO_10_day_MA_20240329.csv,200,0.3,0.3,100,0.1
10-day MA prediction after 5 days:,nan,,,,
Standard Deviation:,nan,,,,
,,,,,
KO_10_day_MA_20240329.csv,200,0.3,0.3,150,0.001
10-day MA prediction after 5 days:,60.02077,,,,
Standard Deviation:,0,,,,
,,,,,
KO_10_day_MA_20240329.csv,200,0.3,0.3,150,0.01
10-day MA prediction after 5 days:,60.00834,,,,
Standard Deviation:,0,,,,
,,,,,
KO_10_day_MA_20240329.csv,200,0.3,0.3,150,0.1
10-day MA prediction after 5 days:,57.58219,,,,
Standard Deviation:,0,,,,
,,,,,
KO_10_day_MA_20240329.csv,200,0.3,0.3,200,0.001
10-day MA prediction after 5 days:,60.23507,,,,
Standard Deviation:,0,,,,
,,,,,
KO_10_day_MA_20240329.csv,200,0.3,0.3,200,0.01
10-day MA prediction after 5 days:,60.335434,,,,
Standard Deviation:,0,,,,
,,,,,
KO_10_day_MA_20240329.csv,200,0.3,0.3,200,0.1
10-day MA prediction after 5 days:,60.659515,,,,
Standard Deviation:,0,,,,
,,,,,
KO_10_day_MA_20240329.csv,200,0.3,0.5,50,0.001
10-day MA prediction after 5 days:,59.86267,,,,
Standard Deviation:,0,,,,
,,,,,
KO_10_day_MA_20240329.csv,200,0.3,0.5,50,0.01
10-day MA prediction after 5 days:,59.978935,,,,
Standard Deviation:,0,,,,
,,,,,
KO_10_day_MA_20240329.csv,200,0.3,0.5,50,0.1
10-day MA prediction after 5 days:,59.05891,,,,
Standard Deviation:,0,,,,
,,,,,
KO_10_day_MA_20240329.csv,200,0.3,0.5,100,0.001
10-day MA prediction after 5 days:,60.29064,,,,
Standard Deviation:,0,,,,
,,,,,
KO_10_day_MA_20240329.csv,200,0.3,0.5,100,0.01
10-day MA prediction after 5 days:,60.210594,,,,
Standard Deviation:,0,,,,
,,,,,
KO_10_day_MA_20240329.csv,200,0.3,0.5,100,0.1
10-day MA prediction after 5 days:,57.18065,,,,
Standard Deviation:,0,,,,
,,,,,
KO_10_day_MA_20240329.csv,200,0.3,0.5,150,0.001
10-day MA prediction after 5 days:,59.96941,,,,
Standard Deviation:,0,,,,
,,,,,
KO_10_day_MA_20240329.csv,200,0.3,0.5,150,0.01
10-day MA prediction after 5 days:,60.221584,,,,
Standard Deviation:,0,,,,
,,,,,
KO_10_day_MA_20240329.csv,200,0.3,0.5,150,0.1
10-day MA prediction after 5 days:,60.50127,,,,
Standard Deviation:,0,,,,
,,,,,
KO_10_day_MA_20240329.csv,200,0.3,0.5,200,0.001
10-day MA prediction after 5 days:,59.974762,,,,
Standard Deviation:,0,,,,
,,,,,
KO_10_day_MA_20240329.csv,200,0.3,0.5,200,0.01
10-day MA prediction after 5 days:,59.78971,,,,
Standard Deviation:,0,,,,
,,,,,
KO_10_day_MA_20240329.csv,200,0.3,0.5,200,0.1
10-day MA prediction after 5 days:,57.509632,,,,
Standard Deviation:,0,,,,